{
  "language": "en",
  "game": "ED_Horizons",
  "version": "1.52",
  "author": "Blue Mystic",
  "ui_groups": [
    {
      "Name": "Panel_UP",
      "Title": "Panel (Upper)",
      "Elements": [
        {
          "Category": "Panel Lines",
          "Title": "Panel Lines (upper)",
          "File": "Startup-Profile",
          "Section": "Constants",
          "Key": "y104",
          "Value": 1.0,
          "ValueType": "Preset",
          "Type": "PanelLinesUP",
          "Description": "[CTRL]+[F4]"
        }
      ]
    },
    {
      "Name": "Reticle",
      "Title": "Targeting Reticle",
      "Elements": [
        {
          "Category": "Targeting Reticle",
          "Title": "Targeting Reticle",
          "File": "Startup-Profile",
          "Section": "Constants",
          "Key": "x107",
          "Value": 1.0,
          "ValueType": "Preset",
          "Type": "TargetingReticle",
          "Description": "Cycle through reticle colours with [F7]"
        },
        {
          "Category": "Targeting Reticle",
          "Title": "Environment Target Colour",
          "File": "Startup-Profile",
          "Section": "Constants",
          "Key": "y107",
          "Value": 1.0,
          "ValueType": "Preset",
          "Type": "EnvironmentObject",
          "Description": "Indicates current and possible destination targets, such as planets, stations.\r\nCycle through Environment target Colours with [CTRL]+[F7]"
        }
      ]
    },
    {
      "Name": "Settings",
      "Title": "HUD Settings",
      "Elements": [
        {
          "Category": "Visuals",
          "Title": "Hud Dimmer",
          "File": "Startup-Profile",
          "Section": "Constants",
          "Key": "y100",
          "Value": 5.0,
          "ValueType": "Preset",
          "Type": "HudDimmer",
          "Description": "Cycle with [F5].\r\nThere are 6 levels of brightness (5,4,3,2,1,0)."
        },
        {
          "Category": "Visuals",
          "Title": "HUD and Panel Opacity Layer",
          "File": "Startup-Profile",
          "Section": "Constants",
          "Key": "z111",
          "Value": 1.0,
          "ValueType": "Preset",
          "Type": "HudOpacity",
          "Description": "The colour of the background behind the panels"
        },

        {
          "Category": "Texts",
          "Title": "Text Colour",
          "File": "Startup-Profile",
          "Section": "Constants",
          "Key": "w116",
          "Value": 1.0,
          "ValueType": "Preset",
          "Type": "TextColour",
          "Description": "If Text Colour is set to 4 then you can choose your own text colour."
        },
        {
          "Category": "Texts",
          "Title": "Text Custom Color",
          "File": null,
          "Section": "Constants",
          "Key": "x116|y116|z116",
          "Value": -1.0,
          "ValueType": "Color",
          "Type": "TextRGB",
          "Description": "Please note, the XML shader will overlay the text and modify the text colour. There is no way to prevent this from happening."
        },
        {
          "Category": "Texts",
          "Title": "Text Brightness",
          "File": "Startup-Profile",
          "Section": "Constants",
          "Key": "w151",
          "Value": 1.0,
          "ValueType": "Brightness",
          "Type": "Brightness",
          "Description": "Brightness for Texts"
        }
      ]
    },
    {
      "Name": "Panel_Lower",
      "Title": "Panel (Lower)",
      "Elements": [
        {
          "Category": "Visuals",
          "Title": "Panel Lines (lower)",
          "File": "Startup-Profile",
          "Section": "Constants",
          "Key": "z104",
          "Value": 1.0,
          "ValueType": "Preset",
          "Type": "PanelLinesLOW",
          "Description": "[ALT]+[F4]"
        },
        {
          "Category": "Visuals",
          "Title": "Panel Opacity Boost",
          "File": "Startup-Profile",
          "Section": "Constants",
          "Key": "x111",
          "Value": 0.0,
          "ValueType": "Brightness",
          "Type": "Brightness",
          "Description": "Transparency of the Shadows behind Panels and HUD elements."
        }
      ]
    },
    {
      "Name": "Lighting",
      "Title": "Cabin Lighting",
      "Elements": [
        {
          "Category": "Cabin Lighting",
          "Title": "Ambient Cabin Lights",
          "File": "Startup-Profile",
          "Section": "Constants",
          "Key": "x103",
          "Value": 1.0,
          "ValueType": "Preset",
          "Type": "AmbientLights",
          "Description": "Cycle with [CTRL]+[F6]."
        },
        {
          "Category": "Cabin Lighting",
          "Title": "Cabin Lighting Style",
          "File": "Startup-Profile",
          "Section": "Constants",
          "Key": "z115",
          "Value": 1.0,
          "ValueType": "Preset",
          "Type": "CabinLightingStyle",
          "Description": "Restricted (Elite standard, cabin light doesn't cover whole cockpit)"
        },
        {
          "Category": "Cabin Lighting",
          "Title": "Night Vision",
          "File": "Startup-Profile",
          "Section": "Constants",
          "Key": "x112",
          "Value": 1.0,
          "ValueType": "Preset",
          "Type": "NightVision",
          "Description": "Night Vision"
        },
        {
          "Category": "Cabin Lighting",
          "Title": "Lighting Dimmer",
          "File": "Startup-Profile",
          "Section": "Constants",
          "Key": "w103",
          "Value": 1.0,
          "ValueType": "Brightness",
          "Type": "Brightness",
          "Description": "Cycle with [F6]. Each press of F6 reduces the cabin lighting brightness by 0.2 (20%)"
        }
      ]
    },
    {
      "Name": "SpecialFX",
      "Title": "Special Efects",
      "Elements": [
        {
          "Category": "Special Efects",
          "Title": "OwnCarrier Highlight",
          "File": "Startup-Profile",
          "Section": "Constants",
          "Key": "y122",
          "Value": 1.0,
          "ValueType": "ONOFF",
          "Type": "ONOFF",
          "Description": "OwnCarrier Highlight on Nav panel (also highlights the current planetary bearing indicator on the landing reticle/SRV).\r\n(OFF will show the XML matrix colour)"
        },
        {
          "Category": "Special Efects",
          "Title": "OwnCarrier Highlight Color",
          "File": "Startup-Profile",
          "Section": "Constants",
          "Key": "z122",
          "Value": 1.0,
          "ValueType": "Preset",
          "Type": "OwnCarrierHighlightColor",
          "Description": "Note: A custom XML will modify this colour. Base colour refers to the colour on orange Elite panels."
        },
        {
          "Category": "Special Efects",
          "Title": "Orbit Lines",
          "File": "Startup-Profile",
          "Section": "Constants",
          "Key": "x117",
          "Value": 5.0,
          "ValueType": "Preset",
          "Type": "OrbitLines",
          "Description": "Orbit Lines (and Exclusion Zone Lines) & Gravity Well Lines ** (Supercruise only)"
        },
        {
          "Category": "Special Efects",
          "Title": "Orbit Lines Brightness",
          "File": "Startup-Profile",
          "Section": "Constants",
          "Key": "y117",
          "Value": 0.3,
          "ValueType": "Brightness",
          "Type": "Brightness",
          "Description": "Orbit Lines Brightness. Try 0.05 or 0.1 for very dim lines. Turn off with 0.0"
        },
        {
          "Category": "Special Efects",
          "Title": "Gravity Well Lines",
          "File": "Startup-Profile",
          "Section": "Constants",
          "Key": "z117",
          "Value": 2.0,
          "ValueType": "Preset",
          "Type": "GravityWell",
          "Description": "Gravity Well Lines colour"
        },
        {
          "Category": "Special Efects",
          "Title": "Gravity Well Brightness",
          "File": "Startup-Profile",
          "Section": "Constants",
          "Key": "w117",
          "Value": 0.1,
          "ValueType": "Brightness",
          "Type": "Brightness",
          "Description": "Gravity Well Lines Brightness"
        },
        {
          "Category": "Special Efects",
          "Title": "Planetary Landing Reticle",
          "File": "Startup-Profile",
          "Section": "Constants",
          "Key": "z107",
          "Value": 2.0,
          "ValueType": "Preset",
          "Type": "PlanetaryLandingReticle",
          "Description": "Planetary Landing Reticle ** Bearing and descent angle bars"
        },
        {
          "Category": "Supercruise",
          "Title": "Supercruise Speed Lines",
          "File": "Startup-Profile",
          "Section": "Constants",
          "Key": "z120",
          "Value": 1.0,
          "ValueType": "Preset",
          "Type": "SupercruiseSpeedLines",
          "Description": "supercruise speed lines colour"
        },
        {
          "Category": "Supercruise",
          "Title": "Supercruise Speed Lines Brightness",
          "File": "Startup-Profile",
          "Section": "Constants",
          "Key": "w120",
          "Value": 0.6,
          "ValueType": "Brightness",
          "Type": "Brightness",
          "Description": "Supercruise Speed Lines Brightness ** (range 0 to 1) (0 = OFF)"
        },
        {
          "Category": "Supercruise",
          "Title": "Supercruise Dust",
          "File": "Startup-Profile",
          "Section": "Constants",
          "Key": "x121",
          "Value": 2.0,
          "ValueType": "Preset",
          "Type": "SupercruiseSnow",
          "Description": "Supercruise Snow / Convergent white lines"
        },
        {
          "Category": "Supercruise",
          "Title": "Supercruise Dust Brightness",
          "File": "Startup-Profile",
          "Section": "Constants",
          "Key": "y121",
          "Value": 1.0,
          "ValueType": "Brightness",
          "Type": "Brightness",
          "Description": ""
        },
        {
          "Category": "Special Efects",
          "Title": "Space Dust",
          "File": "Startup-Profile",
          "Section": "Constants",
          "Key": "z121",
          "Value": 1.0,
          "ValueType": "ONOFF",
          "Type": "ONOFF",
          "Description": "Space Dust (in normal flight)"
        },
        {
          "Category": "Special Efects",
          "Title": "DSS Overlay",
          "File": "Startup-Profile",
          "Section": "Constants",
          "Key": "w123",
          "Value": 1.0,
          "ValueType": "ONOFF",
          "Type": "ONOFF",
          "Description": "Setting to OFF will remove the green / blue overlay while the DSS is not active"
        },
        {
          "Category": "Special Efects",
          "Title": "Dirty streaks on canopy windows",
          "File": "Startup-Profile",
          "Section": "Constants",
          "Key": "y112",
          "Value": 1.0,
          "ValueType": "ONOFF",
          "Type": "ONOFF",
          "Description": "You can turn off the dirty streaks on the canopy windows if you prefer a 'cleaner' look :)"
        }
      ]
    },
    {
      "Name": "CHUD_AHUD",
      "Title": "Combat & Analysis HUD",
      "Elements": [
        {
          "Category": "Combat & Analysis HUD",
          "Title": "Use XML",
          "File": "Startup-Profile",
          "Section": "Constants",
          "Key": "w113",
          "Value": 1.0,
          "ValueType": "ONOFF",
          "Type": "ONOFF",
          "Description": "Toggle XML for CHUD & A-HUD ** [CTRL ALT X]\r\nFor technical reasons we cannot mix EDHM CHUD/A-HUD colours with XML CHUD/A-HUD colours (it causes glitches with some combinations)"
        },
        {
          "Category": "Combat & Analysis HUD",
          "Title": "Brightness",
          "File": "Startup-Profile",
          "Section": "Constants",
          "Key": "x122",
          "Value": 1.0,
          "ValueType": "Brightness",
          "Type": "2X",
          "Description": "AHUD & CHUD Brightness"
        },

        {
          "Category": "Combat HUD",
          "Title": "CHud Color",
          "File": "Startup-Profile",
          "Section": "Constants",
          "Key": "x105",
          "Value": 1.0,
          "ValueType": "Preset",
          "Type": "CombatHUD",
          "Description": "Cycle through CHUD colours with [CTRL]+[F2]"
        },
        {
          "Category": "Combat HUD",
          "Title": "CHud Mode",
          "File": "Startup-Profile",
          "Section": "Constants",
          "Key": "y105",
          "Value": 1.0,
          "ValueType": "Preset",
          "Type": "CombatHudMode",
          "Description": "[SHIFT]+[F2] to swap between modes"
        },

        {
          "Category": "Analysis HUD",
          "Title": "AHud Inner Lines",
          "File": "Startup-Profile",
          "Section": "Constants",
          "Key": "y113",
          "Value": 1.0,
          "ValueType": "Preset",
          "Type": "AnalysisHUD",
          "Description": "Cycle through A-HUD colours with [ALT]+[F2]."
        },
        {
          "Category": "Analysis HUD",
          "Title": "AHud Outer Lines",
          "File": "Startup-Profile",
          "Section": "Constants",
          "Key": "z113",
          "Value": 1.0,
          "ValueType": "Preset",
          "Type": "AnalysisHUD",
          "Description": "Cycling through colours will change both the inner lines and the outer lines together."
        }
      ]
    },
    {
      "Name": "RadarHUD",
      "Title": "Radar & Common Group",
      "Elements": [
        {
          "Category": "Common Group",
          "Title": "HUD Common Group",
          "File": "Startup-Profile",
          "Section": "Constants",
          "Key": "x104",
          "Value": 1.0,
          "ValueType": "Preset",
          "Type": "CommonGroup",
          "Description": "[CTRL]+[F5]. The Common Group comprises the fuel bar, indicator lights, hologram swirls, ship status bar, hull bar, and outer radar elements"
        },
        {
          "Category": "Radar",
          "Title": "Radar Colour",
          "File": "Startup-Profile",
          "Section": "Constants",
          "Key": "y106",
          "Value": 1.0,
          "ValueType": "Preset",
          "Type": "RadarColor",
          "Description": "Cycle through radar colours with [F4]"
        },
        {
          "Category": "Radar",
          "Title": "Inner Radar Brightness",
          "File": "Startup-Profile",
          "Section": "Constants",
          "Key": "w152",
          "Value": 1.0,
          "ValueType": "Brightness",
          "Type": "Brightness",
          "Description": ""
        },
        {
          "Category": "Radar",
          "Title": "Outer Radar Brightness",
          "File": "Startup-Profile",
          "Section": "Constants",
          "Key": "x106",
          "Value": 1.0,
          "ValueType": "Brightness",
          "Type": "Brightness",
          "Description": ""
        },
        {
          "Category": "Radar",
          "Title": "Radar White-coloured Objects",
          "File": "Startup-Profile",
          "Section": "Constants",
          "Key": "x115",
          "Value": 1.0,
          "ValueType": "ONOFF",
          "Type": "ONOFF",
          "Description": "Turn off white-coloured objects on the radar (materials, wakes, etc). Toggle with [CTRL]+[ALT]+[W]"
        }
      ]
    },
    {
      "Name": "ShieldsHolo",
      "Title": "Shield & Holo Ship",
      "Elements": [
        {
          "Category": "Shields",
          "Title": "Shield Color",
          "File": "Startup-Profile",
          "Section": "Constants",
          "Key": "z105",
          "Value": 10.0,
          "ValueType": "Preset",
          "Type": "ShieldColor",
          "Description": "Cycle with [F2]"
        },
        {
          "Category": "Own Ship Hologram",
          "Title": "Hologram Mode",
          "File": "Startup-Profile",
          "Section": "Constants",
          "Key": "x101",
          "Value": 2.0,
          "ValueType": "Preset",
          "Type": "OwnShipHoloMode",
          "Description": "Ship only, not SRV [CTRL]+[F3]"
        },
        {
          "Category": "Own Ship Hologram",
          "Title": "Holo Color",
          "File": "Startup-Profile",
          "Section": "Constants",
          "Key": "y101",
          "Value": 1.0,
          "ValueType": "Preset",
          "Type": "OwnShipHolo",
          "Description": "Cycle through OwnShip hologram colours with [F3]"
        },
        {
          "Category": "Own Ship Hologram",
          "Title": "Hologram Dimmer",
          "File": "Startup-Profile",
          "Section": "Constants",
          "Key": "z101",
          "Value": 1.0,
          "ValueType": "Brightness",
          "Type": "Brightness",
          "Description": "Each press of [ALT]+[F3] dims the hologram by 10% (1.0, 0.9, 0.8, 0.7, etc)"
        },
        {
          "Category": "Own Ship Hologram",
          "Title": "Hologram Shimmer",
          "File": "Startup-Profile",
          "Section": "Constants",
          "Key": "z109",
          "Value": 1.0,
          "ValueType": "ONOFF",
          "Type": "ONOFF",
          "Description": "shimmering lines on the Holo"
        },
        {
          "Category": "Target Ship Hologram",
          "Title": "Target Hologram Custom Color",
          "File": "Custom",
          "Section": "Constants",
          "Key": "x72|y72|z72",
          "Value": -1.0,
          "ValueType": "Color",
          "Type": "CustomColor",
          "Description": "Custom Color for Target Hologram - Neutral Colour."
        },
        {
          "Category": "Target Ship Hologram",
          "Title": "Target Hologram Brightness",
          "File": "Custom",
          "Section": "Constants",
          "Key": "w72",
          "Value": 1.0,
          "ValueType": "Brightness",
          "Type": "Brightness",
          "Description": "Brightness for Target Hologram - Neutral Colour."
        },
        {
          "Category": "Target Ship Hologram",
          "Title": "Target Hologram Shimmer",
          "File": "Startup-Profile",
          "Section": "Constants",
          "Key": "w109",
          "Value": 1.0,
          "ValueType": "ONOFF",
          "Type": "ONOFF",
          "Description": "shimmering lines on the Holo"
        }
      ]
    },
    {
      "Name": "Power_Distributor",
      "Title": "Power Distributor",
      "Elements": [
        {
          "Category": "Distributor",
          "Title": "Power Distributor",
          "File": "Startup-Profile",
          "Section": "Constants",
          "Key": "y108",
          "Value": 1.0,
          "ValueType": "Preset",
          "Type": "PowerDistributor",
          "Description": "[ALT]+[F5]"
        }
      ]
    },
    {
      "Name": "FuelBars",
      "Title": "Signature & Fuel Bars",
      "Elements": [
        {
          "Category": "Signature Bar",
          "Title": "Signature Bar Colour",
          "File": "Startup-Profile",
          "Section": "Constants",
          "Key": "w106",
          "Value": 1.0,
          "ValueType": "Preset",
          "Type": "SignatureBar",
          "Description": "Cycle through Signature Bar colours (looks like a radio signal) colours with [SHIFT]+[F4]"
        }
      ]
    },
    {
      "Name": "StationsPanels",
      "Title": "Ship & Stations Panels",
      "Elements": [

      ]
    },
    {
      "Name": "Foot_HUD",
      "Title": "On Foot HUD",
      "Elements": [

      ]
    }
  ],
  "Presets": [
    {
      "Type": "ONOFF",
      "Name": "On",
      "Index": 1.0
    },
    {
      "Type": "ONOFF",
      "Name": "Off",
      "Index": 0.0
    },
    {
      "Type": "Brightness",
      "Name": "High",
      "Index": 1.0
    },
    {
      "Type": "Brightness",
      "Name": "Medium",
      "Index": 0.6
    },
    {
      "Type": "Brightness",
      "Name": "Low",
      "Index": 0.3
    },
    {
      "Type": "Brightness",
      "Name": "Barely Visible",
      "Index": 0.1
    },
    {
      "Type": "HudDimmer",
      "Name": "Bright",
      "Index": 5.0
    },
    {
      "Type": "HudDimmer",
      "Name": "Bright",
      "Index": 4.0
    },
    {
      "Type": "HudDimmer",
      "Name": "Medium",
      "Index": 3.0
    },
    {
      "Type": "HudDimmer",
      "Name": "Bright",
      "Index": 2.0
    },
    {
      "Type": "HudDimmer",
      "Name": "Low",
      "Index": 1.0
    },
    {
      "Type": "HudDimmer",
      "Name": "Bright",
      "Index": 0.0
    },
    {
      "Type": "CabinLightingStyle",
      "Name": "Full",
      "Index": 0.0
    },
    {
      "Type": "CabinLightingStyle",
      "Name": "Restricted",
      "Index": 1.0
    },
    {
      "Type": "AmbientLights",
      "Name": "EDHM Blue",
      "Index": 1.0
    },
    {
      "Type": "AmbientLights",
      "Name": "Tie Fighter Red",
      "Index": 2.0
    },
    {
      "Type": "AmbientLights",
      "Name": "Orange",
      "Index": 3.0
    },
    {
      "Type": "AmbientLights",
      "Name": "Feldgrau",
      "Index": 4.0
    },
    {
      "Type": "AmbientLights",
      "Name": "Apple Green",
      "Index": 5.0
    },
    {
      "Type": "AmbientLights",
      "Name": "Federation Green",
      "Index": 6.0
    },
    {
      "Type": "AmbientLights",
      "Name": "Aqua / Cyan",
      "Index": 7.0
    },
    {
      "Type": "AmbientLights",
      "Name": "Light blue",
      "Index": 8.0
    },
    {
      "Type": "AmbientLights",
      "Name": "Aisling Blue",
      "Index": 9.0
    },
    {
      "Type": "AmbientLights",
      "Name": "Yellow Submarine",
      "Index": 10.0
    },
    {
      "Type": "AmbientLights",
      "Name": "Dark Violet",
      "Index": 11.0
    },
    {
      "Type": "AmbientLights",
      "Name": "Electric  Purple",
      "Index": 12.0
    },
    {
      "Type": "AmbientLights",
      "Name": "Tyrian Purple",
      "Index": 13.0
    },
    {
      "Type": "AmbientLights",
      "Name": "Brown One",
      "Index": 14.0
    },
    {
      "Type": "AmbientLights",
      "Name": "Saud Kruger Brown",
      "Index": 15.0
    },
    {
      "Type": "AmbientLights",
      "Name": "Standard Elite Orange",
      "Index": 16.0
    },
    {
      "Type": "AmbientLights",
      "Name": "Bi-colour Blue-Pink",
      "Index": 17.0
    },
    {
      "Type": "AmbientLights",
      "Name": "Christmas Green",
      "Index": 18.0
    },
    {
      "Type": "AmbientLights",
      "Name": "White",
      "Index": 19.0
    },
    {
      "Type": "AmbientLights",
      "Name": "Hot Pink",
      "Index": 20.0
    },
    {
      "Type": "AmbientLights",
      "Name": "Astro Blue",
      "Index": 21.0
    },
    {
      "Type": "AmbientLights",
      "Name": "Apple Green",
      "Index": 22.0
    },
    {
      "Type": "AmbientLights",
      "Name": "Steel Bluee",
      "Index": 23.0
    },
    {
      "Type": "AmbientLights",
      "Name": "XML (User Defined)",
      "Index": 199.0
    },
    {
      "Type": "HudOpacity",
      "Name": "Dark Space Grey",
      "Index": 1.0
    },
    {
      "Type": "HudOpacity",
      "Name": "XML (User Defined)",
      "Index": 2.0
    },
    {
      "Type": "HudOpacity",
      "Name": "EDHM v1.4",
      "Index": 3.0
    },
    {
      "Type": "HudOpacity",
      "Name": "Original Elite orange",
      "Index": 4.0
    },
    {
      "Type": "CommonGroup",
      "Name": "White / Light Grey",
      "Index": 1.0
    },
    {
      "Type": "CommonGroup",
      "Name": "Yellow",
      "Index": 2.0
    },
    {
      "Type": "CommonGroup",
      "Name": "Light Green",
      "Index": 3.0
    },
    {
      "Type": "CommonGroup",
      "Name": "Green",
      "Index": 4.0
    },
    {
      "Type": "CommonGroup",
      "Name": "Brown One",
      "Index": 5.0
    },
    {
      "Type": "CommonGroup",
      "Name": "Saud Kruger Brown",
      "Index": 6.0
    },
    {
      "Type": "CommonGroup",
      "Name": "Light Red / Pink",
      "Index": 7.0
    },
    {
      "Type": "CommonGroup",
      "Name": "Rebel Red",
      "Index": 8.0
    },
    {
      "Type": "CommonGroup",
      "Name": "Grey-Blue",
      "Index": 9.0
    },
    {
      "Type": "CommonGroup",
      "Name": "Pale Blue",
      "Index": 10.0
    },
    {
      "Type": "CommonGroup",
      "Name": "Old Duck Blue",
      "Index": 11.0
    },
    {
      "Type": "CommonGroup",
      "Name": "Aisling Blue",
      "Index": 12.0
    },
    {
      "Type": "CommonGroup",
      "Name": "Federation Army Camo",
      "Index": 13.0
    },
    {
      "Type": "CommonGroup",
      "Name": "Christmas",
      "Index": 14.0
    },
    {
      "Type": "CommonGroup",
      "Name": "Cornflower",
      "Index": 15.0
    },
    {
      "Type": "CommonGroup",
      "Name": "XML (User Defined)",
      "Index": 199.0
    },
    {
      "Type": "TargetingReticle",
      "Name": "Pink / Red / Purple / Green",
      "Index": 1.0
    },
    {
      "Type": "TargetingReticle",
      "Name": "Green / Blue / Purple / Yellow",
      "Index": 2.0
    },
    {
      "Type": "TargetingReticle",
      "Name": "Light blue / Dark Blue / Orange / Red",
      "Index": 3.0
    },
    {
      "Type": "TargetingReticle",
      "Name": "Ultraviolet",
      "Index": 4.0
    },
    {
      "Type": "TargetingReticle",
      "Name": "Light Blue",
      "Index": 5.0
    },
    {
      "Type": "TargetingReticle",
      "Name": "White / Light Grey",
      "Index": 6.0
    },
    {
      "Type": "TargetingReticle",
      "Name": "Cyan",
      "Index": 7.0
    },
    {
      "Type": "TargetingReticle",
      "Name": "Christmas",
      "Index": 8.0
    },
    {
      "Type": "TargetingReticle",
      "Name": "Adaptive by 'The Blaster' McQuinn",
      "Index": 9.0
    },
    {
      "Type": "TargetingReticle",
      "Name": "XML (User Defined)",
      "Index": 199.0
    },
    {
      "Type": "ShieldColor",
      "Name": "Red gradient",
      "Index": 1.0
    },
    {
      "Type": "ShieldColor",
      "Name": "Green gradient",
      "Index": 2.0
    },
    {
      "Type": "ShieldColor",
      "Name": "Blue / Pink",
      "Index": 3.0
    },
    {
      "Type": "ShieldColor",
      "Name": "Yellow / Green",
      "Index": 4.0
    },
    {
      "Type": "ShieldColor",
      "Name": "Yellow / Red",
      "Index": 5.0
    },
    {
      "Type": "ShieldColor",
      "Name": "Light Pink / Dark Pink",
      "Index": 6.0
    },
    {
      "Type": "ShieldColor",
      "Name": "Blue Rims",
      "Index": 7.0
    },
    {
      "Type": "ShieldColor",
      "Name": "Green Rims",
      "Index": 8.0
    },
    {
      "Type": "ShieldColor",
      "Name": "Xiba variant",
      "Index": 9.0
    },
    {
      "Type": "ShieldColor",
      "Name": "Purple",
      "Index": 10.0
    },
    {
      "Type": "ShieldColor",
      "Name": "Camo",
      "Index": 11.0
    },
    {
      "Type": "ShieldColor",
      "Name": "Christmas",
      "Index": 12.0
    },
    {
      "Type": "ShieldColor",
      "Name": "Kaos shield",
      "Index": 13.0
    },
    {
      "Type": "ShieldColor",
      "Name": "White",
      "Index": 14.0
    },
    {
      "Type": "ShieldColor",
      "Name": "Aisling Blue",
      "Index": 15.0
    },
    {
      "Type": "ShieldColor",
      "Name": "Original Elite (blue)",
      "Index": 16.0
    },
    {
      "Type": "ShieldColor",
      "Name": "Invisible",
      "Index": 17.0
    },
    {
      "Type": "ShieldColor",
      "Name": "Riptide",
      "Index": 18.0
    },
    {
      "Type": "ShieldColor",
      "Name": "Pine Glade",
      "Index": 19.0
    },
    {
      "Type": "ShieldColor",
      "Name": "Airlock Blue",
      "Index": 20.0
    },
    {
      "Type": "ShieldColor",
      "Name": "XML (User Defined)",
      "Index": 199.0
    },
    {
      "Type": "OwnShipHolo",
      "Name": "Tron Blue",
      "Index": 1.0
    },
    {
      "Type": "OwnShipHolo",
      "Name": "Blue",
      "Index": 2.0
    },
    {
      "Type": "OwnShipHolo",
      "Name": "Tron Green",
      "Index": 3.0
    },
    {
      "Type": "OwnShipHolo",
      "Name": "Green",
      "Index": 4.0
    },
    {
      "Type": "OwnShipHolo",
      "Name": "Tron Red",
      "Index": 5.0
    },
    {
      "Type": "OwnShipHolo",
      "Name": "Rebel Red",
      "Index": 6.0
    },
    {
      "Type": "OwnShipHolo",
      "Name": "Tron Yellow",
      "Index": 7.0
    },
    {
      "Type": "OwnShipHolo",
      "Name": "Yellow",
      "Index": 8.0
    },
    {
      "Type": "OwnShipHolo",
      "Name": "Tron Purple",
      "Index": 9.0
    },
    {
      "Type": "OwnShipHolo",
      "Name": "Purple",
      "Index": 10.0
    },
    {
      "Type": "OwnShipHolo",
      "Name": "Tron White",
      "Index": 11.0
    },
    {
      "Type": "OwnShipHolo",
      "Name": "Brown",
      "Index": 12.0
    },
    {
      "Type": "OwnShipHolo",
      "Name": "Camo Green",
      "Index": 13.0
    },
    {
      "Type": "OwnShipHolo",
      "Name": "Taupe",
      "Index": 14.0
    },
    {
      "Type": "OwnShipHolo",
      "Name": "Tron Blue MkII",
      "Index": 15.0
    },
    {
      "Type": "OwnShipHolo",
      "Name": "XML (User Defined)",
      "Index": 199.0
    },
    {
      "Type": "OwnShipHoloMode",
      "Name": "Semi-Tron",
      "Index": 1.0
    },
    {
      "Type": "OwnShipHoloMode",
      "Name": "Full-Tron",
      "Index": 2.0
    },
    {
      "Type": "OwnShipHoloMode",
      "Name": "Traditional",
      "Index": 3.0
    },
    {
      "Type": "OwnShipHoloDim",
      "Name": "Hight (Default)",
      "Index": 1.0
    },
    {
      "Type": "OwnShipHoloDim",
      "Name": "Medium",
      "Index": 0.6
    },
    {
      "Type": "OwnShipHoloDim",
      "Name": "Low",
      "Index": 0.2
    },
    {
      "Type": "PowerDistributor",
      "Name": "White",
      "Index": 1.0
    },
    {
      "Type": "PowerDistributor",
      "Name": "Yellow",
      "Index": 2.0
    },
    {
      "Type": "PowerDistributor",
      "Name": "Light Green",
      "Index": 3.0
    },
    {
      "Type": "PowerDistributor",
      "Name": "Green",
      "Index": 4.0
    },
    {
      "Type": "PowerDistributor",
      "Name": "Brown One",
      "Index": 5.0
    },
    {
      "Type": "PowerDistributor",
      "Name": "Saud Kruger Brown",
      "Index": 6.0
    },
    {
      "Type": "PowerDistributor",
      "Name": "Light Red / Pink",
      "Index": 7.0
    },
    {
      "Type": "PowerDistributor",
      "Name": "Rebel Red",
      "Index": 8.0
    },
    {
      "Type": "PowerDistributor",
      "Name": "Grey-Blue",
      "Index": 9.0
    },
    {
      "Type": "PowerDistributor",
      "Name": "Pale Blue",
      "Index": 10.0
    },
    {
      "Type": "PowerDistributor",
      "Name": "Old Duck Blue",
      "Index": 11.0
    },
    {
      "Type": "PowerDistributor",
      "Name": "Aisling Blue",
      "Index": 12.0
    },
    {
      "Type": "PowerDistributor",
      "Name": "Federation Army Camo",
      "Index": 13.0
    },
    {
      "Type": "PowerDistributor",
      "Name": "Purple",
      "Index": 14.0
    },
    {
      "Type": "PowerDistributor",
      "Name": "Green-Yellow-Red",
      "Index": 15.0
    },
    {
      "Type": "PowerDistributor",
      "Name": "Blue-White-Red",
      "Index": 16.0
    },
    {
      "Type": "PowerDistributor",
      "Name": "Christmas",
      "Index": 17.0
    },
    {
      "Type": "PowerDistributor",
      "Name": "Cornflower Blue",
      "Index": 18.0
    },
    {
      "Type": "PowerDistributor",
      "Name": "Elite Orange",
      "Index": 19.0
    },
    {
      "Type": "PowerDistributor",
      "Name": "XML (User Defined)",
      "Index": 199.0
    },
    {
      "Type": "PanelLinesUP",
      "Name": "EDHM Blue",
      "Index": 1.0
    },
    {
      "Type": "PanelLinesUP",
      "Name": "Yellow",
      "Index": 2.0
    },
    {
      "Type": "PanelLinesUP",
      "Name": "Light Green",
      "Index": 3.0
    },
    {
      "Type": "PanelLinesUP",
      "Name": "Green",
      "Index": 4.0
    },
    {
      "Type": "PanelLinesUP",
      "Name": "Brown One",
      "Index": 5.0
    },
    {
      "Type": "PanelLinesUP",
      "Name": "SK Brown",
      "Index": 6.0
    },
    {
      "Type": "PanelLinesUP",
      "Name": "Light Red",
      "Index": 7.0
    },
    {
      "Type": "PanelLinesUP",
      "Name": "Rebel Red",
      "Index": 8.0
    },
    {
      "Type": "PanelLinesUP",
      "Name": "Grey-Blue",
      "Index": 9.0
    },
    {
      "Type": "PanelLinesUP",
      "Name": "Pale Blue",
      "Index": 10.0
    },
    {
      "Type": "PanelLinesUP",
      "Name": "Old Duck Blue",
      "Index": 11.0
    },
    {
      "Type": "PanelLinesUP",
      "Name": "Aisling Blue",
      "Index": 12.0
    },
    {
      "Type": "PanelLinesUP",
      "Name": "Federation Army Camo",
      "Index": 13.0
    },
    {
      "Type": "PanelLinesUP",
      "Name": "Bright Red",
      "Index": 14.0
    },
    {
      "Type": "PanelLinesUP",
      "Name": "Christmas",
      "Index": 15.0
    },
    {
      "Type": "PanelLinesUP",
      "Name": "Cornflower Brown",
      "Index": 16.0
    },
    {
      "Type": "PanelLinesUP",
      "Name": "XML (User Defined)",
      "Index": 199.0
    },
    {
      "Type": "PanelLinesLOW",
      "Name": "EDHM Blue",
      "Index": 1.0
    },
    {
      "Type": "PanelLinesLOW",
      "Name": "Yellow",
      "Index": 2.0
    },
    {
      "Type": "PanelLinesLOW",
      "Name": "Light Green",
      "Index": 3.0
    },
    {
      "Type": "PanelLinesLOW",
      "Name": "Green",
      "Index": 4.0
    },
    {
      "Type": "PanelLinesLOW",
      "Name": "Brown One",
      "Index": 5.0
    },
    {
      "Type": "PanelLinesLOW",
      "Name": "SK Brown",
      "Index": 6.0
    },
    {
      "Type": "PanelLinesLOW",
      "Name": "Light Red",
      "Index": 7.0
    },
    {
      "Type": "PanelLinesLOW",
      "Name": "Rebel Red",
      "Index": 8.0
    },
    {
      "Type": "PanelLinesLOW",
      "Name": "Grey-Blue",
      "Index": 9.0
    },
    {
      "Type": "PanelLinesLOW",
      "Name": "Pale Blue",
      "Index": 10.0
    },
    {
      "Type": "PanelLinesLOW",
      "Name": "Old Duck Blue",
      "Index": 11.0
    },
    {
      "Type": "PanelLinesLOW",
      "Name": "Aisling Blue",
      "Index": 12.0
    },
    {
      "Type": "PanelLinesLOW",
      "Name": "Federation Army Camo",
      "Index": 13.0
    },
    {
      "Type": "PanelLinesLOW",
      "Name": "Bright Red",
      "Index": 14.0
    },
    {
      "Type": "PanelLinesLOW",
      "Name": "XML (User Defined)",
      "Index": 199.0
    },
    {
      "Type": "CHUDBrightness",
      "Name": "Hight (Default)",
      "Index": 1.0
    },
    {
      "Type": "CHUDBrightness",
      "Name": "Medium",
      "Index": 0.6
    },
    {
      "Type": "CHUDBrightness",
      "Name": "Low",
      "Index": 0.2
    },
    {
      "Type": "CombatHUD",
      "Name": "EDHM Purple",
      "Index": 1.0
    },
    {
      "Type": "CombatHUD",
      "Name": "Yellow",
      "Index": 2.0
    },
    {
      "Type": "CombatHUD",
      "Name": "Light Green",
      "Index": 3.0
    },
    {
      "Type": "CombatHUD",
      "Name": "Green",
      "Index": 4.0
    },
    {
      "Type": "CombatHUD",
      "Name": "Brown One",
      "Index": 5.0
    },
    {
      "Type": "CombatHUD",
      "Name": "SK Brown",
      "Index": 6.0
    },
    {
      "Type": "CombatHUD",
      "Name": "Light Red",
      "Index": 7.0
    },
    {
      "Type": "CombatHUD",
      "Name": "Rebel Red",
      "Index": 8.0
    },
    {
      "Type": "CombatHUD",
      "Name": "Grey-blue",
      "Index": 9.0
    },
    {
      "Type": "CombatHUD",
      "Name": "Light Blue",
      "Index": 10.0
    },
    {
      "Type": "CombatHUD",
      "Name": "Old Duck Blue",
      "Index": 11.0
    },
    {
      "Type": "CombatHUD",
      "Name": "Aisling Blue",
      "Index": 12.0
    },
    {
      "Type": "CombatHUD",
      "Name": "Federation Army Camo",
      "Index": 13.0
    },
    {
      "Type": "CombatHUD",
      "Name": "Bright Green",
      "Index": 14.0
    },
    {
      "Type": "CombatHUD",
      "Name": "Bright Red",
      "Index": 15.0
    },
    {
      "Type": "CombatHUD",
      "Name": "Orange",
      "Index": 16.0
    },
    {
      "Type": "CombatHUD",
      "Name": "Synthwave Pink-Blue",
      "Index": 17.0
    },
    {
      "Type": "CombatHUD",
      "Name": "Synthwave Green-Yellow",
      "Index": 18.0
    },
    {
      "Type": "CombatHUD",
      "Name": "Christmas ",
      "Index": 19.0
    },

    {
      "Type": "CombatHudMode",
      "Name": "Bird-of-prey",
      "Index": 1.0
    },
    {
      "Type": "CombatHudMode",
      "Name": "Normal",
      "Index": 2.0
    },
    {
      "Type": "AnalysisHUD",
      "Name": "Mauve",
      "Index": 1.0
    },
    {
      "Type": "AnalysisHUD",
      "Name": "Yellow",
      "Index": 2.0
    },
    {
      "Type": "AnalysisHUD",
      "Name": "Green",
      "Index": 3.0
    },
    {
      "Type": "AnalysisHUD",
      "Name": "Brown",
      "Index": 4.0
    },
    {
      "Type": "AnalysisHUD",
      "Name": "Royal Blue",
      "Index": 5.0
    },
    {
      "Type": "AnalysisHUD",
      "Name": "Camo Yellow/Green",
      "Index": 6.0
    },
    {
      "Type": "AnalysisHUD",
      "Name": "White",
      "Index": 7.0
    },
    {
      "Type": "AnalysisHUD",
      "Name": "Red",
      "Index": 8.0
    },
    {
      "Type": "AnalysisHUD",
      "Name": "Lime Green",
      "Index": 9.0
    },
    {
      "Type": "AnalysisHUD",
      "Name": "Cornflower Brown",
      "Index": 10.0
    },
    {
      "Type": "AnalysisHUD",
      "Name": "Elite Blue (no mod)",
      "Index": 11.0
    },
    {
      "Type": "RadarColor",
      "Name": "EDHM Blue",
      "Index": 1.0
    },
    {
      "Type": "RadarColor",
      "Name": "Yellow",
      "Index": 2.0
    },
    {
      "Type": "RadarColor",
      "Name": "Light Green",
      "Index": 3.0
    },
    {
      "Type": "RadarColor",
      "Name": "Green",
      "Index": 4.0
    },
    {
      "Type": "RadarColor",
      "Name": "Brown One",
      "Index": 5.0
    },
    {
      "Type": "RadarColor",
      "Name": "SK Brown",
      "Index": 6.0
    },
    {
      "Type": "RadarColor",
      "Name": "Light Red",
      "Index": 7.0
    },
    {
      "Type": "RadarColor",
      "Name": "Rebel Red",
      "Index": 8.0
    },
    {
      "Type": "RadarColor",
      "Name": "Grey-blue",
      "Index": 9.0
    },
    {
      "Type": "RadarColor",
      "Name": "Pale Blue",
      "Index": 10.0
    },
    {
      "Type": "RadarColor",
      "Name": "Old Duck Blue",
      "Index": 11.0
    },
    {
      "Type": "RadarColor",
      "Name": "Aisling Blue",
      "Index": 12.0
    },
    {
      "Type": "RadarColor",
      "Name": "Federation Army Camo",
      "Index": 13.0
    },
    {
      "Type": "RadarColor",
      "Name": "Christmas",
      "Index": 14.0
    },
    {
      "Type": "RadarColor",
      "Name": "White",
      "Index": 15.0
    },
    {
      "Type": "RadarColor",
      "Name": "Cornflower Blue/Brown",
      "Index": 16.0
    },
    {
      "Type": "RadarColor",
      "Name": "XML (User Defined)",
      "Index": 199.0
    },
    {
      "Type": "InnerRadarBrightness",
      "Name": "Hight (Default)",
      "Index": 1.0
    },
    {
      "Type": "InnerRadarBrightness",
      "Name": "Medium",
      "Index": 0.5
    },
    {
      "Type": "InnerRadarBrightness",
      "Name": "Low",
      "Index": 0.1
    },
    {
      "Type": "OuterRadarBrightness",
      "Name": "Hight (Default)",
      "Index": 1.0
    },
    {
      "Type": "OuterRadarBrightness",
      "Name": "Medium",
      "Index": 0.5
    },
    {
      "Type": "OuterRadarBrightness",
      "Name": "Low",
      "Index": 0.1
    },
    {
      "Type": "SignatureBar",
      "Name": "EDHM Blue-Pink",
      "Index": 1.0
    },
    {
      "Type": "SignatureBar",
      "Name": "Yellow",
      "Index": 2.0
    },
    {
      "Type": "SignatureBar",
      "Name": "Light Blue",
      "Index": 3.0
    },
    {
      "Type": "SignatureBar",
      "Name": "Green",
      "Index": 4.0
    },
    {
      "Type": "SignatureBar",
      "Name": "Purple",
      "Index": 5.0
    },
    {
      "Type": "SignatureBar",
      "Name": "Purple-yellow",
      "Index": 6.0
    },
    {
      "Type": "SignatureBar",
      "Name": "White-green",
      "Index": 7.0
    },
    {
      "Type": "SignatureBar",
      "Name": "White-blue",
      "Index": 8.0
    },
    {
      "Type": "SignatureBar",
      "Name": "Pink",
      "Index": 9.0
    },
    {
      "Type": "SignatureBar",
      "Name": "White-mauve",
      "Index": 10.0
    },
    {
      "Type": "SignatureBar",
      "Name": "XML (User Defined)",
      "Index": 199.0
    },
    {
      "Type": "EnvironmentObject",
      "Name": "Green",
      "Index": 1.0
    },
    {
      "Type": "EnvironmentObject",
      "Name": "Blue",
      "Index": 2.0
    },
    {
      "Type": "EnvironmentObject",
      "Name": "Yellow",
      "Index": 3.0
    },
    {
      "Type": "EnvironmentObject",
      "Name": "Red",
      "Index": 4.0
    },
    {
      "Type": "EnvironmentObject",
      "Name": "Brown",
      "Index": 5.0
    },
    {
      "Type": "EnvironmentObject",
      "Name": "White / Player Customised",
      "Index": 6.0
    },
    {
      "Type": "EnvironmentObject",
      "Name": "XML (User Defined)",
      "Index": 199.0
    },
    {
      "Type": "TextColour",
      "Name": "White",
      "Index": 1.0
    },
    {
      "Type": "TextColour",
      "Name": "Cream",
      "Index": 2.0
    },
    {
      "Type": "TextColour",
      "Name": "XML (User Defined)",
      "Index": 3.0
    },
    {
      "Type": "TextColour",
      "Name": "Custom",
      "Index": 4.0
    },
    {
      "Type": "OwnCarrierHighlightColor",
      "Name": "Green",
      "Index": 1.0
    },
    {
      "Type": "OwnCarrierHighlightColor",
      "Name": "Blue",
      "Index": 2.0
    },
    {
      "Type": "OwnCarrierHighlightColor",
      "Name": "Red",
      "Index": 3.0
    },
    {
      "Type": "OwnCarrierHighlightColor",
      "Name": "Pink",
      "Index": 4.0
    },
    {
      "Type": "OwnCarrierHighlightColor",
      "Name": "White",
      "Index": 5.0
    },
    {
      "Type": "NightVision",
      "Name": "Light Blue",
      "Index": 1.0
    },
    {
      "Type": "NightVision",
      "Name": "Yellow",
      "Index": 2.0
    },
    {
      "Type": "NightVision",
      "Name": "Red",
      "Index": 3.0
    },
    {
      "Type": "NightVision",
      "Name": "Green",
      "Index": 4.0
    },
    {
      "Type": "NightVision",
      "Name": "Light Green",
      "Index": 5.0
    },
    {
      "Type": "NightVision",
      "Name": "Light Purple",
      "Index": 6.0
    },
    {
      "Type": "NightVision",
      "Name": "Pink",
      "Index": 7.0
    },
    {
      "Type": "NightVision",
      "Name": "Original Elite Green",
      "Index": 8.0
    },
    {
      "Type": "OrbitLines",
      "Name": "Light Blue",
      "Index": 1.0
    },
    {
      "Type": "OrbitLines",
      "Name": "Red",
      "Index": 2.0
    },
    {
      "Type": "OrbitLines",
      "Name": "Green",
      "Index": 3.0
    },
    {
      "Type": "OrbitLines",
      "Name": "Light Green",
      "Index": 4.0
    },
    {
      "Type": "OrbitLines",
      "Name": "Dark Purple",
      "Index": 5.0
    },
    {
      "Type": "OrbitLines",
      "Name": "Light Purple",
      "Index": 6.0
    },
    {
      "Type": "OrbitLines",
      "Name": "Pink",
      "Index": 7.0
    },
    {
      "Type": "OrbitLines",
      "Name": "Light grey, white",
      "Index": 8.0
    },
    {
      "Type": "OrbitLines",
      "Name": "XML (User Defined)",
      "Index": 9.0
    },
    {
      "Type": "OrbitLines",
      "Name": "Black",
      "Index": 10.0
    },
    {
      "Type": "OrbitLines",
      "Name": "Original Elite",
      "Index": 11.0
    },
    {
      "Type": "GravityWell",
      "Name": "Light Blue",
      "Index": 1.0
    },
    {
      "Type": "GravityWell",
      "Name": "Red",
      "Index": 2.0
    },
    {
      "Type": "GravityWell",
      "Name": "Green",
      "Index": 3.0
    },
    {
      "Type": "GravityWell",
      "Name": "Light Green",
      "Index": 4.0
    },
    {
      "Type": "GravityWell",
      "Name": "Dark Purple",
      "Index": 5.0
    },
    {
      "Type": "GravityWell",
      "Name": "Light Purple",
      "Index": 6.0
    },
    {
      "Type": "GravityWell",
      "Name": "Pink",
      "Index": 7.0
    },
    {
      "Type": "GravityWell",
      "Name": "Light grey, white",
      "Index": 8.0
    },
    {
      "Type": "GravityWell",
      "Name": "XML (User Defined)",
      "Index": 9.0
    },
    {
      "Type": "GravityWell",
      "Name": "Black",
      "Index": 10.0
    },
    {
      "Type": "GravityWell",
      "Name": "Original Elite",
      "Index": 11.0
    },
    {
      "Type": "PlanetaryLandingReticle",
      "Name": "Green",
      "Index": 1.0
    },
    {
      "Type": "PlanetaryLandingReticle",
      "Name": "Light Blue",
      "Index": 2.0
    },
    {
      "Type": "PlanetaryLandingReticle",
      "Name": "Purple",
      "Index": 3.0
    },
    {
      "Type": "PlanetaryLandingReticle",
      "Name": "XML (User Defined)",
      "Index": 199.0
    },
    {
      "Type": "SupercruiseSpeedLines",
      "Name": "White",
      "Index": 1.0
    },
    {
      "Type": "SupercruiseSpeedLines",
      "Name": "Blue",
      "Index": 2.0
    },
    {
      "Type": "SupercruiseSpeedLines",
      "Name": "Green",
      "Index": 3.0
    },
    {
      "Type": "SupercruiseSpeedLines",
      "Name": "Purple",
      "Index": 4.0
    },
    {
      "Type": "SupercruiseSpeedLines",
      "Name": "Pink",
      "Index": 5.0
    },
    {
      "Type": "SupercruiseSpeedLines",
      "Name": "Elite orange",
      "Index": 6.0
    },
    {
      "Type": "SupercruiseSnow",
      "Name": "White",
      "Index": 1.0
    },
    {
      "Type": "SupercruiseSnow",
      "Name": "Blue",
      "Index": 2.0
    },
    {
      "Type": "SupercruiseSnow",
      "Name": "Green",
      "Index": 3.0
    },
    {
      "Type": "SupercruiseSnow",
      "Name": "Purple",
      "Index": 4.0
    },
    {
      "Type": "SupercruiseSnow",
      "Name": "Pink",
      "Index": 5.0
    },
    {
      "Type": "SupercruiseSnow",
      "Name": "Elite white",
      "Index": 6.0
    }
  ]
}