{
  "language": "ru",
  "game": "ED_Horizons",
  "version": "1.52",
  "author": "Blue Mystic",
  "ui_groups": [
    {
      "Name": "Panel_UP",
      "Title": "Панель (верхняя)",
      "Elements": [
        {
          "Category": "Линии панелей",
          "Title": "Линии панелей (верхние)",
          "File": "Startup-Profile",
          "Section": "Constants",
          "Key": "y104",
          "Value": 1.0,
          "ValueType": "Preset",
          "Type": "PanelLinesUP",
          "Description": "[CTRL]+[F4]"
        }
      ]
    },
    {
      "Name": "Reticle",
      "Title": "Прицельная сетка",
      "Elements": [
        {
          "Category": "Прицельная сетка",
          "Title": "Прицельная сетка",
          "File": "Startup-Profile",
          "Section": "Constants",
          "Key": "x107",
          "Value": 1.0,
          "ValueType": "Preset",
          "Type": "TargetingReticle",
          "Description": "Переключение между цветами прицельной сетки с помощью [F7]"
        },
        {
          "Category": "Прицельная сетка",
          "Title": "Цвет окружающей среды",
          "File": "Startup-Profile",
          "Section": "Constants",
          "Key": "y107",
          "Value": 1.0,
          "ValueType": "Preset",
          "Type": "EnvironmentObject",
          "Description": "Обозначает текущие и возможные цели назначения, такие как планеты, станции.\r\nПереключайтесь между цветами цели окружающей среды с помощью [CTRL]+[F7]"
        }
      ]
    },
    {
      "Name": "Settings",
      "Title": "Настройки HUD",
      "Elements": [
        {
          "Category": "Визуальные эффекты",
          "Title": "Hud Dimmer",
          "File": "Startup-Profile",
          "Section": "Constants",
          "Key": "y100",
          "Value": 5.0,
          "ValueType": "Preset",
          "Type": "HudDimmer",
          "Description": "Выберите цикл с помощью [F5].\r\nЕсть 6 уровней яркости (5,4,3,2,1,0)."
        },
        {
          "Category": "Visuals",
          "Title": "HUD и Panel Opacity Layer",
          "File": "Startup-Profile",
          "Section": "Constants",
          "Key": "z111",
          "Value": 1.0,
          "ValueType": "Preset",
          "Type": "HudOpacity",
          "Description": "Цвет фона за панелями"
        },

        {
          "Category": "Тексты",
          "Title": "Цвет текста",
          "File": "Startup-Profile",
          "Section": "Constants",
          "Key": "w116",
          "Value": 1.0,
          "ValueType": "Preset",
          "Type": "TextColour",
          "Description": "Если цвет текста установлен на 4, вы можете выбрать свой собственный цвет текста."
        },
        {
          "Category": "Тексты",
          "Title": "Пользовательский цвет текста",
          "File": null,
          "Section": "Constants",
          "Key": "x116|y116|z116",
          "Value": -1.0,
          "ValueType": "Color",
          "Type": "TextRGB",
          "Description": "Обратите внимание, что шейдер XML наложит текст и изменит цвет текста. Невозможно предотвратить это."
        },
        {
          "Category": "Тексты",
          "Title": "Яркость текста",
          "File": "Startup-Profile",
          "Section": "Constants",
          "Key": "w151",
          "Value": 1.0,
          "ValueType": "Brightness",
          "Type": "Brightness",
          "Description": "Яркость текстов"
        }
      ]
    },
    {
      "Name": "Panel_Lower",
      "Title": "Панель (нижняя)",
      "Elements": [
        {
          "Category": "Визуальные эффекты",
          "Title": "Линии панели (нижняя)",
          "File": "Startup-Profile",
          "Section": "Constants",
          "Key": "z104",
          "Value": 1.0,
          "ValueType": "Preset",
          "Type": "PanelLinesLOW",
          "Description": "[ALT]+[F4]"
        },
        {
          "Category": "Визуальные эффекты",
          "Title": "Повышение непрозрачности панели",
          "File": "Startup-Profile",
          "Section": "Constants",
          "Key": "x111",
          "Value": 0.0,
          "ValueType": "Brightness",
          "Type": "Brightness",
          "Description": "Прозрачность теней за панелями и элементами HUD."
        }
      ]
    },
    {
      "Name": "Lighting",
      "Title": "Освещение кабины",
      "Elements": [
        {
          "Category": "Освещение салона",
          "Title": "Внешнее освещение салона",
          "File": "Startup-Profile",
          "Section": "Constants",
          "Key": "x103",
          "Value": 1.0,
          "ValueType": "Preset",
          "Type": "AmbientLights",
          "Description": "Выполните цикл с помощью [CTRL]+[F6]."
        },
        {
          "Category": "Освещение кабины",
          "Title": "Стиль освещения кабины",
          "File": "Startup-Profile",
          "Section": "Constants",
          "Key": "z115",
          "Value": 1.0,
          "ValueType": "Preset",
          "Type": "CabinLightingStyle",
          "Description": "Ограниченный (стандарт Elite, освещение кабины не охватывает всю кабину)"
        },
        {
          "Category": "Освещение кабины",
          "Title": "Ночное видение",
          "File": "Startup-Profile",
          "Section": "Constants",
          "Key": "x112",
          "Value": 1.0,
          "ValueType": "Preset",
          "Type": "NightVision",
          "Description": "Ночное видение"
        },
        {
          "Category": "Освещение салона",
          "Title": "Диммер освещения",
          "File": "Startup-Profile",
          "Section": "Constants",
          "Key": "w103",
          "Value": 1.0,
          "ValueType": "Brightness",
          "Type": "Brightness",
          "Description": "Выберите цикл с помощью [F6]. Каждое нажатие F6 уменьшает яркость освещения салона на 0,2 (20%)."
        }
      ]
    },
    {
      "Name": "SpecialFX",
      "Title": "Специальные эффекты",
      "Elements": [
        {
          "Category": "Специальные эффекты",
          "Title": "Подсветка собственной несущей",
          "File": "Startup-Profile",
          "Section": "Constants",
          "Key": "y122",
          "Value": 1.0,
          "ValueType": "ONOFF",
          "Type": "ONOFF",
          "Description": "Подсветка собственной несущей на панели навигации (также подсвечивает текущий индикатор планетарного пеленга на посадочной сетке/SRV).\r\n(ВЫКЛ. показывает цвет матрицы XML)"
        },
        {
          "Category": "Специальные эффекты",
          "Title": "Цвет подсветки собственного перевозчика",
          "File": "Startup-Profile",
          "Section": "Constants",
          "Key": "z122",
          "Value": 1.0,
          "ValueType": "Preset",
          "Type": "OwnCarrierHighlightColor",
          "Description": "Примечание. Пользовательский XML изменит этот цвет. Базовый цвет относится к цвету оранжевых панелей Elite."
        },
        {
          "Category": "Специальные эффекты",
          "Title": "Линии орбиты",
          "File": "Startup-Profile",
          "Section": "Constants",
          "Key": "x117",
          "Value": 5.0,
          "ValueType": "Preset",
          "Type": "OrbitLines",
          "Description": "Линии орбиты (и линии зоны отчуждения) и линии гравитационного колодца ** (только для суперкруиза)"
        },
        {
          "Category": "Специальные эффекты",
          "Title": "Яркость линий орбиты",
          "File": "Startup-Profile",
          "Section": "Constants",
          "Key": "y117",
          "Value": 0.3,
          "ValueType": "Brightness",
          "Type": "Brightness",
          "Description": "Яркость линий орбиты. Попробуйте 0,05 или 0,1 для очень тусклых линий. Выключить с 0.0"
        },
        {
          "Category": "Спецэффекты",
          "Title": "Линии гравитационного колодца",
          "File": "Startup-Profile",
          "Section": "Constants",
          "Key": "z117",
          "Value": 2.0,
          "ValueType": "Preset",
          "Type": "GravityWell",
          "Description": "Цвет линий гравитационного колодца"
        },
        {
          "Category": "Специальные эффекты",
          "Title": "Яркость гравитационного колодца",
          "File": "Startup-Profile",
          "Section": "Constants",
          "Key": "w117",
          "Value": 0.1,
          "ValueType": "Brightness",
          "Type": "Brightness",
          "Description": "Яркость линий гравитационного колодца"
        },
        {
          "Category": "Специальные эффекты",
          "Title": "Планетарная прицельная сетка",
          "File": "Startup-Profile",
          "Section": "Constants",
          "Key": "z107",
          "Value": 2.0,
          "ValueType": "Preset",
          "Type": "PlanetaryLandingReticle",
          "Description": "Планетарная прицельная сетка ** Направление и углы снижения"
        },
        {
          "Category": "Суперкруиз",
          "Title": "Линии скорости суперкруиза",
          "File": "Startup-Profile",
          "Section": "Constants",
          "Key": "z120",
          "Value": 1.0,
          "ValueType": "Preset",
          "Type": "SupercruiseSpeedLines",
          "Description": "Цвет линий скорости суперкруиза"
        },
        {
          "Category": "Supercruise",
          "Title": "Яркость линий скорости Supercruise",
          "File": "Startup-Profile",
          "Section": "Constants",
          "Key": "w120",
          "Value": 0.6,
          "ValueType": "Brightness",
          "Type": "Brightness",
          "Description": "Яркость линий скорости Supercruise ** (диапазон от 0 до 1) (0 = ВЫКЛ.)"
        },
        {
          "Category": "Суперкруиз",
          "Title": "Суперкруиз Пыль",
          "File": "Startup-Profile",
          "Section": "Constants",
          "Key": "x121",
          "Value": 2.0,
          "ValueType": "Preset",
          "Type": "SupercruiseSnow",
          "Description": "Суперкруиз Снег/Сходящиеся белые линии"
        },
        {
          "Category": "Supercruise",
          "Title": "Supercruise Яркость пыли",
          "File": "Startup-Profile",
          "Section": "Constants",
          "Key": "y121",
          "Value": 1.0,
          "ValueType": "Brightness",
          "Type": "Brightness",
          "Description": ""
        },
        {
          "Category": "Спецэффекты",
          "Title": "Космическая пыль",
          "File": "Startup-Profile",
          "Section": "Constants",
          "Key": "z121",
          "Value": 1.0,
          "ValueType": "ONOFF",
          "Type": "ONOFF",
          "Description": "Космическая пыль (в обычном полете)"
        },
        {
          "Category": "Специальные эффекты",
          "Title": "Наложение DSS",
          "File": "Startup-Profile",
          "Section": "Constants",
          "Key": "w123",
          "Value": 1.0,
          "ValueType": "ONOFF",
          "Type": "ONOFF",
          "Description": "Установка в положение OFF приведет к удалению зелено-синего наложения, когда DSS не активен."
        },
        {
          "Category": "Специальные эффекты",
          "Title": "Грязные полосы на окнах навеса",
          "File": "Startup-Profile",
          "Section": "Constants",
          "Key": "y112",
          "Value": 1.0,
          "ValueType": "ONOFF",
          "Type": "ONOFF",
          "Description": "Вы можете отключить грязные полосы на окнах навеса, если предпочитаете более «чистый» вид :)"
        }
      ]
    },
    {
      "Name": "CHUD_AHUD",
      "Title": "HUD боя и анализа",
      "Elements": [
        {
          "Category": "HUD боя и анализа",
          "Title": "Использовать XML",
          "File": "Startup-Profile",
          "Section": "Constants",
          "Key": "w113",
          "Value": 1.0,
          "ValueType": "ONOFF",
          "Type": "ONOFF",
          "Description": "Переключить XML для CHUD и A-HUD ** [CTRL ALT X]\r\nПо техническим причинам мы не можем смешивать цвета EDHM CHUD/A-HUD с цветами XML CHUD/A-HUD (это вызывает сбои при некоторых комбинациях)"
        },
        {
          "Category": "HUD боя и анализа",
          "Title": "Яркость",
          "File": "Startup-Profile",
          "Section": "Constants",
          "Key": "x122",
          "Value": 1.0,
          "ValueType": "Brightness",
          "Type": "2X",
          "Description": "АХУД и ЧУД Яркость"
        },
        {
          "Category": "Боевой HUD",
          "Title": "Боевой HUD",
          "File": "Startup-Profile",
          "Section": "Constants",
          "Key": "x105",
          "Value": 1.0,
          "ValueType": "Preset",
          "Type": "CombatHUD",
          "Description": "Переключение между цветами CHUD с помощью [CTRL]+[F2]"
        },
        {
          "Category": "Боевой HUD",
          "Title": "Режим боевого HUD",
          "File": "Startup-Profile",
          "Section": "Constants",
          "Key": "y105",
          "Value": 1.0,
          "ValueType": "Preset",
          "Type": "CombatHudMode",
          "Description": "[SHIFT]+[F2] для переключения между режимами"
        },

        {
          "Category": "Анализ HUD",
          "Title": "Анализ внутренних линий HUD",
          "File": "Startup-Profile",
          "Section": "Constants",
          "Key": "y113",
          "Value": 1.0,
          "ValueType": "Preset",
          "Type": "AnalysisHUD",
          "Description": "Переключение между цветами A-HUD с помощью [ALT]+[F2]."
        },
        {
          "Category": "Анализ HUD",
          "Title": "Анализ HUD Внешние линии",
          "File": "Startup-Profile",
          "Section": "Constants",
          "Key": "z113",
          "Value": 1.0,
          "ValueType": "Preset",
          "Type": "AnalysisHUD",
          "Description": "Циклическое переключение цветов изменит как внутренние, так и внешние линии вместе."
        }
      ]
    },
    {
      "Name": "RadarHUD",
      "Title": "Радар и общая группа",
      "Elements": [
        {
          "Category": "Общая группа",
          "Title": "Общая группа HUD",
          "File": "Startup-Profile",
          "Section": "Constants",
          "Key": "x104",
          "Value": 1.0,
          "ValueType": "Preset",
          "Type": "CommonGroup",
          "Description": "[CTRL]+[F5]. Общая группа включает полосу топлива, световые индикаторы, завитки голограмм, полосу состояния корабля, полосу корпуса и внешние элементы радара."
        },
        {
          "Category": "Радар",
          "Title": "Цвет радара",
          "File": "Startup-Profile",
          "Section": "Constants",
          "Key": "y106",
          "Value": 1.0,
          "ValueType": "Preset",
          "Type": "RadarColor",
          "Description": "Переключение между цветами радара с помощью [F4]"
        },
        {
          "Category": "Радар",
          "Title": "Внутренняя яркость радара",
          "File": "Startup-Profile",
          "Section": "Constants",
          "Key": "w152",
          "Value": 1.0,
          "ValueType": "Brightness",
          "Type": "Brightness",
          "Description": ""
        },
        {
          "Category": "Радар",
          "Title": "Яркость внешнего радара",
          "File": "Startup-Profile",
          "Section": "Constants",
          "Key": "x106",
          "Value": 1.0,
          "ValueType": "Brightness",
          "Type": "Brightness",
          "Description": ""
        },
        {
          "Category": "Радар",
          "Title": "Радар Объекты белого цвета",
          "File": "Startup-Profile",
          "Section": "Constants",
          "Key": "x115",
          "Value": 1.0,
          "ValueType": "ONOFF",
          "Type": "ONOFF",
          "Description": "Отключить объекты белого цвета на радаре (материалы, следы и т. д.). Переключить с помощью [CTRL]+[ALT]+[W]"
        }
      ]
    },
    {
      "Name": "ShieldsHolo",
      "Title": "Щит и голографический корабль",
      "Elements": [
        {
          "Category": "Щиты",
          "Title": "Цвет щита",
          "File": "Startup-Profile",
          "Section": "Constants",
          "Key": "z105",
          "Value": 10.0,
          "ValueType": "Preset",
          "Type": "ShieldColor",
          "Description": "Выполнить цикл нажатием [F2]"
        },
        {
          "Category": "Голограмма собственного корабля",
          "Title": "Режим голограммы",
          "File": "Startup-Profile",
          "Section": "Constants",
          "Key": "x101",
          "Value": 2.0,
          "ValueType": "Preset",
          "Type": "OwnShipHoloMode",
          "Description": "Только корабль, не SRV [CTRL]+[F3]"
        },
        {
          "Category": "Голограмма собственного корабля",
          "Title": "Цвет голограммы",
          "File": "Startup-Profile",
          "Section": "Constants",
          "Key": "y101",
          "Value": 1.0,
          "ValueType": "Preset",
          "Type": "OwnShipHolo",
          "Description": "Переключение между цветами голограммы собственного корабля с помощью [F3]"
        },
        {
          "Category": "Голограмма собственного корабля",
          "Title": "Затемнение голограммы",
          "File": "Startup-Profile",
          "Section": "Constants",
          "Key": "z101",
          "Value": 1.0,
          "ValueType": "Brightness",
          "Type": "Brightness",
          "Description": "Каждое нажатие [ALT]+[F3] затемняет голограмму на 10% (1,0, 0,9, 0,8, 0,7 и т. д.)"
        },
        {
          "Category": "Голограмма собственного корабля",
          "Title": "Мерцающая голограмма",
          "File": "Startup-Profile",
          "Section": "Constants",
          "Key": "z109",
          "Value": 1.0,
          "ValueType": "ONOFF",
          "Type": "ONOFF",
          "Description": "мерцающие линии на голограмме"
        },
        {
          "Category": "Голограмма корабля-мишени",
          "Title": "Пользовательский цвет голограммы-мишени",
          "File": "Custom",
          "Section": "Constants",
          "Key": "x72|y72|z72",
          "Value": -1.0,
          "ValueType": "Color",
          "Type": "CustomColor",
          "Description": "Пользовательский цвет для голограммы-мишени — нейтральный цвет."
        },
        {
          "Category": "Голограмма корабля-мишени",
          "Title": "Яркость голограммы-мишени",
          "File": "Custom",
          "Section": "Constants",
          "Key": "w72",
          "Value": 1.0,
          "ValueType": "Brightness",
          "Type": "Brightness",
          "Description": "Яркость голограммы-мишени — нейтральный цвет."
        },
        {
          "Category": "Голограмма корабля-мишени",
          "Title": "Мерцающая голограмма-мишень",
          "File": "Startup-Profile",
          "Section": "Constants",
          "Key": "w109",
          "Value": 1.0,
          "ValueType": "ONOFF",
          "Type": "ONOFF",
          "Description": "мерцающие линии на голограмме"
        }
      ]
    },
    {
      "Name": "Power_Distributor",
      "Title": "Распределитель питания",
      "Elements": [
        {
          "Category": "Распределитель",
          "Title": "Распределитель питания",
          "File": "Startup-Profile",
          "Section": "Constants",
          "Key": "y108",
          "Value": 1.0,
          "ValueType": "Preset",
          "Type": "PowerDistributor",
          "Description": "[ALT]+[F5]"
        }
      ]
    },
    {
      "Name": "FuelBars",
      "Title": "Фирменные и топливные бары",
      "Elements": [
        {
          "Category": "Полоса подписи",
          "Title": "Цвет полосы подписи",
          "File": "Startup-Profile",
          "Section": "Constants",
          "Key": "w106",
          "Value": 1.0,
          "ValueType": "Preset",
          "Type": "SignatureBar",
          "Description": "Переключение между цветами полосы подписи (выглядит как радиосигнал) с помощью [SHIFT]+[F4]"
        }
      ]
    },
    {
      "Name": "StationsPanels",
      "Title": "Панели кораблей и станций",
      "Elements": [

      ]
    },
    {
      "Name": "Foot_HUD",
      "Title": "HUD пешком",
      "Elements": [

      ]
    }
  ],
  "Presets": [
    {
      "Type": "ONOFF",
      "Name": "On",
      "Index": 1.0
    },
    {
      "Type": "ONOFF",
      "Name": "Off",
      "Index": 0.0
    },
    {
      "Type": "Brightness",
      "Name": "High",
      "Index": 1.0
    },
    {
      "Type": "Brightness",
      "Name": "Medium",
      "Index": 0.6
    },
    {
      "Type": "Brightness",
      "Name": "Low",
      "Index": 0.3
    },
    {
      "Type": "Brightness",
      "Name": "Barely Visible",
      "Index": 0.1
    },
    {
      "Type": "HudDimmer",
      "Name": "Bright",
      "Index": 5.0
    },
    {
      "Type": "HudDimmer",
      "Name": "Bright",
      "Index": 4.0
    },
    {
      "Type": "HudDimmer",
      "Name": "Medium",
      "Index": 3.0
    },
    {
      "Type": "HudDimmer",
      "Name": "Bright",
      "Index": 2.0
    },
    {
      "Type": "HudDimmer",
      "Name": "Low",
      "Index": 1.0
    },
    {
      "Type": "HudDimmer",
      "Name": "Bright",
      "Index": 0.0
    },
    {
      "Type": "CabinLightingStyle",
      "Name": "Full",
      "Index": 0.0
    },
    {
      "Type": "CabinLightingStyle",
      "Name": "Restricted",
      "Index": 1.0
    },
    {
      "Type": "AmbientLights",
      "Name": "EDHM Blue",
      "Index": 1.0
    },
    {
      "Type": "AmbientLights",
      "Name": "Tie Fighter Red",
      "Index": 2.0
    },
    {
      "Type": "AmbientLights",
      "Name": "Orange",
      "Index": 3.0
    },
    {
      "Type": "AmbientLights",
      "Name": "Feldgrau",
      "Index": 4.0
    },
    {
      "Type": "AmbientLights",
      "Name": "Apple Green",
      "Index": 5.0
    },
    {
      "Type": "AmbientLights",
      "Name": "Federation Green",
      "Index": 6.0
    },
    {
      "Type": "AmbientLights",
      "Name": "Aqua / Cyan",
      "Index": 7.0
    },
    {
      "Type": "AmbientLights",
      "Name": "Light blue",
      "Index": 8.0
    },
    {
      "Type": "AmbientLights",
      "Name": "Aisling Blue",
      "Index": 9.0
    },
    {
      "Type": "AmbientLights",
      "Name": "Yellow Submarine",
      "Index": 10.0
    },
    {
      "Type": "AmbientLights",
      "Name": "Dark Violet",
      "Index": 11.0
    },
    {
      "Type": "AmbientLights",
      "Name": "Electric  Purple",
      "Index": 12.0
    },
    {
      "Type": "AmbientLights",
      "Name": "Tyrian Purple",
      "Index": 13.0
    },
    {
      "Type": "AmbientLights",
      "Name": "Brown One",
      "Index": 14.0
    },
    {
      "Type": "AmbientLights",
      "Name": "Saud Kruger Brown",
      "Index": 15.0
    },
    {
      "Type": "AmbientLights",
      "Name": "Standard Elite Orange",
      "Index": 16.0
    },
    {
      "Type": "AmbientLights",
      "Name": "Bi-colour Blue-Pink",
      "Index": 17.0
    },
    {
      "Type": "AmbientLights",
      "Name": "Christmas Green",
      "Index": 18.0
    },
    {
      "Type": "AmbientLights",
      "Name": "White",
      "Index": 19.0
    },
    {
      "Type": "AmbientLights",
      "Name": "Hot Pink",
      "Index": 20.0
    },
    {
      "Type": "AmbientLights",
      "Name": "Astro Blue",
      "Index": 21.0
    },
    {
      "Type": "AmbientLights",
      "Name": "Apple Green",
      "Index": 22.0
    },
    {
      "Type": "AmbientLights",
      "Name": "Steel Bluee",
      "Index": 23.0
    },
    {
      "Type": "AmbientLights",
      "Name": "XML (User Defined)",
      "Index": 199.0
    },
    {
      "Type": "HudOpacity",
      "Name": "Dark Space Grey",
      "Index": 1.0
    },
    {
      "Type": "HudOpacity",
      "Name": "XML (User Defined)",
      "Index": 2.0
    },
    {
      "Type": "HudOpacity",
      "Name": "EDHM v1.4",
      "Index": 3.0
    },
    {
      "Type": "HudOpacity",
      "Name": "Original Elite orange",
      "Index": 4.0
    },
    {
      "Type": "CommonGroup",
      "Name": "White / Light Grey",
      "Index": 1.0
    },
    {
      "Type": "CommonGroup",
      "Name": "Yellow",
      "Index": 2.0
    },
    {
      "Type": "CommonGroup",
      "Name": "Light Green",
      "Index": 3.0
    },
    {
      "Type": "CommonGroup",
      "Name": "Green",
      "Index": 4.0
    },
    {
      "Type": "CommonGroup",
      "Name": "Brown One",
      "Index": 5.0
    },
    {
      "Type": "CommonGroup",
      "Name": "Saud Kruger Brown",
      "Index": 6.0
    },
    {
      "Type": "CommonGroup",
      "Name": "Light Red / Pink",
      "Index": 7.0
    },
    {
      "Type": "CommonGroup",
      "Name": "Rebel Red",
      "Index": 8.0
    },
    {
      "Type": "CommonGroup",
      "Name": "Grey-Blue",
      "Index": 9.0
    },
    {
      "Type": "CommonGroup",
      "Name": "Pale Blue",
      "Index": 10.0
    },
    {
      "Type": "CommonGroup",
      "Name": "Old Duck Blue",
      "Index": 11.0
    },
    {
      "Type": "CommonGroup",
      "Name": "Aisling Blue",
      "Index": 12.0
    },
    {
      "Type": "CommonGroup",
      "Name": "Federation Army Camo",
      "Index": 13.0
    },
    {
      "Type": "CommonGroup",
      "Name": "Christmas",
      "Index": 14.0
    },
    {
      "Type": "CommonGroup",
      "Name": "Cornflower",
      "Index": 15.0
    },
    {
      "Type": "CommonGroup",
      "Name": "XML (User Defined)",
      "Index": 199.0
    },
    {
      "Type": "TargetingReticle",
      "Name": "Pink / Red / Purple / Green",
      "Index": 1.0
    },
    {
      "Type": "TargetingReticle",
      "Name": "Green / Blue / Purple / Yellow",
      "Index": 2.0
    },
    {
      "Type": "TargetingReticle",
      "Name": "Light blue / Dark Blue / Orange / Red",
      "Index": 3.0
    },
    {
      "Type": "TargetingReticle",
      "Name": "Ultraviolet",
      "Index": 4.0
    },
    {
      "Type": "TargetingReticle",
      "Name": "Light Blue",
      "Index": 5.0
    },
    {
      "Type": "TargetingReticle",
      "Name": "White / Light Grey",
      "Index": 6.0
    },
    {
      "Type": "TargetingReticle",
      "Name": "Cyan",
      "Index": 7.0
    },
    {
      "Type": "TargetingReticle",
      "Name": "Christmas",
      "Index": 8.0
    },
    {
      "Type": "TargetingReticle",
      "Name": "Adaptive by 'The Blaster' McQuinn",
      "Index": 9.0
    },
    {
      "Type": "TargetingReticle",
      "Name": "XML (User Defined)",
      "Index": 199.0
    },
    {
      "Type": "ShieldColor",
      "Name": "Red gradient",
      "Index": 1.0
    },
    {
      "Type": "ShieldColor",
      "Name": "Green gradient",
      "Index": 2.0
    },
    {
      "Type": "ShieldColor",
      "Name": "Blue / Pink",
      "Index": 3.0
    },
    {
      "Type": "ShieldColor",
      "Name": "Yellow / Green",
      "Index": 4.0
    },
    {
      "Type": "ShieldColor",
      "Name": "Yellow / Red",
      "Index": 5.0
    },
    {
      "Type": "ShieldColor",
      "Name": "Light Pink / Dark Pink",
      "Index": 6.0
    },
    {
      "Type": "ShieldColor",
      "Name": "Blue Rims",
      "Index": 7.0
    },
    {
      "Type": "ShieldColor",
      "Name": "Green Rims",
      "Index": 8.0
    },
    {
      "Type": "ShieldColor",
      "Name": "Xiba variant",
      "Index": 9.0
    },
    {
      "Type": "ShieldColor",
      "Name": "Purple",
      "Index": 10.0
    },
    {
      "Type": "ShieldColor",
      "Name": "Camo",
      "Index": 11.0
    },
    {
      "Type": "ShieldColor",
      "Name": "Christmas",
      "Index": 12.0
    },
    {
      "Type": "ShieldColor",
      "Name": "Kaos shield",
      "Index": 13.0
    },
    {
      "Type": "ShieldColor",
      "Name": "White",
      "Index": 14.0
    },
    {
      "Type": "ShieldColor",
      "Name": "Aisling Blue",
      "Index": 15.0
    },
    {
      "Type": "ShieldColor",
      "Name": "Original Elite (blue)",
      "Index": 16.0
    },
    {
      "Type": "ShieldColor",
      "Name": "Invisible",
      "Index": 17.0
    },
    {
      "Type": "ShieldColor",
      "Name": "Riptide",
      "Index": 18.0
    },
    {
      "Type": "ShieldColor",
      "Name": "Pine Glade",
      "Index": 19.0
    },
    {
      "Type": "ShieldColor",
      "Name": "Airlock Blue",
      "Index": 20.0
    },
    {
      "Type": "ShieldColor",
      "Name": "XML (User Defined)",
      "Index": 199.0
    },
    {
      "Type": "OwnShipHolo",
      "Name": "Tron Blue",
      "Index": 1.0
    },
    {
      "Type": "OwnShipHolo",
      "Name": "Blue",
      "Index": 2.0
    },
    {
      "Type": "OwnShipHolo",
      "Name": "Tron Green",
      "Index": 3.0
    },
    {
      "Type": "OwnShipHolo",
      "Name": "Green",
      "Index": 4.0
    },
    {
      "Type": "OwnShipHolo",
      "Name": "Tron Red",
      "Index": 5.0
    },
    {
      "Type": "OwnShipHolo",
      "Name": "Rebel Red",
      "Index": 6.0
    },
    {
      "Type": "OwnShipHolo",
      "Name": "Tron Yellow",
      "Index": 7.0
    },
    {
      "Type": "OwnShipHolo",
      "Name": "Yellow",
      "Index": 8.0
    },
    {
      "Type": "OwnShipHolo",
      "Name": "Tron Purple",
      "Index": 9.0
    },
    {
      "Type": "OwnShipHolo",
      "Name": "Purple",
      "Index": 10.0
    },
    {
      "Type": "OwnShipHolo",
      "Name": "Tron White",
      "Index": 11.0
    },
    {
      "Type": "OwnShipHolo",
      "Name": "Brown",
      "Index": 12.0
    },
    {
      "Type": "OwnShipHolo",
      "Name": "Camo Green",
      "Index": 13.0
    },
    {
      "Type": "OwnShipHolo",
      "Name": "Taupe",
      "Index": 14.0
    },
    {
      "Type": "OwnShipHolo",
      "Name": "Tron Blue MkII",
      "Index": 15.0
    },
    {
      "Type": "OwnShipHolo",
      "Name": "XML (User Defined)",
      "Index": 199.0
    },
    {
      "Type": "OwnShipHoloMode",
      "Name": "Semi-Tron",
      "Index": 1.0
    },
    {
      "Type": "OwnShipHoloMode",
      "Name": "Full-Tron",
      "Index": 2.0
    },
    {
      "Type": "OwnShipHoloMode",
      "Name": "Traditional",
      "Index": 3.0
    },
    {
      "Type": "OwnShipHoloDim",
      "Name": "Hight (Default)",
      "Index": 1.0
    },
    {
      "Type": "OwnShipHoloDim",
      "Name": "Medium",
      "Index": 0.6
    },
    {
      "Type": "OwnShipHoloDim",
      "Name": "Low",
      "Index": 0.2
    },
    {
      "Type": "PowerDistributor",
      "Name": "White",
      "Index": 1.0
    },
    {
      "Type": "PowerDistributor",
      "Name": "Yellow",
      "Index": 2.0
    },
    {
      "Type": "PowerDistributor",
      "Name": "Light Green",
      "Index": 3.0
    },
    {
      "Type": "PowerDistributor",
      "Name": "Green",
      "Index": 4.0
    },
    {
      "Type": "PowerDistributor",
      "Name": "Brown One",
      "Index": 5.0
    },
    {
      "Type": "PowerDistributor",
      "Name": "Saud Kruger Brown",
      "Index": 6.0
    },
    {
      "Type": "PowerDistributor",
      "Name": "Light Red / Pink",
      "Index": 7.0
    },
    {
      "Type": "PowerDistributor",
      "Name": "Rebel Red",
      "Index": 8.0
    },
    {
      "Type": "PowerDistributor",
      "Name": "Grey-Blue",
      "Index": 9.0
    },
    {
      "Type": "PowerDistributor",
      "Name": "Pale Blue",
      "Index": 10.0
    },
    {
      "Type": "PowerDistributor",
      "Name": "Old Duck Blue",
      "Index": 11.0
    },
    {
      "Type": "PowerDistributor",
      "Name": "Aisling Blue",
      "Index": 12.0
    },
    {
      "Type": "PowerDistributor",
      "Name": "Federation Army Camo",
      "Index": 13.0
    },
    {
      "Type": "PowerDistributor",
      "Name": "Purple",
      "Index": 14.0
    },
    {
      "Type": "PowerDistributor",
      "Name": "Green-Yellow-Red",
      "Index": 15.0
    },
    {
      "Type": "PowerDistributor",
      "Name": "Blue-White-Red",
      "Index": 16.0
    },
    {
      "Type": "PowerDistributor",
      "Name": "Christmas",
      "Index": 17.0
    },
    {
      "Type": "PowerDistributor",
      "Name": "Cornflower Blue",
      "Index": 18.0
    },
    {
      "Type": "PowerDistributor",
      "Name": "Elite Orange",
      "Index": 19.0
    },
    {
      "Type": "PowerDistributor",
      "Name": "XML (User Defined)",
      "Index": 199.0
    },
    {
      "Type": "PanelLinesUP",
      "Name": "EDHM Blue",
      "Index": 1.0
    },
    {
      "Type": "PanelLinesUP",
      "Name": "Yellow",
      "Index": 2.0
    },
    {
      "Type": "PanelLinesUP",
      "Name": "Light Green",
      "Index": 3.0
    },
    {
      "Type": "PanelLinesUP",
      "Name": "Green",
      "Index": 4.0
    },
    {
      "Type": "PanelLinesUP",
      "Name": "Brown One",
      "Index": 5.0
    },
    {
      "Type": "PanelLinesUP",
      "Name": "SK Brown",
      "Index": 6.0
    },
    {
      "Type": "PanelLinesUP",
      "Name": "Light Red",
      "Index": 7.0
    },
    {
      "Type": "PanelLinesUP",
      "Name": "Rebel Red",
      "Index": 8.0
    },
    {
      "Type": "PanelLinesUP",
      "Name": "Grey-Blue",
      "Index": 9.0
    },
    {
      "Type": "PanelLinesUP",
      "Name": "Pale Blue",
      "Index": 10.0
    },
    {
      "Type": "PanelLinesUP",
      "Name": "Old Duck Blue",
      "Index": 11.0
    },
    {
      "Type": "PanelLinesUP",
      "Name": "Aisling Blue",
      "Index": 12.0
    },
    {
      "Type": "PanelLinesUP",
      "Name": "Federation Army Camo",
      "Index": 13.0
    },
    {
      "Type": "PanelLinesUP",
      "Name": "Bright Red",
      "Index": 14.0
    },
    {
      "Type": "PanelLinesUP",
      "Name": "Christmas",
      "Index": 15.0
    },
    {
      "Type": "PanelLinesUP",
      "Name": "Cornflower Brown",
      "Index": 16.0
    },
    {
      "Type": "PanelLinesUP",
      "Name": "XML (User Defined)",
      "Index": 199.0
    },
    {
      "Type": "PanelLinesLOW",
      "Name": "EDHM Blue",
      "Index": 1.0
    },
    {
      "Type": "PanelLinesLOW",
      "Name": "Yellow",
      "Index": 2.0
    },
    {
      "Type": "PanelLinesLOW",
      "Name": "Light Green",
      "Index": 3.0
    },
    {
      "Type": "PanelLinesLOW",
      "Name": "Green",
      "Index": 4.0
    },
    {
      "Type": "PanelLinesLOW",
      "Name": "Brown One",
      "Index": 5.0
    },
    {
      "Type": "PanelLinesLOW",
      "Name": "SK Brown",
      "Index": 6.0
    },
    {
      "Type": "PanelLinesLOW",
      "Name": "Light Red",
      "Index": 7.0
    },
    {
      "Type": "PanelLinesLOW",
      "Name": "Rebel Red",
      "Index": 8.0
    },
    {
      "Type": "PanelLinesLOW",
      "Name": "Grey-Blue",
      "Index": 9.0
    },
    {
      "Type": "PanelLinesLOW",
      "Name": "Pale Blue",
      "Index": 10.0
    },
    {
      "Type": "PanelLinesLOW",
      "Name": "Old Duck Blue",
      "Index": 11.0
    },
    {
      "Type": "PanelLinesLOW",
      "Name": "Aisling Blue",
      "Index": 12.0
    },
    {
      "Type": "PanelLinesLOW",
      "Name": "Federation Army Camo",
      "Index": 13.0
    },
    {
      "Type": "PanelLinesLOW",
      "Name": "Bright Red",
      "Index": 14.0
    },
    {
      "Type": "PanelLinesLOW",
      "Name": "XML (User Defined)",
      "Index": 199.0
    },
    {
      "Type": "CHUDBrightness",
      "Name": "Hight (Default)",
      "Index": 1.0
    },
    {
      "Type": "CHUDBrightness",
      "Name": "Medium",
      "Index": 0.6
    },
    {
      "Type": "CHUDBrightness",
      "Name": "Low",
      "Index": 0.2
    },
    {
      "Type": "CombatHUD",
      "Name": "EDHM Purple",
      "Index": 1.0
    },
    {
      "Type": "CombatHUD",
      "Name": "Yellow",
      "Index": 2.0
    },
    {
      "Type": "CombatHUD",
      "Name": "Light Green",
      "Index": 3.0
    },
    {
      "Type": "CombatHUD",
      "Name": "Green",
      "Index": 4.0
    },
    {
      "Type": "CombatHUD",
      "Name": "Brown One",
      "Index": 5.0
    },
    {
      "Type": "CombatHUD",
      "Name": "SK Brown",
      "Index": 6.0
    },
    {
      "Type": "CombatHUD",
      "Name": "Light Red",
      "Index": 7.0
    },
    {
      "Type": "CombatHUD",
      "Name": "Rebel Red",
      "Index": 8.0
    },
    {
      "Type": "CombatHUD",
      "Name": "Grey-blue",
      "Index": 9.0
    },
    {
      "Type": "CombatHUD",
      "Name": "Light Blue",
      "Index": 10.0
    },
    {
      "Type": "CombatHUD",
      "Name": "Old Duck Blue",
      "Index": 11.0
    },
    {
      "Type": "CombatHUD",
      "Name": "Aisling Blue",
      "Index": 12.0
    },
    {
      "Type": "CombatHUD",
      "Name": "Federation Army Camo",
      "Index": 13.0
    },
    {
      "Type": "CombatHUD",
      "Name": "Bright Green",
      "Index": 14.0
    },
    {
      "Type": "CombatHUD",
      "Name": "Bright Red",
      "Index": 15.0
    },
    {
      "Type": "CombatHUD",
      "Name": "Orange",
      "Index": 16.0
    },
    {
      "Type": "CombatHUD",
      "Name": "Synthwave Pink-Blue",
      "Index": 17.0
    },
    {
      "Type": "CombatHUD",
      "Name": "Synthwave Green-Yellow",
      "Index": 18.0
    },
    {
      "Type": "CombatHUD",
      "Name": "Christmas ",
      "Index": 19.0
    },

    {
      "Type": "CombatHudMode",
      "Name": "Bird-of-prey",
      "Index": 1.0
    },
    {
      "Type": "CombatHudMode",
      "Name": "Normal",
      "Index": 2.0
    },
    {
      "Type": "AnalysisHUD",
      "Name": "Mauve",
      "Index": 1.0
    },
    {
      "Type": "AnalysisHUD",
      "Name": "Yellow",
      "Index": 2.0
    },
    {
      "Type": "AnalysisHUD",
      "Name": "Green",
      "Index": 3.0
    },
    {
      "Type": "AnalysisHUD",
      "Name": "Brown",
      "Index": 4.0
    },
    {
      "Type": "AnalysisHUD",
      "Name": "Royal Blue",
      "Index": 5.0
    },
    {
      "Type": "AnalysisHUD",
      "Name": "Camo Yellow/Green",
      "Index": 6.0
    },
    {
      "Type": "AnalysisHUD",
      "Name": "White",
      "Index": 7.0
    },
    {
      "Type": "AnalysisHUD",
      "Name": "Red",
      "Index": 8.0
    },
    {
      "Type": "AnalysisHUD",
      "Name": "Lime Green",
      "Index": 9.0
    },
    {
      "Type": "AnalysisHUD",
      "Name": "Cornflower Brown",
      "Index": 10.0
    },
    {
      "Type": "AnalysisHUD",
      "Name": "Elite Blue (no mod)",
      "Index": 11.0
    },
    {
      "Type": "RadarColor",
      "Name": "EDHM Blue",
      "Index": 1.0
    },
    {
      "Type": "RadarColor",
      "Name": "Yellow",
      "Index": 2.0
    },
    {
      "Type": "RadarColor",
      "Name": "Light Green",
      "Index": 3.0
    },
    {
      "Type": "RadarColor",
      "Name": "Green",
      "Index": 4.0
    },
    {
      "Type": "RadarColor",
      "Name": "Brown One",
      "Index": 5.0
    },
    {
      "Type": "RadarColor",
      "Name": "SK Brown",
      "Index": 6.0
    },
    {
      "Type": "RadarColor",
      "Name": "Light Red",
      "Index": 7.0
    },
    {
      "Type": "RadarColor",
      "Name": "Rebel Red",
      "Index": 8.0
    },
    {
      "Type": "RadarColor",
      "Name": "Grey-blue",
      "Index": 9.0
    },
    {
      "Type": "RadarColor",
      "Name": "Pale Blue",
      "Index": 10.0
    },
    {
      "Type": "RadarColor",
      "Name": "Old Duck Blue",
      "Index": 11.0
    },
    {
      "Type": "RadarColor",
      "Name": "Aisling Blue",
      "Index": 12.0
    },
    {
      "Type": "RadarColor",
      "Name": "Federation Army Camo",
      "Index": 13.0
    },
    {
      "Type": "RadarColor",
      "Name": "Christmas",
      "Index": 14.0
    },
    {
      "Type": "RadarColor",
      "Name": "White",
      "Index": 15.0
    },
    {
      "Type": "RadarColor",
      "Name": "Cornflower Blue/Brown",
      "Index": 16.0
    },
    {
      "Type": "RadarColor",
      "Name": "XML (User Defined)",
      "Index": 199.0
    },
    {
      "Type": "InnerRadarBrightness",
      "Name": "Hight (Default)",
      "Index": 1.0
    },
    {
      "Type": "InnerRadarBrightness",
      "Name": "Medium",
      "Index": 0.5
    },
    {
      "Type": "InnerRadarBrightness",
      "Name": "Low",
      "Index": 0.1
    },
    {
      "Type": "OuterRadarBrightness",
      "Name": "Hight (Default)",
      "Index": 1.0
    },
    {
      "Type": "OuterRadarBrightness",
      "Name": "Medium",
      "Index": 0.5
    },
    {
      "Type": "OuterRadarBrightness",
      "Name": "Low",
      "Index": 0.1
    },
    {
      "Type": "SignatureBar",
      "Name": "EDHM Blue-Pink",
      "Index": 1.0
    },
    {
      "Type": "SignatureBar",
      "Name": "Yellow",
      "Index": 2.0
    },
    {
      "Type": "SignatureBar",
      "Name": "Light Blue",
      "Index": 3.0
    },
    {
      "Type": "SignatureBar",
      "Name": "Green",
      "Index": 4.0
    },
    {
      "Type": "SignatureBar",
      "Name": "Purple",
      "Index": 5.0
    },
    {
      "Type": "SignatureBar",
      "Name": "Purple-yellow",
      "Index": 6.0
    },
    {
      "Type": "SignatureBar",
      "Name": "White-green",
      "Index": 7.0
    },
    {
      "Type": "SignatureBar",
      "Name": "White-blue",
      "Index": 8.0
    },
    {
      "Type": "SignatureBar",
      "Name": "Pink",
      "Index": 9.0
    },
    {
      "Type": "SignatureBar",
      "Name": "White-mauve",
      "Index": 10.0
    },
    {
      "Type": "SignatureBar",
      "Name": "XML (User Defined)",
      "Index": 199.0
    },
    {
      "Type": "EnvironmentObject",
      "Name": "Green",
      "Index": 1.0
    },
    {
      "Type": "EnvironmentObject",
      "Name": "Blue",
      "Index": 2.0
    },
    {
      "Type": "EnvironmentObject",
      "Name": "Yellow",
      "Index": 3.0
    },
    {
      "Type": "EnvironmentObject",
      "Name": "Red",
      "Index": 4.0
    },
    {
      "Type": "EnvironmentObject",
      "Name": "Brown",
      "Index": 5.0
    },
    {
      "Type": "EnvironmentObject",
      "Name": "White / Player Customised",
      "Index": 6.0
    },
    {
      "Type": "EnvironmentObject",
      "Name": "XML (User Defined)",
      "Index": 199.0
    },
    {
      "Type": "TextColour",
      "Name": "White",
      "Index": 1.0
    },
    {
      "Type": "TextColour",
      "Name": "Cream",
      "Index": 2.0
    },
    {
      "Type": "TextColour",
      "Name": "XML (User Defined)",
      "Index": 3.0
    },
    {
      "Type": "TextColour",
      "Name": "Custom",
      "Index": 4.0
    },
    {
      "Type": "OwnCarrierHighlightColor",
      "Name": "Green",
      "Index": 1.0
    },
    {
      "Type": "OwnCarrierHighlightColor",
      "Name": "Blue",
      "Index": 2.0
    },
    {
      "Type": "OwnCarrierHighlightColor",
      "Name": "Red",
      "Index": 3.0
    },
    {
      "Type": "OwnCarrierHighlightColor",
      "Name": "Pink",
      "Index": 4.0
    },
    {
      "Type": "OwnCarrierHighlightColor",
      "Name": "White",
      "Index": 5.0
    },
    {
      "Type": "NightVision",
      "Name": "Light Blue",
      "Index": 1.0
    },
    {
      "Type": "NightVision",
      "Name": "Yellow",
      "Index": 2.0
    },
    {
      "Type": "NightVision",
      "Name": "Red",
      "Index": 3.0
    },
    {
      "Type": "NightVision",
      "Name": "Green",
      "Index": 4.0
    },
    {
      "Type": "NightVision",
      "Name": "Light Green",
      "Index": 5.0
    },
    {
      "Type": "NightVision",
      "Name": "Light Purple",
      "Index": 6.0
    },
    {
      "Type": "NightVision",
      "Name": "Pink",
      "Index": 7.0
    },
    {
      "Type": "NightVision",
      "Name": "Original Elite Green",
      "Index": 8.0
    },
    {
      "Type": "OrbitLines",
      "Name": "Light Blue",
      "Index": 1.0
    },
    {
      "Type": "OrbitLines",
      "Name": "Red",
      "Index": 2.0
    },
    {
      "Type": "OrbitLines",
      "Name": "Green",
      "Index": 3.0
    },
    {
      "Type": "OrbitLines",
      "Name": "Light Green",
      "Index": 4.0
    },
    {
      "Type": "OrbitLines",
      "Name": "Dark Purple",
      "Index": 5.0
    },
    {
      "Type": "OrbitLines",
      "Name": "Light Purple",
      "Index": 6.0
    },
    {
      "Type": "OrbitLines",
      "Name": "Pink",
      "Index": 7.0
    },
    {
      "Type": "OrbitLines",
      "Name": "Light grey, white",
      "Index": 8.0
    },
    {
      "Type": "OrbitLines",
      "Name": "XML (User Defined)",
      "Index": 9.0
    },
    {
      "Type": "OrbitLines",
      "Name": "Black",
      "Index": 10.0
    },
    {
      "Type": "OrbitLines",
      "Name": "Original Elite",
      "Index": 11.0
    },
    {
      "Type": "GravityWell",
      "Name": "Light Blue",
      "Index": 1.0
    },
    {
      "Type": "GravityWell",
      "Name": "Red",
      "Index": 2.0
    },
    {
      "Type": "GravityWell",
      "Name": "Green",
      "Index": 3.0
    },
    {
      "Type": "GravityWell",
      "Name": "Light Green",
      "Index": 4.0
    },
    {
      "Type": "GravityWell",
      "Name": "Dark Purple",
      "Index": 5.0
    },
    {
      "Type": "GravityWell",
      "Name": "Light Purple",
      "Index": 6.0
    },
    {
      "Type": "GravityWell",
      "Name": "Pink",
      "Index": 7.0
    },
    {
      "Type": "GravityWell",
      "Name": "Light grey, white",
      "Index": 8.0
    },
    {
      "Type": "GravityWell",
      "Name": "XML (User Defined)",
      "Index": 9.0
    },
    {
      "Type": "GravityWell",
      "Name": "Black",
      "Index": 10.0
    },
    {
      "Type": "GravityWell",
      "Name": "Original Elite",
      "Index": 11.0
    },
    {
      "Type": "PlanetaryLandingReticle",
      "Name": "Green",
      "Index": 1.0
    },
    {
      "Type": "PlanetaryLandingReticle",
      "Name": "Light Blue",
      "Index": 2.0
    },
    {
      "Type": "PlanetaryLandingReticle",
      "Name": "Purple",
      "Index": 3.0
    },
    {
      "Type": "PlanetaryLandingReticle",
      "Name": "XML (User Defined)",
      "Index": 199.0
    },
    {
      "Type": "SupercruiseSpeedLines",
      "Name": "White",
      "Index": 1.0
    },
    {
      "Type": "SupercruiseSpeedLines",
      "Name": "Blue",
      "Index": 2.0
    },
    {
      "Type": "SupercruiseSpeedLines",
      "Name": "Green",
      "Index": 3.0
    },
    {
      "Type": "SupercruiseSpeedLines",
      "Name": "Purple",
      "Index": 4.0
    },
    {
      "Type": "SupercruiseSpeedLines",
      "Name": "Pink",
      "Index": 5.0
    },
    {
      "Type": "SupercruiseSpeedLines",
      "Name": "Elite orange",
      "Index": 6.0
    },
    {
      "Type": "SupercruiseSnow",
      "Name": "White",
      "Index": 1.0
    },
    {
      "Type": "SupercruiseSnow",
      "Name": "Blue",
      "Index": 2.0
    },
    {
      "Type": "SupercruiseSnow",
      "Name": "Green",
      "Index": 3.0
    },
    {
      "Type": "SupercruiseSnow",
      "Name": "Purple",
      "Index": 4.0
    },
    {
      "Type": "SupercruiseSnow",
      "Name": "Pink",
      "Index": 5.0
    },
    {
      "Type": "SupercruiseSnow",
      "Name": "Elite white",
      "Index": 6.0
    }
  ],
  "xml_profile": [
    {
      "key": "x124",
      "value": 0.0
    },
    {
      "key": "w153",
      "value": 1.0
    },
    {
      "key": "z157",
      "value": 1.0
    },
    {
      "key": "w157",
      "value": 0.8
    },

    {
      "key": "x158",
      "value": 1.0
    },
    {
      "key": "y158",
      "value": 1.0
    },
    {
      "key": "z158",
      "value": 1.0
    },

    {
      "key": "x159",
      "value": 1.0
    },
    {
      "key": "y159",
      "value": 1.0
    },
    {
      "key": "z159",
      "value": 1.0
    },

    {
      "key": "x160",
      "value": 1.0
    },
    {
      "key": "y160",
      "value": 1.0
    },
    {
      "key": "z160",
      "value": 1.0
    },

    {
      "key": "x153",
      "value": 1.0
    },
    {
      "key": "y153",
      "value": 1.0
    },
    {
      "key": "z153",
      "value": 1.0
    },

    {
      "key": "x154",
      "value": 1.0
    },
    {
      "key": "y154",
      "value": 1.0
    },
    {
      "key": "z154",
      "value": 1.0
    },

    {
      "key": "x155",
      "value": 1.0
    },
    {
      "key": "y155",
      "value": 1.0
    },
    {
      "key": "z155",
      "value": 1.0
    },

    {
      "key": "x150",
      "value": 1.0
    },
    {
      "key": "y150",
      "value": 1.0
    },
    {
      "key": "z150",
      "value": 1.0
    },

    {
      "key": "x151",
      "value": 1.0
    },
    {
      "key": "y151",
      "value": 1.0
    },
    {
      "key": "z151",
      "value": 1.0
    },

    {
      "key": "x152",
      "value": 1.0
    },
    {
      "key": "y152",
      "value": 1.0
    },
    {
      "key": "z152",
      "value": 1.0
    }
  ]
}