{
  "language": "pt",
  "game": "ED_Odissey",
  "author": "Blue Mystic",
  "ui_groups": [
    {
      "Name": "Panel_UP",
      "Title": "Painel (superior)",
      "Elements": [
        {
          "Category": "Painel de bate-papo",
          "Title": "Linhas do painel de bate-papo",
          "File": "Startup-Profile",
          "Key": "x137",
          "Value": 100.0,
          "ValueType": "Preset",
          "Type": "AdvancedMode",
          "Description": "Modo para linhas do painel de bate-papo (canto superior esquerdo) \r\n Observação: as cores serão ligeiramente diferentes das linhas do painel de informações porque as cores Elite originais são diferentes."
        },
        {
          "Category": "Painel de bate-papo",
          "Title": "Cor personalizada",
          "File": "Advanced",
          "Key": "x232|y232|z232|w232",
          "Value": -12490271.0,
          "ValueType": "Color",
          "Type": "CustomColor",
          "Description": "Cor personalizada para linhas do painel de bate-papo. (*Alfa)"
        },
        {
          "Category": "Painel de bate-papo",
          "Title": "Ícones do painel de bate-papo",
          "File": "Startup-Profile",
          "Key": "y137",
          "Value": 100.0,
          "ValueType": "Preset",
          "Type": "AdvancedMode",
          "Description": "Modo para ícones do painel de bate-papo."
        },
        {
          "Category": "Painel de bate-papo",
          "Title": "Cor personalizada",
          "File": "Advanced",
          "Key": "x233|y233|z233|w233",
          "Value": -12490271.0,
          "ValueType": "Color",
          "Type": "CustomColor",
          "Description": "Cor personalizada para ícones do painel de bate-papo. (*Alfa)"
        },
        {
          "Category": "Painel de informações",
          "Title": "Linhas do painel de informações",
          "File": "Startup-Profile",
          "Key": "w206",
          "Value": 100.0,
          "ValueType": "Preset",
          "Type": "AdvancedMode",
          "Description": "Modo para linhas do painel de informações (lado superior direito)"
        },
        {
          "Category": "Painel de informações",
          "Title": "Linhas do painel de informações",
          "File": "Advanced",
          "Key": "x208|y208|z208|w208",
          "Value": -12490271.0,
          "ValueType": "Color",
          "Type": "CustomColor",
          "Description": "Cor personalizada para as linhas do painel de informações. (*Alfa)"
        },
        {
          "Category": "Painel de informações",
          "Title": "Nome do navio",
          "File": "Startup-Profile",
          "Key": "z137",
          "Value": 100.0,
          "ValueType": "Preset",
          "Type": "AdvancedMode",
          "Description": "Cor do texto para o nome do navio."
        },
        {
          "Category": "Painel de informações",
          "Title": "Nome do navio",
          "File": "Advanced",
          "Key": "x235|y235|z235",
          "Value": -12490271.0,
          "ValueType": "Color",
          "Type": "CustomColor",
          "Description": "Cor personalizada para o nome do navio."
        },
        {
          "Category": "Painel de informações",
          "Title": "Brilho do nome do navio",
          "File": "Advanced",
          "Key": "w235",
          "Value": 1.0,
          "ValueType": "Brightness",
          "Type": "2X",
          "Description": "Brilho do nome do navio"
        },
        {
          "Category": "Painel de informações",
          "Title": "Brilho do fundo do nome do navio",
          "File": "Advanced",
          "Key": "w137",
          "Value": 1.0,
          "ValueType": "Brightness",
          "Type": "2X",
          "Description": "Brilho do fundo do nome do navio"
        }
      ]
    },
    {
      "Name": "Reticle",
      "Title": "Retícula de mira",
      "Elements": [
        {
          "Category": "Retículo de mira",
          "Title": "Retículo de mira",
          "File": "Startup-Profile",
          "Key": "y141",
          "Value": 100.0,
          "ValueType": "Preset",
          "Type": "AdvancedMode",
          "Description": "Modo para retículo de mira"
        },
        {
          "Category": "Retícula de mira",
          "Title": "Ícone de classificação",
          "File": "Startup-Profile",
          "Key": "w141",
          "Value": 100.0,
          "ValueType": "Preset",
          "Type": "RankIcon",
          "Description": "Ícone de classificação que aparece ao lado do navio alvo (apenas neutro / laranja)"
        },
        {
          "Category": "Retícula de mira - Componentes",
          "Title": "Tri-barras grandes",
          "File": "Advanced",
          "Key": "x56|y56|z56|w56",
          "Value": -12490271.0,
          "ValueType": "Color",
          "Type": "CustomColor",
          "Description": "Cor personalizada para tri-barras grandes (uma vertical na parte superior, duas diagonais na parte inferior). (*Alfa)"
        },
        {
          "Category": "Retícula de mira - Componentes",
          "Title": "Tri-barras pequenas",
          "File": "Advanced",
          "Key": "x57|y57|z57|w57",
          "Value": -12490271.0,
          "ValueType": "Color",
          "Type": "CustomColor",
          "Description": "Cor personalizada para Tri-barras pequenas. (*Alfa)"
        },
        {
          "Category": "Retícula de mira - Componentes",
          "Title": "Círculo grande",
          "File": "Advanced",
          "Key": "x58|y58|z58|w58",
          "Value": -12490271.0,
          "ValueType": "Color",
          "Type": "CustomColor",
          "Description": "Cor personalizada para o círculo grande. (*Alfa)"
        },
        {
          "Category": "Retícula de mira - Componentes",
          "Title": "Círculo principal",
          "File": "Advanced",
          "Key": "x59|y59|z59|w59",
          "Value": -12490271.0,
          "ValueType": "Color",
          "Type": "CustomColor",
          "Description": "Cor personalizada para o círculo principal. (*Alfa)"
        },
        {
          "Category": "Retícula de mira - Componentes",
          "Title": "Pontos de arma",
          "File": "Advanced",
          "Key": "x60|y60|z60|w60",
          "Value": -12490271.0,
          "ValueType": "Color",
          "Type": "CustomColor",
          "Description": "Cor personalizada para pontos de arma. (*Alfa)"
        },
        {
          "Category": "Retícula de mira - Componentes",
          "Title": "Ponto do mouse",
          "File": "Advanced",
          "Key": "x61|y61|z61|w61",
          "Value": -12490271.0,
          "ValueType": "Color",
          "Type": "CustomColor",
          "Description": "Cor personalizada para ponto do mouse. (*Alfa)"
        },
        {
          "Category": "Retícula de mira - Componentes",
          "Title": "Bloqueio de mísseis",
          "File": "Advanced",
          "Key": "x62|y62|z62|w62",
          "Value": -12490271.0,
          "ValueType": "Color",
          "Type": "CustomColor",
          "Description": "Cor personalizada para o bloqueio de mísseis (também animação de decolagem do planeta) * Alfa"
        },
        {
          "Category": "Metas ambientais e de destino",
          "Title": "Modo",
          "File": "Startup-Profile",
          "Key": "z141",
          "Value": 100.0,
          "ValueType": "Preset",
          "Type": "AdvancedMode",
          "Description": "Modo de metas ambientais e de destino (e bloqueio de mísseis)"
        },
        {
          "Category": "Metas ambientais e de destino",
          "Title": "Alvo de navio possível",
          "File": "Advanced",
          "Key": "x64|y64|z64|w64",
          "Value": -12490271.0,
          "ValueType": "Color",
          "Type": "CustomColor",
          "Description": "Cor personalizada para alvo de navio possível (não selecionado). (*Alfa)"
        },
        {
          "Category": "Metas ambientais e de destino",
          "Title": "Alvo de destino possível",
          "File": "Advanced",
          "Key": "x65|y65|z65|w65",
          "Value": -12490271.0,
          "ValueType": "Color",
          "Type": "CustomColor",
          "Description": "Cor personalizada para alvo de destino possível e seta relativa do mouse. (*Alfa)"
        },
        {
          "Category": "Metas ambientais e de destino",
          "Title": "Círculo de alvo de supercruzamento possível",
          "File": "Advanced",
          "Key": "x66|y66|z66|w66",
          "Value": -12490271.0,
          "ValueType": "Color",
          "Type": "CustomColor",
          "Description": "Cor personalizada para círculo de alvo de supercruzamento Possível. (*Alfa)"
        },
        {
          "Category": "Metas ambientais e de destino",
          "Title": "Círculo de destino de destino",
          "File": "Advanced",
          "Key": "x67|y67|z67|w67",
          "Value": -12490271.0,
          "ValueType": "Color",
          "Type": "CustomColor",
          "Description": "Cor personalizada para o círculo de destino de destino. (*Alfa)"
        },
        {
          "Category": "Metas ambientais e de destino",
          "Title": "Brilho do texto",
          "File": "Advanced",
          "Key": "w68",
          "Value": 0.4,
          "ValueType": "Brightness",
          "Type": "2X",
          "Description": "Alvo de destino Brilho do texto (o texto à direita do círculo)"
        },
        {
          "Category": "Metas ambientais e de destino",
          "Title": "Modo Rhombus cinza",
          "File": "Startup-Profile",
          "Key": "x107",
          "Value": 100.0,
          "ValueType": "Preset",
          "Type": "AdvancedMode",
          "Description": "Modo para Rhombus cinza (alvo potencial não biológico no ambiente)"
        },
        {
          "Category": "Metas ambientais e de destino",
          "Title": "Cor cinza Rhombus",
          "File": "Advanced",
          "Key": "x171|y171|z171|w171",
          "Value": -12490271.0,
          "ValueType": "Color",
          "Type": "CustomColor",
          "Description": "Cor personalizada para cinza Rhombus (alvo potencial não biológico no ambiente). (*Alfa)"
        },
        {
          "Category": "Metas ambientais e de destino",
          "Title": "Aumento de Rhombus cinza",
          "File": "Advanced",
          "Key": "y107",
          "Value": 1.0,
          "ValueType": "ONOFF",
          "Type": "ONOFF",
          "Description": "Aumento de opacidade em SRV"
        },
        {
          "Category": "Metas ambientais e de destino",
          "Title": "Texto de pouso planetário de navio (azul)",
          "File": "Advanced",
          "Key": "w107",
          "Value": 0.4,
          "ValueType": "Brightness",
          "Type": "2X",
          "Description": "No padrão Elite, o texto azul \"Navio protegido\" ao pousar é apagado. \r\n Aqui você pode reduzir o brilho deste texto (recomendado de 0,4 a 0,6)"
        }
      ]
    },
    {
      "Name": "Settings",
      "Title": "Configurações do HUD",
      "Elements": [
        {
          "Category": "Texto principal",
          "Title": "Modo de texto",
          "File": "Startup-Profile",
          "Key": "w75",
          "Value": 100.0,
          "ValueType": "Preset",
          "Type": "AdvancedMode",
          "Description": "Troca da cor do texto laranja (a maior parte do texto)."
        },
        {
          "Category": "Texto principal",
          "Title": "Cor do texto",
          "File": "Advanced",
          "Key": "x77|y77|z77|w77",
          "Value": -12490271.0,
          "ValueType": "Color",
          "Type": "CustomColour",
          "Description": "Cor personalizada para texto global. *Alfa*"
        },
        {
          "Category": "Texto principal",
          "Title": "Modo de texto destacado",
          "File": "Startup-Profile",
          "Key": "z87",
          "Value": 200.0,
          "ValueType": "Preset",
          "Type": "ShortMode",
          "Description": "Modo para texto destacado em todos os painéis."
        },
        {
          "Category": "Texto principal",
          "Title": "Cor do texto em destaque",
          "File": "Advanced",
          "Key": "x143|y143|z143|w143",
          "Value": -12490271.0,
          "ValueType": "Color",
          "Type": "CustomColour",
          "Description": "Cor personalizada para o texto em destaque em todos os painéis. *Alfa*"
        },
        {
          "Category": "Textos secundários",
          "Title": "Modo de texto",
          "File": "Startup-Profile",
          "Key": "y78",
          "Value": 200.0,
          "ValueType": "Preset",
          "Type": "AdvancedMode",
          "Description": "Troca de cor de texto azul (em torno do AHUD e do texto da missão, entre outros)."
        },
        {
          "Category": "Textos secundários",
          "Title": "Cor do texto",
          "File": "Advanced",
          "Key": "x82|y82|z82|w82",
          "Value": -12490271.0,
          "ValueType": "Color",
          "Type": "CustomColour",
          "Description": "Cor personalizada para textos secundários. *Alfa*"
        },
        {
          "Category": "Textos terciários",
          "Title": "Modo de texto",
          "File": "Startup-Profile",
          "Key": "z78",
          "Value": 200.0,
          "ValueType": "Preset",
          "Type": "AdvancedMode",
          "Description": "Troca de cor de texto em amarelo (destaque do OwnCarrier, texto do retículo de aterrissagem, entre outros)."
        },
        {
          "Category": "Textos terciários",
          "Title": "Cor do texto",
          "File": "Advanced",
          "Key": "x80|y80|z80|w80",
          "Value": -12490271.0,
          "ValueType": "Color",
          "Type": "CustomColour",
          "Description": "Cor personalizada para textos terciários. *Alfa*"
        },
        {
          "Category": "Mapa da galáxia",
          "Title": "Modo de ícone",
          "File": "Startup-Profile",
          "Key": "y84",
          "Value": 199.0,
          "ValueType": "Preset",
          "Type": "AdvancedMode",
          "Description": "Cor do ícone GalMap (excluindo Engenharia) e cor da Linha de Viagem."
        },
        {
          "Category": "Mapa da galáxia",
          "Title": "Cor do ícone",
          "File": "Advanced",
          "Key": "x85|y85|z85|w85",
          "Value": -12490271.0,
          "ValueType": "Color",
          "Type": "CustomColor",
          "Description": "Cor personalizada para a cor do ícone GalMap. *Alfa*"
        },
        {
          "Category": "Mapa da galáxia",
          "Title": "Modo de ícone de engenharia",
          "File": "Startup-Profile",
          "Key": "z84",
          "Value": 100.0,
          "ValueType": "Preset",
          "Type": "AdvancedMode",
          "Description": "Modo de ícone de engenharia GalMap"
        },
        {
          "Category": "Mapa da galáxia",
          "Title": "Cor do ícone de engenharia",
          "File": "Advanced",
          "Key": "x86|y86|z86|w86",
          "Value": -12490271.0,
          "ValueType": "Color",
          "Type": "CustomColor",
          "Description": "Cor personalizada para a cor do ícone de engenharia GalMap. *Alfa*"
        },
        {
          "Category": "Avisos - Excesso de velocidade",
          "Title": "Modo de cor",
          "File": "Startup-Profile",
          "Key": "y104",
          "Value": 100.0,
          "ValueType": "Preset",
          "Type": "AdvancedMode",
          "Description": "Modo para aviso de excesso de velocidade (somente linhas)"
        },
        {
          "Category": "Avisos - Excesso de velocidade",
          "Title": "Cor personalizada",
          "File": "Advanced",
          "Key": "x172|y172|z172",
          "Value": -12490271.0,
          "ValueType": "Color",
          "Type": "CustomColor",
          "Description": "Cor personalizada para aviso de excesso de velocidade (somente linhas)"
        },
        {
          "Category": "Avisos - Excesso de velocidade",
          "Title": "Brilho",
          "File": "Advanced",
          "Key": "w172",
          "Value": 1.1,
          "ValueType": "Brightness",
          "Type": "2X",
          "Description": "Brilho para aviso de excesso de velocidade (somente linhas)."
        },
        {
          "Category": "Avisos - Flac de liberação remota",
          "Title": "Modo de cor",
          "File": "Startup-Profile",
          "Key": "w174",
          "Value": 100.0,
          "ValueType": "Preset",
          "Type": "AdvancedMode",
          "Description": "Modo para Flac / lançador de flechette de liberação remota"
        },
        {
          "Category": "Avisos - Flac de liberação remota",
          "Title": "Cor personalizada",
          "File": "Advanced",
          "Key": "x173|y173|z173",
          "Value": -12490271.0,
          "ValueType": "Color",
          "Type": "CustomColor",
          "Description": "Cor personalizada para Flac / lançador de flechette de liberação remota. \r\n Nota: O sinal de disparo vermelho não pode ser modificado no momento. \r\n Os controles de brilho não estão disponíveis porque causa uma falha entre os Elementos externos e de proximidade; Para reduzir o brilho, basta reduzir seus valores RGB na mesma porcentagem"
        },
        {
          "Category": "Avisos - Flac de liberação remota",
          "Title": "Cor de proximidade do alvo",
          "File": "Advanced",
          "Key": "x174|y174|z1743",
          "Value": -12490271.0,
          "ValueType": "Color",
          "Type": "CustomColor",
          "Description": "Cor personalizada para Flac / lançador Flechette de liberação remota. \r\n Observação: O sinal de disparo vermelho não pode ser modificado no momento. \r\n Os controles de brilho não estão disponíveis porque causa uma falha entre os elementos externos e de proximidade; Para reduzir o brilho, basta reduzir seus valores RGB na mesma porcentagem"
        }
      ]
    },
    {
      "Name": "Panel_Lower",
      "Title": "Painel (inferior)",
      "Elements": [
        {
          "Category": "Painel inferior",
          "Title": "Linhas do painel (inferior)",
          "File": "Startup-Profile",
          "Key": "z104",
          "Value": 100.0,
          "ValueType": "Preset",
          "Type": "AdvancedMode",
          "Description": "valor para sua cor favorita das linhas do painel inferior."
        },
        {
          "Category": "Painel inferior",
          "Title": "Linhas do painel inferior",
          "File": "Advanced",
          "Key": "x204|y204|z204|w204",
          "Value": -12490271.0,
          "ValueType": "Color",
          "Type": "CustomColor",
          "Description": "(* Alpha) ** (se sua cor personalizada estiver próxima do laranja, adicione um pouco de azul (por exemplo, 0,1) para evitar uma falha no painel de segmentação. O painel de segmentação usa uma técnica de troca de cor que procura azul = 0)."
        },
        {
          "Category": "Painel de direcionamento",
          "Title": "Modo",
          "File": "Startup-Profile",
          "Key": "x140",
          "Value": 100.0,
          "ValueType": "Preset",
          "Type": "AdvancedMode",
          "Description": "Velocidade / Distância / Alinhamento em Supercruise. Excluindo as linhas do painel inferior e a cor do texto. \r\n Se a cor escolhida para os elementos Velocidade / Distância do Supercruise for próxima do laranja (vermelho alto, verde médio), adicione 0,1 azul para evitar uma falha"
        },
        {
          "Category": "Painel de direcionamento",
          "Title": "Alinhamento correto do destino (blocos)",
          "File": "Advanced",
          "Key": "x51|y51|z51",
          "Value": -12490271.0,
          "ValueType": "Color",
          "Type": "CustomColor",
          "Description": "Cor personalizada para blocos de alinhamento do destino (correto), barra e luz indicadora (seções azuis no Elite original)."
        },
        {
          "Category": "Painel de direcionamento",
          "Title": "Brilho",
          "File": "Advanced",
          "Key": "w51",
          "Value": 1.0,
          "ValueType": "Brightness",
          "Type": "2X",
          "Description": "Brilho para alinhamento do destino (correto)"
        },
        {
          "Category": "Painel de direcionamento",
          "Title": "Modo de linhas divisórias",
          "File": "Startup-Profile",
          "Key": "x78",
          "Value": 100.0,
          "ValueType": "Preset",
          "Type": "AdvancedMode",
          "Description": "Linhas divisórias no painel de segmentação no supercruise"
        },
        {
          "Category": "Painel de direcionamento",
          "Title": "Cor das linhas divisórias",
          "File": "Advanced",
          "Key": "x79|y79|z79",
          "Value": -12490271.0,
          "ValueType": "Color",
          "Type": "CustomColor",
          "Description": "Cor personalizada para as linhas divisórias no painel de segmentação no supercruise"
        },
        {
          "Category": "Painel de direcionamento",
          "Title": "Brilho das linhas divisórias",
          "File": "Advanced",
          "Key": "w79",
          "Value": 1.0,
          "ValueType": "Brightness",
          "Type": "2X",
          "Description": "Brilho dos ícones no painel de navegação e no painel de segmentação"
        },
        {
          "Category": "Painel de direcionamento",
          "Title": "Alinhamento incorreto do alvo (blocos)",
          "File": "Advanced",
          "Key": "x52|y52|z52",
          "Value": -12490271.0,
          "ValueType": "Color",
          "Type": "CustomColor",
          "Description": "Cor personalizada para blocos de alinhamento do alvo (incorreto / não alinhado) e luz indicadora (seções laranja no Elite original)."
        },
        {
          "Category": "Painel de direcionamento",
          "Title": "Brilho",
          "File": "Advanced",
          "Key": "w52",
          "Value": 1.0,
          "ValueType": "Brightness",
          "Type": "2X",
          "Description": "Brilho para alinhamento do destino (incorreto)"
        },
        {
          "Category": "Painel de direcionamento",
          "Title": "Alinhamento incorreto do alvo (barra)",
          "File": "Advanced",
          "Key": "x53|y53|z53",
          "Value": -12490271.0,
          "ValueType": "Color",
          "Type": "CustomColor",
          "Description": "Cor personalizada para o alinhamento do alvo supercruise (incorreto) barra, linhas divisórias (entre Distância / Velocidade / Alinhamento), ícones. Eles não podem ser mais separados .."
        },
        {
          "Category": "Painel de direcionamento",
          "Title": "Brilho",
          "File": "Advanced",
          "Key": "w53",
          "Value": 1.0,
          "ValueType": "Brightness",
          "Type": "2X",
          "Description": "Brilho para barra de alinhamento do alvo supercruise (incorreta)"
        },
        {
          "Category": "Painel de direcionamento",
          "Title": "Modo de ícones",
          "File": "Startup-Profile",
          "Key": "z75",
          "Value": 100.0,
          "ValueType": "Preset",
          "Type": "AdvancedMode",
          "Description": "Ícones no painel de navegação e no painel de segmentação"
        },
        {
          "Category": "Painel de direcionamento",
          "Title": "Cor dos ícones",
          "File": "Advanced",
          "Key": "x53|y53|z53",
          "Value": -12490271.0,
          "ValueType": "Color",
          "Type": "CustomColor",
          "Description": "Cor personalizada para ícones no painel de navegação e no painel de segmentação"
        },
        {
          "Category": "Painel de direcionamento",
          "Title": "Brilho dos ícones",
          "File": "Advanced",
          "Key": "w53",
          "Value": 1.0,
          "ValueType": "Brightness",
          "Type": "2X",
          "Description": "Brilho dos ícones no painel de navegação e no painel de segmentação"
        },
        {
          "Category": "Painel intermediário",
          "Title": "Avatar do painel intermediário",
          "File": "Advanced",
          "Key": "y157",
          "Value": 1.0,
          "ValueType": "Brightness",
          "Type": "2X",
          "Description": "Brilho / transparência do avatar no painel intermediário (3)"
        },
        {
          "Category": "Destaque do painel",
          "Title": "Modo de destaque do painel",
          "File": "Startup-Profile",
          "Key": "z68",
          "Value": 100.0,
          "ValueType": "Preset",
          "Type": "AdvancedMode",
          "Description": "(Nota: Isso também colore o indicador de velocidade atual, a barra de alinhamento do supercruise (quando não estiver alinhada), combustível ativo na barra de combustível. Infelizmente, não pode ser separado, mas você pode escolher a cor. Eu recomendo XML."
        },
        {
          "Category": "Destaque do painel",
          "Title": "Cor personalizada",
          "File": "Advanced",
          "Key": "x74|y74|z74",
          "Value": -12490271.0,
          "ValueType": "Color",
          "Type": "CustomColor",
          "Description": "Cor personalizada para blocos de alinhamento de destino (correto), barra e luz indicadora (seções azuis no Elite original)."
        },
        {
          "Category": "Destaque do painel",
          "Title": "Brilho",
          "File": "Advanced",
          "Key": "w74",
          "Value": 1.0,
          "ValueType": "Brightness",
          "Type": "2X",
          "Description": "Brilho do destaque do painel."
        },
        {
          "Category": "Painéis laterais",
          "Title": "Linhas principais",
          "File": "Startup-Profile",
          "Key": "x75",
          "Value": 100.0,
          "ValueType": "Preset",
          "Type": "AdvancedMode",
          "Description": "(Nota: Isso também colore o indicador de velocidade atual, a barra de alinhamento do supercruise (quando não estiver alinhada), combustível ativo na barra de combustível. Infelizmente, não pode ser separado, mas você pode escolher a cor. I recomendar XML."
        },
        {
          "Category": "Painéis laterais",
          "Title": "Cor personalizada",
          "File": "Advanced",
          "Key": "x76|y76|z76",
          "Value": -12490271.0,
          "ValueType": "Color",
          "Type": "CustomColor",
          "Description": "Cor personalizada para blocos de alinhamento de destino (correto), barra e luz indicadora (seções azuis no Elite original)."
        },
        {
          "Category": "Painéis laterais",
          "Title": "Brilho",
          "File": "Advanced",
          "Key": "w76",
          "Value": 1.0,
          "ValueType": "Brightness",
          "Type": "2X",
          "Description": "Brilho dos painéis laterais Linhas principais."
        },
        {
          "Category": "Painel de navegação",
          "Title": "Modo do painel de navegação",
          "File": "Startup-Profile",
          "Key": "z97",
          "Value": 100.0,
          "ValueType": "Preset",
          "Type": "NavPanel",
          "Description": "Pino / cunha do local atual (apenas o pino do local atual pode ser modificado para uma cor personalizada. O pino de destino é conectado a outros elementos / linhas no painel do navio)"
        },
        {
          "Category": "Painel de navegação",
          "Title": "Cor personalizada",
          "File": "Advanced",
          "Key": "x98|y98|z98|w98",
          "Value": -12490271.0,
          "ValueType": "Color",
          "Type": "CustomColor",
          "Description": "Cor personalizada para a cor do ícone de engenharia GalMap. *Alfa*"
        },
        {
          "Category": "Painel de missão",
          "Title": "Modo de painel de missão",
          "File": "Startup-Profile",
          "Key": "z89",
          "Value": 200.0,
          "ValueType": "Preset",
          "Type": "NavPanel",
          "Description": "Afeta a cor dos painéis de missão no painel de navegação, além do ícone de missão na tela de seleção de missão)"
        },
        {
          "Category": "Painel de missão",
          "Title": "Cor personalizada",
          "File": "Advanced",
          "Key": "x91|y91|z91",
          "Value": -12490271.0,
          "ValueType": "Color",
          "Type": "CustomColor",
          "Description": "Cor personalizada para painéis de missão no painel de navegação, além do ícone de missão na tela de seleção de missão."
        },
        {
          "Category": "Painel de manutenção",
          "Title": "Esboço do navio",
          "File": "Startup-Profile",
          "Key": "w78",
          "Value": 200.0,
          "ValueType": "Preset",
          "Type": "AdvancedMode",
          "Description": "Esboço do navio no painel de manutenção avançada (estação / transportadora)"
        },
        {
          "Category": "Painel de manutenção",
          "Title": "Cor personalizada",
          "File": "Advanced",
          "Key": "x146|y146|z146|w146",
          "Value": -12490271.0,
          "ValueType": "Color",
          "Type": "CustomColor",
          "Description": "Cor personalizada para esboço do navio. *Alfa"
        }
      ]
    },
    {
      "Name": "Lighting",
      "Title": "Iluminação da cabine",
      "Elements": [
        {
          "Category": "Cabine - Iluminação da cabine",
          "Title": "Modo de cor",
          "File": "Startup-Profile",
          "Key": "y68",
          "Value": 100.0,
          "ValueType": "Preset",
          "Type": "AmbientLights",
          "Description": "Modo para iluminação da cabine / cabine"
        },
        {
          "Category": "Cabine - Iluminação do cabine",
          "Title": "Estilo de iluminação",
          "File": "Advanced",
          "Key": "x68",
          "Value": 2.0,
          "ValueType": "Preset",
          "Type": "CabinLightingStyle",
          "Description": "0 = Restrito (próximo ao padrão Elite, a luz da cabine não cobre todo o cockpit) \r\n 1 = Completo (cobre mais do cockpit, em relação a 'Restrito', mas excluirá áreas de luz branca) \r\n 2 = Completo (Cobre as áreas 'Completas', além de algumas áreas de luz branca. Use o modo XML (em Startup-Profile.ini) para ver a luz multicolorida em alguns navios (as áreas laranja e áreas brancas irão reagir de forma diferente ao seu XML) \r\n 3 = Space Disco (luz de inundação com contaminação da pele, cabine inteira)."
        },
        {
          "Category": "Cabine - Iluminação do cabine",
          "Title": "Cor personalizada",
          "File": "Advanced",
          "Key": "x69|y69|z69",
          "Value": -12490271.0,
          "ValueType": "Color",
          "Type": "CustomColor",
          "Description": "Cor personalizada para cabine - Iluminação do cockpit."
        },
        {
          "Category": "Cabine - Iluminação do cabine",
          "Title": "Brilho",
          "File": "Advanced",
          "Key": "w69",
          "Value": 0.3,
          "ValueType": "Brightness",
          "Type": "2X",
          "Description": "Brilho para cabine - Iluminação do cockpit."
        },
        {
          "Category": "AmbientLights - Bi-color",
          "Title": "Left Color",
          "File": "Advanced",
          "Key": "x70|y70|z70",
          "Value": -12490271.0,
          "ValueType": "Color",
          "Type": "CustomColor",
          "Description": "(Experimental) - Melhor para usar no modo de iluminação COMPLETA."
        },
        {
          "Category": "AmbientLights - Bi-color",
          "Title": "Right Color",
          "File": "Advanced",
          "Key": "x71|y71|z71",
          "Value": -12490271.0,
          "ValueType": "Color",
          "Type": "CustomColor",
          "Description": "esta cor é adicionada à cor Base no lado direito do cockpit."
        },
        {
          "Category": "AmbientLights - Bi-color",
          "Title": "Brightness",
          "File": "Advanced",
          "Key": "w71",
          "Value": 1.0,
          "ValueType": "Brightness",
          "Type": "2X",
          "Description": "Brightness for AmbientLights - Bi-color."
        },
        {
          "Category": "Painéis de envio",
          "Title": "Plano de fundo do painel de envio",
          "File": "Startup-Profile",
          "Key": "x89",
          "Value": 100.0,
          "ValueType": "Preset",
          "Type": "ShipPanelOpacity",
          "Description": "(definir o nível padrão de opacidade em Advanced.ini, funciona em todos os modos de cor)"
        },
        {
          "Category": "Painéis do navio",
          "Title": "Plano de fundo do painel do navio",
          "File": "Advanced",
          "Key": "x90|y90|z90",
          "Value": -12490271.0,
          "ValueType": "Color",
          "Type": "CustomColor",
          "Description": "Cor personalizada para o plano de fundo do painel do navio e opacidade '. *Alfa*"
        },
        {
          "Category": "Painéis do navio",
          "Title": "Opacidade do plano de fundo do painel",
          "File": "Advanced",
          "Key": "w90",
          "Value": 1.0,
          "ValueType": "Brightness",
          "Type": "Brightness",
          "Description": "Opcaidade (Alfa) para o plano de fundo dos painéis do navio."
        },
        {
          "Category": "Painéis da estação",
          "Title": "Desenhos do painel",
          "File": "Startup-Profile",
          "Key": "w89",
          "Value": 100.0,
          "ValueType": "Preset",
          "Type": "AdvancedMode",
          "Description": "Arte e esboços nos painéis"
        },
        {
          "Category": "Painéis da estação",
          "Title": "Desenhos do painel",
          "File": "Advanced",
          "Key": "x92|y92|z92|w92",
          "Value": -12490271.0,
          "ValueType": "Color",
          "Type": "CustomColor",
          "Description": "Cor personalizada para os desenhos do painel. *Alfa*"
        }
      ]
    },
    {
      "Name": "SpecialFX",
      "Title": "Efeitos especiais",
      "Elements": [
        {
          "Category": "Space FX",
          "Title": "Supercruise SideLines",
          "File": "Startup-Profile",
          "Key": "w120",
          "Value": 0.0,
          "ValueType": "ONOFF",
          "Type": "ONOFF",
          "Description": "Interruptor para Remover Supercruise SideLines"
        },
        {
          "Category": "Space FX",
          "Title": "Supercruise Snow",
          "File": "Startup-Profile",
          "Key": "y121",
          "Value": 0.0,
          "ValueType": "ONOFF",
          "Type": "ONOFF",
          "Description": "Interruptor para Remover Supercruise Snow"
        },
        {
          "Category": "Space FX",
          "Title": "Space Dust",
          "File": "Startup-Profile",
          "Key": "z121",
          "Value": 0.0,
          "ValueType": "ONOFF",
          "Type": "ONOFF",
          "Description": "Switch para Space Dust (também conhecido como neve em vôo normal)"
        }
      ]
    },
    {
      "Name": "CHUD_AHUD",
      "Title": "HUD de combate e análise",
      "Elements": [
        {
          "Category": "HUD de combate",
          "Title": "Modo HUD de combate",
          "File": "Startup-Profile",
          "Key": "x141",
          "Value": 100.0,
          "ValueType": "Preset",
          "Type": "AdvancedMode",
          "Description": "** MODO HUD de combate (CHUD) ** \r\n Para um CHUD padrão, defina a cor 2 RGB (0,0,0) e a força de atenuação = 0 \r\n Para um pássaro de cor única of-Prey CHUD, defina a cor 2 RGB (0,0,0) e sua força de atenuação preferida (0,7 é um bom equilíbrio) \r\n Para um CHUD de synthwave (duas cores), defina a cor 2 RGB de acordo com sua preferência e Fade Strenth = 1"
        },
        {
          "Category": "HUD de combate",
          "Title": "Cor 1",
          "File": "Advanced",
          "Key": "x55|y55|z55",
          "Value": -12490271.0,
          "ValueType": "Color",
          "Type": "CustomColor",
          "Description": "Cor personalizada para Combat HUD - Cor 1 (cor superior)."
        },
        {
          "Category": "HUD de combate",
          "Title": "Cor 1 - Brilho",
          "File": "Advanced",
          "Key": "w55",
          "Value": 1.0,
          "ValueType": "Brightness",
          "Type": "2X",
          "Description": "Brilho da Cor 1 (cor superior)."
        },
        {
          "Category": "HUD de combate",
          "Title": "Cor 2",
          "File": "Advanced",
          "Key": "x48|y48|z48",
          "Value": -12490271.0,
          "ValueType": "Color",
          "Type": "CustomColor",
          "Description": "Cor personalizada para Combat HUD - Cor 2 (cor inferior)."
        },
        {
          "Category": "HUD de combate",
          "Title": "Fade Strength",
          "File": "Advanced",
          "Key": "w48",
          "Value": 1.0,
          "ValueType": "Brightness",
          "Type": "2X",
          "Description": "Fade Strength (ou Synthwave Color Balance:> 1 = mais Second Color, <1 = menos Second Color)."
        },
        {
          "Category": "HUD de combate",
          "Title": "Cor da munição",
          "File": "Advanced",
          "Key": "x45|y45|z45",
          "Value": -12490271.0,
          "ValueType": "Color",
          "Type": "CustomColor",
          "Description": "Cor personalizada para Combat HUD - Munição."
        },
        {
          "Category": "HUD de combate",
          "Title": "Brilho da munição",
          "File": "Advanced",
          "Key": "w45",
          "Value": 1.0,
          "ValueType": "Brightness",
          "Type": "2X",
          "Description": "Brilho da munição."
        },
        {
          "Category": "HUD de análise",
          "Title": "Análise de modo de HUD",
          "File": "Startup-Profile",
          "Key": "w140",
          "Value": 100.0,
          "ValueType": "Preset",
          "Type": "AdvancedMode",
          "Description": "Modo de radar"
        },
        {
          "Category": "HUD de análise",
          "Title": "HUD de análise",
          "File": "Advanced",
          "Key": "x54|y54|z54|w54",
          "Value": -12490271.0,
          "ValueType": "Color",
          "Type": "CustomColor",
          "Description": "Cor personalizada para HUD de análise. (*Alfa)"
        },
        {
          "Category": "HUD de análise",
          "Title": "Retículo de segmentação",
          "File": "Advanced",
          "Key": "x63|y63|z63|w63",
          "Value": -12490271.0,
          "ValueType": "Color",
          "Type": "CustomColor",
          "Description": "Cor personalizada para retículo do modo de análise quando no modo de combate. (*Alfa)"
        },
        {
          "Category": "HUD de análise",
          "Title": "Modo de texto AHUD",
          "File": "Startup-Profile",
          "Key": "w87",
          "Value": 100.0,
          "ValueType": "Preset",
          "Type": "AHUDText",
          "Description": "Modo para textos em torno de AHUD."
        },
        {
          "Category": "HUD de análise",
          "Title": "Cor do texto AHUD",
          "File": "Advanced",
          "Key": "x144|y144|z144|w144",
          "Value": -12490271.0,
          "ValueType": "Color",
          "Type": "CustomColor",
          "Description": "Cor personalizada para textos em torno do AHUD. *Alfa*"
        }
      ]
    },
    {
      "Name": "Foot_HUD",
      "Title": "HUD a pé",
      "Elements": [
        {
          "Category": "HUD de Traje - Panel",
          "Title": "Panel Mode",
          "File": "SuitHud",
          "Key": "x30",
          "Value": 199.0,
          "ValueType": "Preset",
          "Type": "AdvancedMode",
          "Description": "Nota: XML (estará falsificando uma base laranja para combinar com o HUD do navio)."
        },
        {
          "Category": "HUD de Traje - Painel",
          "Title": "Cor do painel",
          "File": "SuitHud",
          "Key": "x31|y31|z31",
          "Value": -12490271.0,
          "ValueType": "Color",
          "Type": "CustomColor",
          "Description": "Cor personalizada para painel de pé."
        },
        {
          "Category": "HUD de Traje - Painel",
          "Title": "Opacidade do painel",
          "File": "SuitHud",
          "Key": "w31",
          "Value": 1.0,
          "ValueType": "Brightness",
          "Type": "2X",
          "Description": "Brilho para painel de pé."
        },
        {
          "Category": "HUD de Traje - Painel",
          "Title": "Painéis do lado do navio",
          "File": "SuitHud",
          "Key": "x93",
          "Value": 0.0,
          "ValueType": "ONOFF",
          "Type": "ONOFF",
          "Description": "Opção para substituir elementos CIANO nos painéis do lado do navio. \r\n Ativar irá colorir os ícones de classificação de ciano e partes dos ícones no Painel de Navegação com seu XML e ciano. \r\n Isso também mudará a cor dos blocos de ciano na guia Armazenamento do painel do navio com a cor XML do painel."
        },
        {
          "Category": "HUD de Traje - Escudo",
          "Title": "Modo Escudo",
          "File": "SuitHud",
          "Key": "y30",
          "Value": 100.0,
          "ValueType": "Preset",
          "Type": "AdvancedMode",
          "Description": "Modo de Cor para Escudos"
        },
        {
          "Category": "HUD de Traje - Escudo",
          "Title": "Anel interno",
          "File": "SuitHud",
          "Key": "x32|y32|z32|w32",
          "Value": -12490271.0,
          "ValueType": "Color",
          "Type": "CustomColor",
          "Description": "Cor personalizada para Escudo de Pé Anel interno (* alfa)."
        },
        {
          "Category": "HUD de Traje - Escudo",
          "Title": "Anel do meio",
          "File": "SuitHud",
          "Key": "x33|y33|z33|w33",
          "Value": -12490271.0,
          "ValueType": "Color",
          "Type": "CustomColor",
          "Description": "Cor personalizada para Escudo de Pé Anel do meio (* alfa)."
        },
        {
          "Category": "HUD de Traje - Escudo",
          "Title": "Anel externo",
          "File": "SuitHud",
          "Key": "x34|y34|z34|w34",
          "Value": -12490271.0,
          "ValueType": "Color",
          "Type": "CustomColor",
          "Description": "Cor personalizada para escudo em pé. Anel externo (* alfa)."
        },
        {
          "Category": "HUD de Traje - Escudo",
          "Title": "Cor Escudo Inferior",
          "File": "SuitHud",
          "Key": "x35|y35|z35|w35",
          "Value": -12490271.0,
          "ValueType": "Color",
          "Type": "CustomColor",
          "Description": "Cor personalizada para Escudo Inferior a Pé (* alfa)."
        },
        {
          "Category": "HUD de Traje - Escudo",
          "Title": "Restaurando Escudo",
          "File": "SuitHud",
          "Key": "x36|y36|z36|w36",
          "Value": -12490271.0,
          "ValueType": "Color",
          "Type": "CustomColor",
          "Description": "Cor personalizada para Animação de Restauração de Escudo a Pé (* alfa)."
        },
        {
          "Category": "HUD de Traje - Textos",
          "Title": "Modo Textos",
          "File": "SuitHud",
          "Key": "z30",
          "Value": 100.0,
          "ValueType": "Preset",
          "Type": "AdvancedMode",
          "Description": "Nota: XML (estará falsificando uma base laranja para combinar com o HUD do navio)."
        },
        {
          "Category": "HUD de Traje - Textos",
          "Title": "Cor dos textos",
          "File": "SuitHud",
          "Key": "x37|y37|z37|w37",
          "Value": -12490271.0,
          "ValueType": "Color",
          "Type": "CustomColor",
          "Description": "Cor personalizada para textos a pé. (*Alfa)"
        },
        {
          "Category": "HUD de Traje - Textos",
          "Title": "Modo realçado",
          "File": "SuitHud",
          "Key": "w30",
          "Value": 100.0,
          "ValueType": "Preset",
          "Type": "AdvancedMode",
          "Description": "Texto realçado / invertido e cor do ícone."
        },
        {
          "Category": "HUD de Traje - Textos",
          "Title": "Cor realçada",
          "File": "SuitHud",
          "Key": "x38|y38|z38|w38",
          "Value": -12490271.0,
          "ValueType": "Color",
          "Type": "CustomColor",
          "Description": "Cor personalizada para textos realçados a pé. (*Alfa)"
        }
      ]
    },
    {
      "Name": "ShieldsHolo",
      "Title": "Escudo e navio Holo",
      "Elements": [
        {
          "Category": "Escudos",
          "Title": "Modo de Escudo",
          "File": "Startup-Profile",
          "Key": "z105",
          "Value": 101.0,
          "ValueType": "Preset",
          "Type": "ShieldColor",
          "Description": "Nota: Multi-escudo só funciona em resoluções> = 2560x1440, pode funcionar em 1920x1080. Aplicado a si mesmo e ao alvo."
        },
        {
          "Category": "Escudos",
          "Title": "Porcentagem de escudos% cor",
          "File": "Advanced",
          "Key": "x88|y88|z88",
          "Value": -12490271.0,
          "ValueType": "Color",
          "Type": "CustomColor",
          "Description": "Cor personalizada para porcentagem de escudos"
        },
        {
          "Category": "Escudos",
          "Title": "Porcentagem de escudo - Brilho",
          "File": "Advanced",
          "Key": "w88",
          "Value": 1.0,
          "ValueType": "Brightness",
          "Type": "2X",
          "Description": "Brilho para texto de porcentagem de escudo"
        },
        {
          "Category": "Multi-escudo",
          "Title": "Anel interno",
          "File": "Advanced",
          "Key": "x201|y201|z201|w201",
          "Value": -12490271.0,
          "ValueType": "Color",
          "Type": "CustomColor",
          "Description": "Cor do anel interno, somente para Multi-escudo. (Alfa)"
        },
        {
          "Category": "Multi-escudo",
          "Title": "Anel do meio",
          "File": "Advanced",
          "Key": "x202|y202|z202|w202",
          "Value": -12490271.0,
          "ValueType": "Color",
          "Type": "CustomColor",
          "Description": "Cor do anel do meio, somente para Multi-escudo. (Alfa)"
        },
        {
          "Category": "Multi-escudo",
          "Title": "Anel externo",
          "File": "Advanced",
          "Key": "x203|y203|z203|w203",
          "Value": -12490271.0,
          "ValueType": "Color",
          "Type": "CustomColor",
          "Description": "Cor do anel externo, somente para Multi-escudo. (Alfa)"
        },
        {
          "Category": "Escudo único",
          "Title": "Escudos abaixados",
          "File": "Advanced",
          "Key": "x87",
          "Value": 0.0,
          "ValueType": "Preset",
          "Type": "ShieldsDown",
          "Description": "Escudo de cor única - Escudo abaixado."
        },
        {
          "Category": "Escudo Único",
          "Title": "Escudos em Cima",
          "File": "Advanced",
          "Key": "x228|y228|z228",
          "Value": -12490271.0,
          "ValueType": "Color",
          "Type": "CustomColor",
          "Description": "Cor Escudo em Cima (em relação à cor Escudo em Baixo)."
        },
        {
          "Category": "Escudo único",
          "Title": "Brilho",
          "File": "Advanced",
          "Key": "w228",
          "Value": 1.0,
          "ValueType": "Brightness",
          "Type": "2X",
          "Description": "Brilho dos escudos gerais / Alfa (modo único)"
        },
        {
          "Category": "Escudo único",
          "Title": "Espessura do anel",
          "File": "Advanced",
          "Key": "y87",
          "Value": 1.0,
          "ValueType": "Brightness",
          "Type": "4X",
          "Description": "Brilho geral dos escudos / Alfa (modo único)"
        },
        {
          "Category": "Redemoinhos circulares",
          "Title": "Redemoinhos superiores - Modo",
          "File": "Startup-Profile",
          "Key": "z133",
          "Value": 100.0,
          "ValueType": "Preset",
          "Type": "AdvancedMode",
          "Description": "Redemoinhos circulares sob Holos"
        },
        {
          "Category": "Redemoinhos circulares",
          "Title": "Redemoinhos principais - Cor",
          "File": "Advanced",
          "Key": "x226|y226|z226",
          "Value": -12490271.0,
          "ValueType": "Color",
          "Type": "CustomColor",
          "Description": "Cor personalizada para redemoinhos circulares sob Holos"
        },
        {
          "Category": "Redemoinhos circulares",
          "Title": "Redemoinhos superiores - Brilho",
          "File": "Advanced",
          "Key": "w226",
          "Value": 1.5,
          "ValueType": "Brightness",
          "Type": "2X",
          "Description": "Brilho para redemoinhos principais"
        },
        {
          "Category": "Redemoinhos circulares",
          "Title": "Redemoinhos médios - Modo",
          "File": "Startup-Profile",
          "Key": "x135",
          "Value": 100.0,
          "ValueType": "Preset",
          "Type": "AdvancedMode",
          "Description": "Barras de status sob o escudo"
        },
        {
          "Category": "Redemoinhos circulares",
          "Title": "Redemoinhos médios - Cor",
          "File": "Advanced",
          "Key": "x215|y215|z215",
          "Value": -12490271.0,
          "ValueType": "Color",
          "Type": "CustomColor",
          "Description": "Cor personalizada para barras de status"
        },
        {
          "Category": "Redemoinhos circulares",
          "Title": "Redemoinhos médios - Brilho",
          "File": "Advanced",
          "Key": "w215",
          "Value": 1.0,
          "ValueType": "Brightness",
          "Type": "2X",
          "Description": "Brilho das barras de status"
        },
        {
          "Category": "Redemoinhos circulares",
          "Title": "Redemoinhos inferiores - Modo",
          "File": "Startup-Profile",
          "Key": "x134",
          "Value": 100.0,
          "ValueType": "Preset",
          "Type": "AdvancedMode",
          "Description": "Semicírculos finos na parte inferior do holograma"
        },
        {
          "Category": "Redemoinhos circulares",
          "Title": "Redemoinhos inferiores - Cor",
          "File": "Advanced",
          "Key": "x205|y205|z205|w205",
          "Value": -12490271.0,
          "ValueType": "Color",
          "Type": "CustomColor",
          "Description": "Cor personalizada para semicírculos finos na parte inferior do holograma. *Alfa"
        },
        {
          "Category": "Medidor do casco",
          "Title": "Modo de cor",
          "File": "Startup-Profile",
          "Key": "y134",
          "Value": 100.0,
          "ValueType": "Preset",
          "Type": "AdvancedMode",
          "Description": "Blocos para a saúde do casco, incluindo alvo"
        },
        {
          "Category": "Medidor do casco",
          "Title": "Cor personalizada",
          "File": "Advanced",
          "Key": "x212|y212|z212",
          "Value": -12490271.0,
          "ValueType": "Color",
          "Type": "CustomColor",
          "Description": "Cor personalizada para blocos sob o escudo, incluindo o alvo."
        },
        {
          "Category": "Medidor do casco",
          "Title": "Brilho",
          "File": "Advanced",
          "Key": "w212",
          "Value": 1.5,
          "ValueType": "Brightness",
          "Type": "2X",
          "Description": "Brilho para blocos sob o escudo"
        },
        {
          "Category": "Medidor do casco",
          "Title": "Medidor do casco - Sombreamento",
          "File": "Advanced",
          "Key": "w213",
          "Value": 4.0,
          "ValueType": "Brightness",
          "Type": "4X_Min",
          "Description": "Multiplicador de sombreamento (aplica-se somente ao modo sombreado)"
        },
        {
          "Category": "Medidor do casco",
          "Title": "Casco afetado por corrosão",
          "File": "Startup-Profile",
          "Key": "w170",
          "Value": 0.0,
          "ValueType": "Preset",
          "Type": "CausticEffect",
          "Description": "Blocos para a saúde do casco, incluindo alvo"
        },
        {
          "Category": "Medidor do casco",
          "Title": "Cor do casco afetado por cáustica",
          "File": "Advanced",
          "Key": "x170|y170|z170",
          "Value": -12490271.0,
          "ValueType": "Color",
          "Type": "CustomColor",
          "Description": "Cor personalizada para barras do casco afetado por cáusticos."
        },
        {
          "Category": "Holograma do Navio",
          "Title": "Holograma - Modo",
          "File": "Startup-Profile",
          "Key": "y101",
          "Value": 100.0,
          "ValueType": "Preset",
          "Type": "AdvancedMode",
          "Description": "Modo de holograma OwnShip \r\n Também inclui holograma de pouso, holograma SRV e terreno SRV no radar"
        },
        {
          "Category": "Holograma do Navio",
          "Title": "Holograma - Cor",
          "File": "Advanced",
          "Key": "x248|y248|z248",
          "Value": -12490271.0,
          "ValueType": "Color",
          "Type": "CustomColor",
          "Description": "Cor personalizada para Holograma OwnShip"
        },
        {
          "Category": "Holograma do Navio",
          "Title": "Holograma - Brilho",
          "File": "Advanced",
          "Key": "x132",
          "Value": 0.5,
          "ValueType": "Brightness",
          "Type": "2X",
          "Description": "Brilho do casco do holograma \r\n Para Ultra-tron, defina o brilho do casco para baixo (por exemplo, 0) e as linhas externas florescem alto (por exemplo, 0,5)"
        },
        {
          "Category": "Holograma do Navio",
          "Title": "Holograma - Flor",
          "File": "Advanced",
          "Key": "y132",
          "Value": 1.0,
          "ValueType": "Brightness",
          "Type": "2X",
          "Description": "Holo flor / brilho"
        },
        {
          "Category": "Holograma do Navio",
          "Title": "Linhas externas florescem",
          "File": "Advanced",
          "Key": "z132",
          "Value": 1.0,
          "ValueType": "Brightness",
          "Type": "2X",
          "Description": "Linhas externas florescem / brilham (padrão = 0) (este valor pode ser negativo, como -0,5)"
        },
        {
          "Category": "Holograma do Navio",
          "Title": "Brilho geral",
          "File": "Advanced",
          "Key": "z101",
          "Value": 1.0,
          "ValueType": "Brightness",
          "Type": "2X",
          "Description": "Brilho geral do holograma"
        },
        {
          "Category": "Holograma do Navio",
          "Title": "Linhas cintilantes",
          "File": "Advanced",
          "Key": "z109",
          "Value": 1.0,
          "ValueType": "ONOFF",
          "Type": "ONOFF",
          "Description": "Interruptor para holograma OwnShip Shimmer"
        },
        {
          "Category": "Holograma do Navio de destino",
          "Title": "Alvo neutro",
          "File": "Advanced",
          "Key": "x72|y72|z72",
          "Value": -12490271.0,
          "ValueType": "Color",
          "Type": "CustomColor",
          "Description": "Cor personalizada para holograma OwnShip"
        },
        {
          "Category": "Holograma do Navio de destino",
          "Title": "Alvo neutro - Brilho",
          "File": "Advanced",
          "Key": "x72",
          "Value": 1.0,
          "ValueType": "Brightness",
          "Type": "2X",
          "Description": "Brilho para o casco do holograma \r\n Para Ultra-tron, defina o brilho do casco para baixo (por exemplo, 0) e as linhas externas florescem alto (por exemplo, 0,5)"
        },
        {
          "Category": "Holograma do Navio de destino",
          "Title": "Brilho geral",
          "File": "Advanced",
          "Key": "y73",
          "Value": 0.5,
          "ValueType": "Brightness",
          "Type": "2X",
          "Description": "Brilho do holograma"
        },
        {
          "Category": "Holograma do navio de destino",
          "Title": "Brilho do alvo verde",
          "File": "Advanced",
          "Key": "z73",
          "Value": 0.5,
          "ValueType": "Brightness",
          "Type": "2X",
          "Description": "Brilho do holograma do alvo verde brilhante (alguns hologramas verdes têm brilho excessivo)"
        },
        {
          "Category": "Holograma do Navio de destino",
          "Title": "Linhas cintilantes",
          "File": "Advanced",
          "Key": "x73",
          "Value": 1.0,
          "ValueType": "ONOFF",
          "Type": "ONOFF",
          "Description": "Interruptor para holograma do alvo"
        },
        {
          "Category": "Holograma de aterrissagem",
          "Title": "Local de pouso DESLIGADO",
          "File": "Advanced",
          "Key": "x254|y254|z254",
          "Value": -12490271.0,
          "ValueType": "Color",
          "Type": "CustomColor",
          "Description": "Cor personalizada para o holograma de pouso"
        },
        {
          "Category": "Holograma de aterrissagem",
          "Title": "Local de pouso ON",
          "File": "Advanced",
          "Key": "x249|y249|z249",
          "Value": -12490271.0,
          "ValueType": "Color",
          "Type": "CustomColor",
          "Description": "Cor personalizada para local de pouso ON"
        },
        {
          "Category": "Holograma de aterrissagem",
          "Title": "Brilho",
          "File": "Advanced",
          "Key": "w254",
          "Value": 1.0,
          "ValueType": "Brightness",
          "Type": "2X",
          "Description": "Brilho do holograma de aterrissagem"
        },
        {
          "Category": "Retículo de aterrissagem planetário",
          "Title": "Modo de cor",
          "File": "Startup-Profile",
          "Key": "z107",
          "Value": 100.0,
          "ValueType": "Preset",
          "Type": "AdvancedMode",
          "Description": "Retículo de pouso planetário - Barras de rolamento e ângulo de descida"
        },
        {
          "Category": "Retícula de aterrissagem planetário",
          "Title": "Cor personalizada",
          "File": "Advanced",
          "Key": "x209|y209|z209|w209",
          "Value": -12490271.0,
          "ValueType": "Color",
          "Type": "CustomColor",
          "Description": "Cor personalizada para retícula de aterrissagem planetária."
        },
        {
          "Category": "Retícula de aterrissagem planetário",
          "Title": "Linha de pouso e montanhas-russas",
          "File": "Advanced",
          "Key": "x255|y255|z255|w255",
          "Value": -12490271.0,
          "ValueType": "Color",
          "Type": "CustomColor",
          "Description": "Cor personalizada para linha de pouso e montanha-russa (laranja) * Alpha"
        },
        {
          "Category": "Retículo de aterrissagem planetário",
          "Title": "Barra de altitude",
          "File": "Advanced",
          "Key": "x96|y96|z96|w96",
          "Value": -12490271.0,
          "ValueType": "Color",
          "Type": "CustomColor",
          "Description": "Cor personalizada para linha de pouso e montanha-russa (laranja) * Alpha"
        },
        {
          "Category": "Retículo de aterrissagem planetário",
          "Title": "Cor do texto",
          "File": "Advanced",
          "Key": "x95|y95|z95|w95",
          "Value": -12490271.0,
          "ValueType": "Color",
          "Type": "CustomColor",
          "Description": "Cor personalizada para texto em caixas de retículo * Alfa"
        },
        {
          "Category": "Retículo de aterrissagem planetário",
          "Title": "Brilho do texto",
          "File": "Advanced",
          "Key": "x97",
          "Value": 1.0,
          "ValueType": "Brightness",
          "Type": "2X",
          "Description": "Brilho do texto ao longo da barra de altitude (tende a estourar ao redor da retícula)"
        },
        {
          "Category": "Retículo de aterrissagem planetário",
          "Title": "Brilho do texto",
          "File": "Advanced",
          "Key": "y97",
          "Value": 1.0,
          "ValueType": "Brightness",
          "Type": "2X",
          "Description": "Brilho do texto para coordenadas de longitude / latitude, gravidade"
        },
        {
          "Category": "Holograma SRV",
          "Title": "Holograma SRV - Principal",
          "File": "Advanced",
          "Key": "x250|y250|z250|w250",
          "Value": -12490271.0,
          "ValueType": "Color",
          "Type": "CustomColor",
          "Description": "** (DESATIVADO) ** Cor personalizada para holograma SRV (* Alpha)"
        },
        {
          "Category": "Holograma SRV",
          "Title": "Holograma SRV - Pequeno",
          "File": "Advanced",
          "Key": "x251|y251|z251|w251",
          "Value": -12490271.0,
          "ValueType": "Color",
          "Type": "CustomColor",
          "Description": "Cor personalizada para holograma SRV. \r\n Alfa (é uma% do holograma principal alfa)"
        }
      ]
    },
    {
      "Name": "RadarHUD",
      "Title": "Radar e Grupo Comum",
      "Elements": [
        {
          "Category": "Navio de radar",
          "Title": "Modo de radar",
          "File": "Startup-Profile",
          "Key": "y106",
          "Value": 100.0,
          "ValueType": "Preset",
          "Type": "AdvancedMode",
          "Description": "Modo de radar"
        },
        {
          "Category": "Radar do navio",
          "Title": "Borda externa do radar",
          "File": "Advanced",
          "Key": "x236|y236|z236",
          "Value": -12490271.0,
          "ValueType": "Color",
          "Type": "CustomColor",
          "Description": "Componentes do radar externo Cor personalizada."
        },
        {
          "Category": "Radar do navio",
          "Title": "Brilho da borda externa",
          "File": "Advanced",
          "Key": "w236",
          "Value": 1.0,
          "ValueType": "Brightness",
          "Type": "2X",
          "Description": "Brilho do radar externo (a faixa normal é entre 0,3 e 1,0, mas você pode ir mais alto)"
        },
        {
          "Category": "Grade de radar",
          "Title": "Cor",
          "File": "Advanced",
          "Key": "x237|y237|z237",
          "Value": -12490271.0,
          "ValueType": "Color",
          "Type": "CustomColor",
          "Description": "Cor personalizada para grade de radar."
        },
        {
          "Category": "Grade de radar",
          "Title": "Brilho",
          "File": "Advanced",
          "Key": "w237",
          "Value": 0.8,
          "ValueType": "Brightness",
          "Type": "2X",
          "Description": "Brilho da grade de radar"
        },
        {
          "Category": "Widget de triângulo de radar",
          "Title": "Modo",
          "File": "Startup-Profile",
          "Key": "x138",
          "Value": 100.0,
          "ValueType": "Preset",
          "Type": "AdvancedMode",
          "Description": "Modo de widget de triângulo de radar"
        },
        {
          "Category": "Widget de radar de triângulo",
          "Title": "Cor personalizada",
          "File": "Advanced",
          "Key": "x239|y239|z239|w239",
          "Value": -12490271.0,
          "ValueType": "Color",
          "Type": "CustomColor",
          "Description": "Cor personalizada para o widget de radar de triângulo. (*Alfa)"
        },
        {
          "Category": "Widget de zoom do radar",
          "Title": "Modo",
          "File": "Startup-Profile",
          "Key": "w136",
          "Value": 100.0,
          "ValueType": "Preset",
          "Type": "AdvancedMode",
          "Description": "Modo para linhas de nível de zoom do radar"
        },
        {
          "Category": "Widget de zoom de radar",
          "Title": "Cor personalizada",
          "File": "Advanced",
          "Key": "x240|y240|z240|w240",
          "Value": -12490271.0,
          "ValueType": "Color",
          "Type": "CustomColor",
          "Description": "Cor personalizada para o widget de zoom de radar. (*Alfa)"
        },
        {
          "Category": "Widget de zoom do radar",
          "Title": "Linhas de nível",
          "File": "Advanced",
          "Key": "x231|y231|z231",
          "Value": -12490271.0,
          "ValueType": "Color",
          "Type": "CustomColor",
          "Description": "Linhas de nível de zoom do radar Cor personalizada."
        },
        {
          "Category": "Widget de zoom do radar",
          "Title": "Brilho das linhas de nível",
          "File": "Advanced",
          "Key": "w231",
          "Value": 1.2,
          "ValueType": "Brightness",
          "Type": "2X",
          "Description": "Brilho das linhas do nível de zoom do radar"
        },
        {
          "Category": "Objetos de radar - Supercruice",
          "Title": "Radar Bodies in Supercruice",
          "File": "Startup-Profile",
          "Key": "z138",
          "Value": 100.0,
          "ValueType": "Preset",
          "Type": "AdvancedMode",
          "Description": "Modo para Radar Bodies in Supercruice"
        },
        {
          "Category": "Objetos de radar - Supercruise",
          "Title": "Radar - Planetas",
          "File": "Advanced",
          "Key": "x241|y241|z241|w241",
          "Value": -12490271.0,
          "ValueType": "Color",
          "Type": "CustomColor",
          "Description": "Cor personalizada para corpos de radar em supercruise. (* Com Alpha)"
        },
        {
          "Category": "Objetos de radar - Supercruise",
          "Title": "Radar - Luas",
          "File": "Advanced",
          "Key": "x242|y242|z242|w242",
          "Value": -12490271.0,
          "ValueType": "Color",
          "Type": "CustomColor",
          "Description": "Cor personalizada para corpos de radar no Supercruise. (* Com Alpha)"
        },
        {
          "Category": "Objetos de radar - Supercruise",
          "Title": "Radar - Estrelas",
          "File": "Advanced",
          "Key": "x243|y243|z243|w243",
          "Value": -12490271.0,
          "ValueType": "Color",
          "Type": "CustomColor",
          "Description": "Cor personalizada para corpos de radar no Supercruise. (* Com Alpha)"
        },
        {
          "Category": "Objetos de radar - Supercruise",
          "Title": "Alvos neutros - Linhas",
          "File": "Advanced",
          "Key": "x244|y244|z244|w244",
          "Value": -12490271.0,
          "ValueType": "Color",
          "Type": "CustomColor",
          "Description": "Cor personalizada para linhas de objeto e montanhas-russas em Supercruise."
        },
        {
          "Category": "Objetos de radar",
          "Title": "Objetos de radar",
          "File": "Startup-Profile",
          "Key": "y139",
          "Value": 100.0,
          "ValueType": "Preset",
          "Type": "AdvancedMode",
          "Description": "Modo para objetos de radar em vôo normal"
        },
        {
          "Category": "Objetos de radar",
          "Title": "Remover objetos brancos",
          "File": "Startup-Profile",
          "Key": "x115",
          "Value": 0.0,
          "ValueType": "ONOFF",
          "Type": "ONOFF",
          "Description": "Interruptor para remover objetos brancos no radar (rastros, materiais, salvamento, etc.) em vôo padrão (não supercruise)"
        },
        {
          "Category": "Objetos de radar",
          "Title": "Radar - alvos neutros",
          "File": "Advanced",
          "Key": "x245|y245|z245|w245",
          "Value": -12490271.0,
          "ValueType": "Color",
          "Type": "CustomColor",
          "Description": "LARANJA Quadrados em ambos os modos de vôo; Linhas de objeto laranja e montanhas-russas em vôo normal. \r\n * Alfa"
        },
        {
          "Category": "Objetos de radar",
          "Title": "Alvos compatíveis com radar",
          "File": "Advanced",
          "Key": "x246|y246|z246|w246",
          "Value": -12490271.0,
          "ValueType": "Color",
          "Type": "CustomColor",
          "Description": "Quadrados, linhas e montanhas-russas VERDES em ambos os modos de voo. \r\n * Alfa"
        },
        {
          "Category": "Objetos de radar",
          "Title": "Radar - Alvos hostis",
          "File": "Advanced",
          "Key": "x247|y247|z247|w247",
          "Value": -12490271.0,
          "ValueType": "Color",
          "Type": "CustomColor",
          "Description": "Quadrados, linhas e montanhas-russas RED em ambos os modos de voo. \r\n * Alpha"
        },
        {
          "Category": "Componentes externos do radar",
          "Title": "Modo de cor",
          "File": "Startup-Profile",
          "Key": "x136",
          "Value": 100.0,
          "ValueType": "Preset",
          "Type": "AdvancedMode",
          "Description": "Modo para barra de calor e barra de velocidade"
        },
        {
          "Category": "Componentes externos do radar",
          "Title": "Cor personalizada",
          "File": "Advanced",
          "Key": "x221|y221|z221",
          "Value": -12490271.0,
          "ValueType": "Color",
          "Type": "CustomColor",
          "Description": "Componentes externos do radar Cor personalizada."
        },
        {
          "Category": "Componentes externos do radar",
          "Title": "Booster de barra",
          "File": "Advanced",
          "Key": "w221",
          "Value": 1.0,
          "ValueType": "Brightness",
          "Type": "2X",
          "Description": "Booster de barra (aumenta o brilho do fundo das barras de calor e velocidade principal)"
        },
        {
          "Category": "Componentes externos do radar",
          "Title": "Brilho",
          "File": "Advanced",
          "Key": "w222",
          "Value": 1.0,
          "ValueType": "Brightness",
          "Type": "2X",
          "Description": "Brilho geral (de todos os componentes externos do radar)"
        },
        {
          "Category": "Barra de velocidade ideal",
          "Title": "Cor personalizada",
          "File": "Advanced",
          "Key": "x222|y222|z222",
          "Value": -12490271.0,
          "ValueType": "Color",
          "Type": "CustomColor",
          "Description": "Cor da barra de velocidade ideal (os valores são relativos à cor principal; pode ser negativo para reduzir uma cor da cor principal)"
        },
        {
          "Category": "Objetos de radar",
          "Title": "Objetos de radar - Pouso",
          "File": "Startup-Profile",
          "Key": "x139",
          "Value": 100.0,
          "ValueType": "Preset",
          "Type": "AdvancedMode",
          "Description": "Modo para objetos de radar durante a aterrissagem, linha e montanha-russa"
        },
        {
          "Category": "Objetos de radar",
          "Title": "Objetos de radar - Pouso",
          "File": "Advanced",
          "Key": "x253|y253|z253|w253",
          "Value": -12490271.0,
          "ValueType": "Color",
          "Type": "CustomColor",
          "Description": "Cor personalizada para o terreno ao pousar em um planeta."
        },
        {
          "Category": "Scanner SRV",
          "Title": "Scanner SRV",
          "File": "Startup-Profile",
          "Key": "w210",
          "Value": 100.0,
          "ValueType": "Preset",
          "Type": "AdvancedMode",
          "Description": "Scanner SRV em cores"
        },
        {
          "Category": "Scanner SRV",
          "Title": "Scanner SRV - Cor primária",
          "File": "Advanced",
          "Key": "x210|y210|z210",
          "Value": -12490271.0,
          "ValueType": "Color",
          "Type": "CustomColor",
          "Description": "Cor primária do scanner SRV, cor de detecção de objeto."
        },
        {
          "Category": "Scanner SRV",
          "Title": "Scanner SRV - Cor secundária",
          "File": "Advanced",
          "Key": "x211|y211|z211",
          "Value": -12490271.0,
          "ValueType": "Color",
          "Type": "CustomColor",
          "Description": "Scanner SRV Cor secundária, cor de varredura do scanner."
        },
        {
          "Category": "Scanner SRV",
          "Title": "Alfa geral",
          "File": "Advanced",
          "Key": "w211",
          "Value": 1.0,
          "ValueType": "Brightness",
          "Type": "2X",
          "Description": "Scanner SRV - Alfa geral"
        },
        {
          "Category": "Scanner SRV",
          "Title": "Holograma de terreno no radar",
          "File": "Advanced",
          "Key": "x252|y252|z252|w252",
          "Value": -12490271.0,
          "ValueType": "Color",
          "Type": "CustomColor",
          "Description": "Cor personalizada para holograma de terreno no radar (enquanto em SRV)."
        },
        {
          "Category": "Scanner SRV",
          "Title": "SRV Scanner Elevation",
          "File": "Startup-Profile",
          "Key": "z139",
          "Value": 100.0,
          "ValueType": "Preset",
          "Type": "AdvancedMode",
          "Description": "Modo para SRV Radar Elevation linhas diagonais"
        },
        {
          "Category": "Scanner SRV",
          "Title": "Elevação do scanner SRV",
          "File": "Advanced",
          "Key": "x50|y50|z50|w50",
          "Value": -12490271.0,
          "ValueType": "Color",
          "Type": "CustomColor",
          "Description": "Cor personalizada para linhas diagonais de elevação do radar SRV. *Alfa*"
        },
        {
          "Category": "Scanner SRV",
          "Title": "Modo torre SRV",
          "File": "Startup-Profile",
          "Key": "w73",
          "Value": 100.0,
          "ValueType": "Preset",
          "Type": "AdvancedMode",
          "Description": "Torre SRV, pequena imagem de SRV no radar, além de elementos diversos"
        },
        {
          "Category": "Scanner SRV",
          "Title": "SRV Turret Color",
          "File": "Advanced",
          "Key": "x147|y147|z147|w147",
          "Value": -12490271.0,
          "ValueType": "Color",
          "Type": "CustomColor",
          "Description": "Cor personalizada para SRV Turret, pequena imagem de SRV no radar, além de elementos diversos. *Alfa*"
        },
        {
          "Category": "Scanner SRV",
          "Title": "Brilho",
          "File": "Advanced",
          "Key": "w70",
          "Value": 1.1,
          "ValueType": "Brightness",
          "Type": "2X",
          "Description": "Torre SRV, Aumento de brilho do distribuidor. \r\n O FDev aplica um filtro de amortecimento de cor estranha à tela da torre SRV. \r\n Use este valor para aumentar a cor do distribuidor (não será exatamente igual como distribuidor de navio / SRV devido ao filtro)"
        },
        {
          "Category": "Bússola",
          "Title": "Modo de cor",
          "File": "Startup-Profile",
          "Key": "w135",
          "Value": 100.0,
          "ValueType": "Preset",
          "Type": "AdvancedMode",
          "Description": "Cor da bússola"
        },
        {
          "Category": "Bússola",
          "Title": "Cor personalizada",
          "File": "Advanced",
          "Key": "x219|y219|z219",
          "Value": -12490271.0,
          "ValueType": "Color",
          "Type": "CustomColor",
          "Description": "Cor personalizada da bússola."
        },
        {
          "Category": "Bússola",
          "Title": "Brilho",
          "File": "Advanced",
          "Key": "w219",
          "Value": 1.0,
          "ValueType": "Brightness",
          "Type": "2X",
          "Description": "Amplificador de fundo da bússola"
        },
        {
          "Category": "Bússola",
          "Title": "Compass Dot",
          "File": "Advanced",
          "Key": "x220|y220|z220",
          "Value": -12490271.0,
          "ValueType": "Color",
          "Type": "CustomColor",
          "Description": "Compass Dot Cor personalizada."
        },
        {
          "Category": "Bússola",
          "Title": "Brilho do ponto da bússola",
          "File": "Advanced",
          "Key": "w220",
          "Value": 1.0,
          "ValueType": "Brightness",
          "Type": "2X",
          "Description": "Brilho do ponto da bússola \r\n (Observação: este elemento se comporta de maneira um pouco diferente dos outros. O mínimo recomendado é 0,7 de brilho)"
        }
      ]
    },
    {
      "Name": "Power_Distributor",
      "Title": "Distribuidor de energia",
      "Elements": [
        {
          "Category": "Distribuidor de energia",
          "Title": "Modo",
          "File": "Startup-Profile",
          "Key": "y136",
          "Value": 101.0,
          "ValueType": "Preset",
          "Type": "PowerDistributor",
          "Description": "Modo de distribuidor de energia"
        },
        {
          "Category": "Distribuidor de energia",
          "Title": "Cor do bloco superior",
          "File": "Advanced",
          "Key": "x223|y223|z223",
          "Value": -12490271.0,
          "ValueType": "Color",
          "Type": "CustomColor",
          "Description": "Cor personalizada para o bloco superior do distribuidor de três cores ou padrão (cor única)"
        },
        {
          "Category": "Distribuidor de energia",
          "Title": "Brilho do Bloco Superior",
          "File": "Advanced",
          "Key": "w223",
          "Value": 1.0,
          "ValueType": "Brightness",
          "Type": "2X",
          "Description": "Brilho para o Bloco Superior do Distribuidor Tricolor ou Padrão (cor única)"
        },
        {
          "Category": "Distribuidor tricolor",
          "Title": "Cor do bloco intermediário",
          "File": "Advanced",
          "Key": "x224|y224|z224",
          "Value": -12490271.0,
          "ValueType": "Color",
          "Type": "CustomColor",
          "Description": "Valores de cor personalizados para o bloco médio do tri-distribuidor."
        },
        {
          "Category": "Distribuidor tricolor",
          "Title": "Brilho do bloco do meio",
          "File": "Advanced",
          "Key": "w224",
          "Value": 1.0,
          "ValueType": "Brightness",
          "Type": "2X",
          "Description": "Brilho (alfa) para o bloco do meio"
        },
        {
          "Category": "Distribuidor tricolor",
          "Title": "Cor do bloco inferior",
          "File": "Advanced",
          "Key": "x225|y225|z225",
          "Value": -12490271.0,
          "ValueType": "Color",
          "Type": "CustomColor",
          "Description": "Valores de cor personalizados para o bloco inferior do tri-distribuidor."
        },
        {
          "Category": "Distribuidor tricolor",
          "Title": "Brilho do bloco inferior",
          "File": "Advanced",
          "Key": "w225",
          "Value": 1.0,
          "ValueType": "Brightness",
          "Type": "2X",
          "Description": "Brilho do bloco inferior"
        },
        {
          "Category": "Distribuidor de gradiente",
          "Title": "Cor 1",
          "File": "Advanced",
          "Key": "x47|y47|z47",
          "Value": -12490271.0,
          "ValueType": "Color",
          "Type": "CustomColor",
          "Description": "Cor personalizada para a cor 1: Cor superior do distribuidor de gradiente."
        },
        {
          "Category": "Distribuidor de gradiente",
          "Title": "Dominância 1",
          "File": "Advanced",
          "Key": "w47",
          "Value": 1.0,
          "ValueType": "Brightness",
          "Type": "4X",
          "Description": "Cor 1 dominância (valores> 1,0 aumentam a dominância, valores <1,0 diminuem a dominância)"
        },
        {
          "Category": "Distribuidor de gradiente",
          "Title": "Cor 2",
          "File": "Advanced",
          "Key": "x46|y46|z46",
          "Value": -12490271.0,
          "ValueType": "Color",
          "Type": "CustomColor",
          "Description": "Cor personalizada para a cor 2: Cor inferior do distribuidor de gradiente."
        },
        {
          "Category": "Distribuidor de gradiente",
          "Title": "Brilho",
          "File": "Advanced",
          "Key": "w46",
          "Value": 1.0,
          "ValueType": "Brightness",
          "Type": "2X",
          "Description": "Brilho geral do distribuidor de gradiente"
        },
        {
          "Category": "Distribuidor de energia - Pips",
          "Title": "Modo Pips",
          "File": "Startup-Profile",
          "Key": "w134",
          "Value": 100.0,
          "ValueType": "Preset",
          "Type": "AdvancedMode",
          "Description": "Modo Pips do distribuidor de energia"
        },
        {
          "Category": "Distribuidor de energia - Pips",
          "Title": "Cor Pips",
          "File": "Advanced",
          "Key": "x214|y214|z214",
          "Value": -12490271.0,
          "ValueType": "Color",
          "Type": "CustomColor",
          "Description": "Cor personalizada para Distribuidor de energia Pipsr."
        },
        {
          "Category": "Distribuidor de energia - Pips",
          "Title": "Brilho",
          "File": "Advanced",
          "Key": "w214",
          "Value": 1.0,
          "ValueType": "Brightness",
          "Type": "2X",
          "Description": "Brilho para Distribuidor de energia Pips"
        },
        {
          "Category": "Distribuidor de energia - Pips",
          "Title": "Booster pip não ativo",
          "File": "Advanced",
          "Key": "z134",
          "Value": 1.0,
          "ValueType": "Brightness",
          "Type": "2X",
          "Description": "Brilho para Pips inativos."
        },
        {
          "Category": "Blocos de seleção",
          "Title": "Modo",
          "File": "Startup-Profile",
          "Key": "z136",
          "Value": 100.0,
          "ValueType": "Preset",
          "Type": "AdvancedMode",
          "Description": "Modo de blocos de seleção de distribuidor"
        },
        {
          "Category": "Blocos de seleção",
          "Title": "Cor personalizada",
          "File": "Advanced",
          "Key": "x230|y230|z230",
          "Value": -12490271.0,
          "ValueType": "Color",
          "Type": "CustomColor",
          "Description": "Cor personalizada para blocos de seleção de distribuidor."
        },
        {
          "Category": "Blocos de seleção",
          "Title": "Brilho",
          "File": "Advanced",
          "Key": "w230",
          "Value": 1.0,
          "ValueType": "Brightness",
          "Type": "2X",
          "Description": "Brilho para blocos de seleção de distribuidor"
        },
        {
          "Category": "Barras RST (redefinir)",
          "Title": "Modo",
          "File": "Startup-Profile",
          "Key": "w133",
          "Value": 100.0,
          "ValueType": "Preset",
          "Type": "AdvancedMode",
          "Description": "Barras RST [..] sob o distribuidor"
        },
        {
          "Category": "Barras RST (redefinir)",
          "Title": "Cor personalizada",
          "File": "Advanced",
          "Key": "x227|y227|z227",
          "Value": -12490271.0,
          "ValueType": "Color",
          "Type": "CustomColor",
          "Description": "Cor personalizada para barras RST no distribuidor."
        },
        {
          "Category": "Barras RST (redefinir)",
          "Title": "Brilho",
          "File": "Advanced",
          "Key": "w227",
          "Value": 1.0,
          "ValueType": "Brightness",
          "Type": "2X",
          "Description": "Brilho para barras RST"
        }
      ]
    },
    {
      "Name": "FuelBars",
      "Title": "Barras de assinatura e combustível",
      "Elements": [
        {
          "Category": "Barra de assinatura",
          "Title": "Modo",
          "File": "Startup-Profile",
          "Key": "w106",
          "Value": 100.0,
          "ValueType": "Preset",
          "Type": "AdvancedMode",
          "Description": "Modo de barra de assinatura"
        },
        {
          "Category": "Barra de assinatura",
          "Title": "Cor primária",
          "File": "Advanced",
          "Key": "x206|y206|z206",
          "Value": -12490271.0,
          "ValueType": "Color",
          "Type": "CustomColor",
          "Description": "Cor primária, parte externa do sinal"
        },
        {
          "Category": "Barra de assinatura",
          "Title": "Cor secundária",
          "File": "Advanced",
          "Key": "x207|y207|z207",
          "Value": -12490271.0,
          "ValueType": "Color",
          "Type": "CustomColor",
          "Description": "Cor secundária, meio do sinal (em relação à cor primária)"
        },
        {
          "Category": "Barra de assinatura",
          "Title": "Alfa geral",
          "File": "Advanced",
          "Key": "w207",
          "Value": 1.0,
          "ValueType": "Brightness",
          "Type": "2X",
          "Description": "Alfa geral (transparência) para a barra de assinatura"
        },
        {
          "Category": "Barra de combustível",
          "Title": "Modo de barra de combustível",
          "File": "Startup-Profile",
          "Key": "y135",
          "Value": 100.0,
          "ValueType": "Preset",
          "Type": "AdvancedMode",
          "Description": "Modo de barra de combustível"
        },
        {
          "Category": "Barra de combustível",
          "Title": "Cor personalizada",
          "File": "Advanced",
          "Key": "x216|y216|z216",
          "Value": -12490271.0,
          "ValueType": "Color",
          "Type": "CustomColor",
          "Description": "Cor personalizada para a barra de combustível"
        },
        {
          "Category": "Barra de combustível",
          "Title": "Brilho",
          "File": "Advanced",
          "Key": "w216",
          "Value": 1.0,
          "ValueType": "Brightness",
          "Type": "2X",
          "Description": "Brilho da barra de combustível"
        },
        {
          "Category": "Barra de combustível",
          "Title": "Combustível para o próximo salto",
          "File": "Advanced",
          "Key": "x94|y94|z94",
          "Value": -12490271.0,
          "ValueType": "Color",
          "Type": "CustomColor",
          "Description": "(deve ter um sistema programado em seu computador Nav para ver este elemento)"
        },
        {
          "Category": "Barra de combustível",
          "Title": "Brilho do próximo salto",
          "File": "Advanced",
          "Key": "w94",
          "Value": 1.0,
          "ValueType": "Brightness",
          "Type": "2X",
          "Description": "Brilho do próximo salto, (não pode ficar invisível, fica preto em 0,0)"
        },
        {
          "Category": "Barra de combustível",
          "Title": "Modo de coleta de combustível",
          "File": "Startup-Profile",
          "Key": "x133",
          "Value": 200.0,
          "ValueType": "Preset",
          "Type": "AdvancedMode",
          "Description": "Modo para taxa / quantidade de coleta, não nível de aquecimento"
        },
        {
          "Category": "Barra de combustível",
          "Title": "Cor da colher de combustível",
          "File": "Advanced",
          "Key": "x145|y145|z145|w145",
          "Value": -12490271.0,
          "ValueType": "Color",
          "Type": "CustomColor",
          "Description": "Cor personalizada para a colher de combustível * Alpha"
        },
        {
          "Category": "Luzes de status",
          "Title": "Modo",
          "File": "Startup-Profile",
          "Key": "z135",
          "Value": 100.0,
          "ValueType": "Preset",
          "Type": "AdvancedMode",
          "Description": "Modo para luzes de status (Bloqueio de massa, Trem de pouso, Coletor de carga)."
        },
        {
          "Category": "Luzes de status",
          "Title": "Cor desligada",
          "File": "Advanced",
          "Key": "x217|y217|z217",
          "Value": -12490271.0,
          "ValueType": "Color",
          "Type": "CustomColor",
          "Description": "Cor personalizada para o estado da luz desligada."
        },
        {
          "Category": "Luzes de status",
          "Title": "Cor LIGADA",
          "File": "Advanced",
          "Key": "x218|y218|z218",
          "Value": -12490271.0,
          "ValueType": "Color",
          "Type": "CustomColor",
          "Description": "Cor personalizada para o estado LIGADO da luz."
        },
        {
          "Category": "Luzes de status",
          "Title": "Brilho",
          "File": "Advanced",
          "Key": "w217",
          "Value": 1.0,
          "ValueType": "Brightness",
          "Type": "2X",
          "Description": "Brilho das luzes de status"
        }
      ]
    },
    {
      "Name": "StationsPanels",
      "Title": "Painéis de navios e estações",
      "Elements": [

      ]
    }
  ],
  "Presets": [
    {
      "Type": "AdvancedMode",
      "Name": "Custom Color",
      "Index": 100.0
    },
    {
      "Type": "AdvancedMode",
      "Name": "XML (User Defined)",
      "Index": 199.0
    },
    {
      "Type": "AdvancedMode",
      "Name": "Elite Default",
      "Index": 200.0
    },
    {
      "Type": "ShortMode",
      "Name": "Custom Color",
      "Index": 100.0
    },
    {
      "Type": "ShortMode",
      "Name": "Elite Default",
      "Index": 200.0
    },
    {
      "Type": "NavPanel",
      "Name": "Custom Color",
      "Index": 100.0
    },
    {
      "Type": "NavPanel",
      "Name": "Elite Default",
      "Index": 200.0
    },
    {
      "Type": "AmbientLights",
      "Name": "Custom Single Color",
      "Index": 100.0
    },
    {
      "Type": "AmbientLights",
      "Name": "Custom Bi-colour",
      "Index": 101.0
    },
    {
      "Type": "AmbientLights",
      "Name": "XML (User Defined)",
      "Index": 199.0
    },
    {
      "Type": "AmbientLights",
      "Name": "Elite default",
      "Index": 200.0
    },
    {
      "Type": "CabinLightingStyle",
      "Name": "Restricted",
      "Index": 0.0
    },
    {
      "Type": "CabinLightingStyle",
      "Name": "Full",
      "Index": 1.0
    },
    {
      "Type": "CabinLightingStyle",
      "Name": "Complete",
      "Index": 2.0
    },
    {
      "Type": "CabinLightingStyle",
      "Name": "Space Disco",
      "Index": 3.0
    },
    {
      "Type": "ShipPanelOpacity",
      "Name": "Custom Color",
      "Index": 100.0
    },
    {
      "Type": "ShipPanelOpacity",
      "Name": "Space Grey (dark)",
      "Index": 101.0
    },
    {
      "Type": "ShipPanelOpacity",
      "Name": "XML (User Defined)",
      "Index": 199.0
    },
    {
      "Type": "ShipPanelOpacity",
      "Name": "Elite Default",
      "Index": 200.0
    },
    {
      "Type": "AHUDText",
      "Name": "Use Main Text Color",
      "Index": 100.0
    },
    {
      "Type": "AHUDText",
      "Name": "Custom",
      "Index": 101.0
    },
    {
      "Type": "AHUDText",
      "Name": "Elite Default",
      "Index": 200.0
    },
    {
      "Type": "ShieldColor",
      "Name": "Custom Multi-Shield",
      "Index": 100.0
    },
    {
      "Type": "ShieldColor",
      "Name": "Custom Single Color",
      "Index": 101.0
    },
    {
      "Type": "ShieldColor",
      "Name": "XML (User Defined)",
      "Index": 199.0
    },
    {
      "Type": "ShieldColor",
      "Name": "Elite default",
      "Index": 200.0
    },
    {
      "Type": "ShieldsDown",
      "Name": "Red - Default Elite",
      "Index": 0.0
    },
    {
      "Type": "ShieldsDown",
      "Name": "Black - Custom",
      "Index": 1.0
    },
    {
      "Type": "PowerDistributor",
      "Name": "Custom Single Color",
      "Index": 100.0
    },
    {
      "Type": "PowerDistributor",
      "Name": "Custom Gradient",
      "Index": 101.0
    },
    {
      "Type": "PowerDistributor",
      "Name": "Custom Tri-colour",
      "Index": 102.0
    },
    {
      "Type": "PowerDistributor",
      "Name": "XML (User Defined)",
      "Index": 199.0
    },
    {
      "Type": "PowerDistributor",
      "Name": "Elite default",
      "Index": 200.0
    },
    {
      "Type": "CausticEffect",
      "Name": "Original Elite yellow/green colour",
      "Index": 0.0
    },
    {
      "Type": "CausticEffect",
      "Name": "Custom Color",
      "Index": 1.0
    },
    {
      "Type": "RankIcon",
      "Name": "Use Main Text Color",
      "Index": 100.0
    },
    {
      "Type": "RankIcon",
      "Name": "Neutral target holo colour",
      "Index": 101.0
    },
    {
      "Type": "RankIcon",
      "Name": "XML (User Defined)",
      "Index": 199.0
    },
    {
      "Type": "RankIcon",
      "Name": "Elite Default",
      "Index": 200.0
    }
  ]
}