{"Name":"GlobalSettings","Title":"Global Settings","Elements":[{"Category":"Radar Objects","Title":"White Objects","File":"Startup-Profile","Section":"Constants","Key":"x115","Value":1.0,"ValueType":"ONOFF","Type":"ONOFF","Description":"Switch for White objects on the radar (wakes, materials, salvage etc) in standard flight (not supercruise)"},{"Category":"Colour Protection","Title":"Bright Yellow Protection","File":"Startup-Profile","Section":"Constants","Key":"z3","Value":1.0,"ValueType":"ONOFF","Type":"ONOFF","Description":"The mod protects certain default Elite colours to add variety to the panel and interactive screens (otherwise they all become coloured with your XML) You can override colour protection below.\r\nPlease note: This version of EDHM was designed with colour protection, so it's recommended you leave this setting ON (or possibly remove the bright yellows).\r\nThis is a new experimental feature, and if you spot any glitches please let me know Some icons aren't colour protected, they just aren't modded."},{"Category":"Colour Protection","Title":"General Yellow Protection","File":"Startup-Profile","Section":"Constants","Key":"y4","Value":1.0,"ValueType":"ONOFF","Type":"ONOFF","Description":"The mod protects certain default Elite colours to add variety to the panel and interactive screens (otherwise they all become coloured with your XML) You can override colour protection below.\r\nPlease note: This version of EDHM was designed with colour protection, so it's recommended you leave this setting ON (or possibly remove the bright yellows).\r\nThis is a new experimental feature, and if you spot any glitches please let me know Some icons aren't colour protected, they just aren't modded."},{"Category":"Colour Protection","Title":"White Protection","File":"Startup-Profile","Section":"Constants","Key":"z4","Value":1.0,"ValueType":"ONOFF","Type":"ONOFF","Description":"The mod protects certain default Elite colours to add variety to the panel and interactive screens (otherwise they all become coloured with your XML) You can override colour protection below.\r\nPlease note: This version of EDHM was designed with colour protection, so it's recommended you leave this setting ON (or possibly remove the bright yellows).\r\nThis is a new experimental feature, and if you spot any glitches please let me know Some icons aren't colour protected, they just aren't modded."},{"Category":"Colour Protection","Title":"Green Protection","File":"Startup-Profile","Section":"Constants","Key":"w4","Value":1.0,"ValueType":"ONOFF","Type":"ONOFF","Description":"The mod protects certain default Elite colours to add variety to the panel and interactive screens (otherwise they all become coloured with your XML) You can override colour protection below.\r\nPlease note: This version of EDHM was designed with colour protection, so it's recommended you leave this setting ON (or possibly remove the bright yellows).\r\nThis is a new experimental feature, and if you spot any glitches please let me know Some icons aren't colour protected, they just aren't modded."},{"Category":"Colour Protection","Title":"Red Protection","File":"Startup-Profile","Section":"Constants","Key":"x5","Value":1.0,"ValueType":"ONOFF","Type":"ONOFF","Description":"The mod protects certain default Elite colours to add variety to the panel and interactive screens (otherwise they all become coloured with your XML) You can override colour protection below.\r\nPlease note: This version of EDHM was designed with colour protection, so it's recommended you leave this setting ON (or possibly remove the bright yellows).\r\nThis is a new experimental feature, and if you spot any glitches please let me know Some icons aren't colour protected, they just aren't modded."},{"Category":"Colour Protection","Title":"Cyan / Blue Protection","File":"Startup-Profile","Section":"Constants","Key":"y5","Value":1.0,"ValueType":"ONOFF","Type":"ONOFF","Description":"The mod protects certain default Elite colours to add variety to the panel and interactive screens (otherwise they all become coloured with your XML) You can override colour protection below.\r\nPlease note: This version of EDHM was designed with colour protection, so it's recommended you leave this setting ON (or possibly remove the bright yellows).\r\nThis is a new experimental feature, and if you spot any glitches please let me know Some icons aren't colour protected, they just aren't modded."},{"Category":"Colour Protection","Title":"SuperPowers / Powers Icon Protection","File":"Startup-Profile","Section":"Constants","Key":"z5","Value":1.0,"ValueType":"ONOFF","Type":"ONOFF","Description":"The mod protects certain default Elite colours to add variety to the panel and interactive screens (otherwise they all become coloured with your XML) You can override colour protection below.\r\nPlease note: This version of EDHM was designed with colour protection, so it's recommended you leave this setting ON (or possibly remove the bright yellows).\r\nThis is a new experimental feature, and if you spot any glitches please let me know Some icons aren't colour protected, they just aren't modded."},{"Category":"Space FX","Title":"Space Dust","File":"Startup-Profile","Section":"Constants","Key":"z121","Value":1.0,"ValueType":"ONOFF","Type":"ONOFF","Description":"Switch for Space Dust (aka Snow in normal flight)"},{"Category":"Space FX","Title":"Supercruise Snow","File":"Startup-Profile","Section":"Constants","Key":"y121","Value":1.0,"ValueType":"ONOFF","Type":"ONOFF","Description":"Switch for Remove Supercruise Snow"}]}