{
    "Name":"GlobalSettings",
    "Title":"Global Settings",
    "Elements":[
        {
            "Category":"Radar Objects",
            "Title":"White Objects in Radar",
            "File":"Startup-Profile",
            "Section":"Constants",
            "Key":"x115",
            "Value":1.0,
            "ValueType":"ONOFF",
            "Type":"ONOFF",
            "Description":"Switch for white objects on radar (wakes, materials, salvage etc) in standard flight (not supercruise)"
        }
    ]
}