{
  "language": "de",
  "game": "ED_Odissey",
  "author": "Blue Mystic",
  "ui_groups": [
    {
      "Name": "Panel_UP",
      "Title": "Panel (oben)",
      "Elements": [
        {
          "Category": "Chat-Panel",
          "Title": "Chat-Panel-Zeilen",
          "File": "Startup-Profile",
          "Key": "x137",
          "Value": 100.0,
          "ValueType": "Preset",
          "Type": "AdvancedMode",
          "Description": "Modus für Chat-Panel-Zeilen (oben links)\r\nHinweis: Die Farben sehen etwas anders aus als die Info-Panel-Zeilen, da die ursprünglichen Elite-Farben anders sind."
        },
        {
          "Category": "Chat-Panel",
          "Title": "Benutzerdefinierte Farbe",
          "File": "Advanced",
          "Key": "x232|y232|z232|w232",
          "Value": -12490271.0,
          "ValueType": "Color",
          "Type": "CustomColor",
          "Description": "Benutzerdefinierte Farbe für Chat-Panel-Zeilen. (*Alpha)"
        },
        {
          "Category": "Chat-Panel",
          "Title": "Chat-Panel-Symbole",
          "File": "Startup-Profile",
          "Key": "y137",
          "Value": 100.0,
          "ValueType": "Preset",
          "Type": "AdvancedMode",
          "Description": "Modus für Chat-Panel-Symbole."
        },
        {
          "Category": "Chat-Panel",
          "Title": "Benutzerdefinierte Farbe",
          "File": "Advanced",
          "Key": "x233|y233|z233|w233",
          "Value": -12490271.0,
          "ValueType": "Color",
          "Type": "CustomColor",
          "Description": "Benutzerdefinierte Farbe für Chat-Panel-Symbole. (*Alpha)"
        },
        {
          "Category": "Info-Panel",
          "Title": "Info-Panel-Zeilen",
          "File": "Startup-Profile",
          "Key": "w206",
          "Value": 100.0,
          "ValueType": "Preset",
          "Type": "AdvancedMode",
          "Description": "Modus für Info-Panel-Zeilen (oben rechts)"
        },
        {
          "Category": "Info-Panel",
          "Title": "Info-Panel-Zeilen",
          "File": "Advanced",
          "Key": "x208|y208|z208|w208",
          "Value": -12490271.0,
          "ValueType": "Color",
          "Type": "CustomColor",
          "Description": "Benutzerdefinierte Farbe für Info-Panel-Zeilen. (*Alpha)"
        },
        {
          "Category": "Info-Panel",
          "Title": "Schiffsname",
          "File": "Startup-Profile",
          "Key": "z137",
          "Value": 100.0,
          "ValueType": "Preset",
          "Type": "AdvancedMode",
          "Description": "Textfarbe für den Schiffsnamen."
        },
        {
          "Category": "Info-Panel",
          "Title": "Schiffsname",
          "File": "Advanced",
          "Key": "x235|y235|z235",
          "Value": -12490271.0,
          "ValueType": "Color",
          "Type": "CustomColor",
          "Description": "Benutzerdefinierte Farbe für den Schiffsnamen."
        },
        {
          "Category": "Info-Panel",
          "Title": "Helligkeit des Schiffsnamens",
          "File": "Advanced",
          "Key": "w235",
          "Value": 1.0,
          "ValueType": "Brightness",
          "Type": "2X",
          "Description": "Helligkeit des Schiffsnamens"
        },
        {
          "Category": "Info-Panel",
          "Title": "Hintergrundbeleuchtung Schiffsname",
          "File": "Advanced",
          "Key": "w137",
          "Value": 1.0,
          "ValueType": "Brightness",
          "Type": "2X",
          "Description": "Hintergrundbeleuchtung Schiffsname"
        }
      ]
    },
    {
      "Name": "Reticle",
      "Title": "Zielabsehen",
      "Elements": [
        {
          "Category": "Zielabsehen",
          "Title": "Zielabsehen",
          "File": "Startup-Profile",
          "Key": "y141",
          "Value": 100.0,
          "ValueType": "Preset",
          "Type": "AdvancedMode",
          "Description": "Modus für Zielabsehen"
        },
        {
          "Category": "Zielabsehen",
          "Title": "Rangsymbol",
          "File": "Startup-Profile",
          "Key": "w141",
          "Value": 100.0,
          "ValueType": "Preset",
          "Type": "RankIcon",
          "Description": "Rangsymbol, das neben dem anvisierten Schiff erscheint (nur neutral / orange)"
        },
        {
          "Category": "Zielabsehen - Komponenten",
          "Title": "Große Tri-Bars",
          "File": "Advanced",
          "Key": "x56|y56|z56|w56",
          "Value": -12490271.0,
          "ValueType": "Color",
          "Type": "CustomColor",
          "Description": "Benutzerdefinierte Farbe für große Tri-Bars (eine vertikal oben, zwei diagonal unten). (*Alpha)"
        },
        {
          "Category": "Zielabsehen - Komponenten",
          "Title": "Kleine Tri-Bars",
          "File": "Advanced",
          "Key": "x57|y57|z57|w57",
          "Value": -12490271.0,
          "ValueType": "Color",
          "Type": "CustomColor",
          "Description": "Benutzerdefinierte Farbe für kleine Tri-Bars. (*Alpha)"
        },
        {
          "Category": "Zielabsehen - Komponenten",
          "Title": "Großer Kreis",
          "File": "Advanced",
          "Key": "x58|y58|z58|w58",
          "Value": -12490271.0,
          "ValueType": "Color",
          "Type": "CustomColor",
          "Description": "Benutzerdefinierte Farbe für großen Kreis. (*Alpha)"
        },
        {
          "Category": "Zielabsehen - Komponenten",
          "Title": "Führender Kreis",
          "File": "Advanced",
          "Key": "x59|y59|z59|w59",
          "Value": -12490271.0,
          "ValueType": "Color",
          "Type": "CustomColor",
          "Description": "Benutzerdefinierte Farbe für den führenden Kreis. (*Alpha)"
        },
        {
          "Category": "Zielabsehen - Komponenten",
          "Title": "Waffenpunkte",
          "File": "Advanced",
          "Key": "x60|y60|z60|w60",
          "Value": -12490271.0,
          "ValueType": "Color",
          "Type": "CustomColor",
          "Description": "Benutzerdefinierte Farbe für Waffenpunkte. (*Alpha)"
        },
        {
          "Category": "Zielabsehen - Komponenten",
          "Title": "Mauspunkt",
          "File": "Advanced",
          "Key": "x61|y61|z61|w61",
          "Value": -12490271.0,
          "ValueType": "Color",
          "Type": "CustomColor",
          "Description": "Benutzerdefinierte Farbe für Mauspunkt. (*Alpha)"
        },
        {
          "Category": "Zielabsehen - Komponenten",
          "Title": "Raketensperre",
          "File": "Advanced",
          "Key": "x62|y62|z62|w62",
          "Value": -12490271.0,
          "ValueType": "Color",
          "Type": "CustomColor",
          "Description": "Benutzerdefinierte Farbe für Raketensperre (auch Abheben von Planetenanimation) *Alpha"
        },
        {
          "Category": "Umgebungs- und Zielziele",
          "Title": "Modus",
          "File": "Startup-Profile",
          "Key": "z141",
          "Value": 100.0,
          "ValueType": "Preset",
          "Type": "AdvancedMode",
          "Description": "Umwelt- und Zielziele (& Raketensperre) Modus"
        },
        {
          "Category": "Umgebungs- und Zielziele",
          "Title": "Mögliches Schiffsziel",
          "File": "Advanced",
          "Key": "x64|y64|z64|w64",
          "Value": -12490271.0,
          "ValueType": "Color",
          "Type": "CustomColor",
          "Description": "Benutzerdefinierte Farbe für mögliches Schiffsziel (nicht ausgewählt). (*Alpha)"
        },
        {
          "Category": "Umgebungs- und Zielziele",
          "Title": "Mögliches Zielziel",
          "File": "Advanced",
          "Key": "x65|y65|z65|w65",
          "Value": -12490271.0,
          "ValueType": "Color",
          "Type": "CustomColor",
          "Description": "Benutzerdefinierte Farbe für mögliches Zielziel und relativen Mauspfeil. (*Alpha)"
        },
        {
          "Category": "Umgebungs- und Zielziele",
          "Title": "Möglicher Supercruise-Zielkreis",
          "File": "Advanced",
          "Key": "x66|y66|z66|w66",
          "Value": -12490271.0,
          "ValueType": "Color",
          "Type": "CustomColor",
          "Description": "Benutzerdefinierte Farbe für möglichen Supercruise-Zielkreis. (*Alpha)"
        },
        {
          "Category": "Umgebungs- und Zielziele",
          "Title": "Zielzielkreis",
          "File": "Advanced",
          "Key": "x67|y67|z67|w67",
          "Value": -12490271.0,
          "ValueType": "Color",
          "Type": "CustomColor",
          "Description": "Benutzerdefinierte Farbe für den Zielzielkreis. (*Alpha)"
        },
        {
          "Category": "Umgebungs- und Zielziele",
          "Title": "Texthelligkeit",
          "File": "Advanced",
          "Key": "w68",
          "Value": 0.4,
          "ValueType": "Brightness",
          "Type": "2X",
          "Description": "Zielziel Texthelligkeit (der Text rechts vom Kreis)"
        },
        {
          "Category": "Umgebungs- und Zielziele",
          "Title": "Grauer Rhombus-Modus",
          "File": "Startup-Profile",
          "Key": "x107",
          "Value": 100.0,
          "ValueType": "Preset",
          "Type": "AdvancedMode",
          "Description": "Modus für Grauen Rhombus (nicht-biologisches potenzielles Ziel in der Umgebung)"
        },
        {
          "Category": "Umgebungs- und Zielziele",
          "Title": "Graue Rautenfarbe",
          "File": "Advanced",
          "Key": "x171|y171|z171|w171",
          "Value": -12490271.0,
          "ValueType": "Color",
          "Type": "CustomColor",
          "Description": "Benutzerdefinierte Farbe für Graue Rauten (nicht biologisches potenzielles Ziel in der Umwelt). (*Alpha)"
        },
        {
          "Category": "Umgebungs- und Zielziele",
          "Title": "Graue Rhombus-Verstärkung",
          "File": "Advanced",
          "Key": "y107",
          "Value": 1.0,
          "ValueType": "ONOFF",
          "Type": "ONOFF",
          "Description": "Verstärkung der Deckkraft in SRV"
        },
        {
          "Category": "Umgebungs- und Zielziele",
          "Title": "Planetary Landing Text (blau)",
          "File": "Advanced",
          "Key": "w107",
          "Value": 0.4,
          "ValueType": "Brightness",
          "Type": "2X",
          "Description": "In der Standardeinstellung Elite wird der blaue Text \"Ship Secured\" bei der Landung ausgeblasen.\r\nHier können Sie die Helligkeit dieses Textes reduzieren (empfohlen 0,4 bis 0,6)"
        }
      ]
    },
    {
      "Name": "Settings",
      "Title": "HUD-Einstellungen",
      "Elements": [
        {
          "Category": "Haupttext",
          "Title": "Textmodus",
          "File": "Startup-Profile",
          "Key": "w75",
          "Value": 100.0,
          "ValueType": "Preset",
          "Type": "AdvancedMode",
          "Description": "Orangefarbener Textfarbwechsel (der Großteil des Textes)."
        },
        {
          "Category": "Haupttext",
          "Title": "Textfarbe",
          "File": "Advanced",
          "Key": "x77|y77|z77|w77",
          "Value": -12490271.0,
          "ValueType": "Color",
          "Type": "CustomColour",
          "Description": "Benutzerdefinierte Farbe für globalen Text. *Alpha*"
        },
        {
          "Category": "Haupttext",
          "Title": "Modus für hervorgehobenen Text",
          "File": "Startup-Profile",
          "Key": "z87",
          "Value": 200.0,
          "ValueType": "Preset",
          "Type": "ShortMode",
          "Description": "Modus für hervorgehobenen Text in allen Bedienfeldern."
        },
        {
          "Category": "Haupttext",
          "Title": "Hervorgehobene Textfarbe",
          "File": "Advanced",
          "Key": "x143|y143|z143|w143",
          "Value": -12490271.0,
          "ValueType": "Color",
          "Type": "CustomColour",
          "Description": "Benutzerdefinierte Farbe für hervorgehobenen Text in allen Panels. *Alpha*"
        },
        {
          "Category": "Sekundärtexte",
          "Title": "Textmodus",
          "File": "Startup-Profile",
          "Key": "y78",
          "Value": 200.0,
          "ValueType": "Preset",
          "Type": "AdvancedMode",
          "Description": "Blauer Textfarbwechsel (unter anderem um den AHUD- und Missionstext herum)."
        },
        {
          "Category": "Sekundärtexte",
          "Title": "Textfarbe",
          "File": "Advanced",
          "Key": "x82|y82|z82|w82",
          "Value": -12490271.0,
          "ValueType": "Color",
          "Type": "CustomColour",
          "Description": "Benutzerdefinierte Farbe für Sekundärtexte. *Alpha*"
        },
        {
          "Category": "Tertiärtexte",
          "Title": "Textmodus",
          "File": "Startup-Profile",
          "Key": "z78",
          "Value": 200.0,
          "ValueType": "Preset",
          "Type": "AdvancedMode",
          "Description": "Gelber Text-Farbwechsel (unter anderem Eigene Träger-Markierung, Landing-Absehen-Text)."
        },
        {
          "Category": "Tertiärtexte",
          "Title": "Textfarbe",
          "File": "Advanced",
          "Key": "x80|y80|z80|w80",
          "Value": -12490271.0,
          "ValueType": "Color",
          "Type": "CustomColour",
          "Description": "Benutzerdefinierte Farbe für Tertiärtexte. *Alpha*"
        },
        {
          "Category": "Galaxie-Karte",
          "Title": "Symbolmodus",
          "File": "Startup-Profile",
          "Key": "y84",
          "Value": 199.0,
          "ValueType": "Preset",
          "Type": "AdvancedMode",
          "Description": "GalMap-Symbolfarbe (außer Ingenieurwesen) und Farbe der Reiselinie."
        },
        {
          "Category": "Galaxie-Karte",
          "Title": "Symbolfarbe",
          "File": "Advanced",
          "Key": "x85|y85|z85|w85",
          "Value": -12490271.0,
          "ValueType": "Color",
          "Type": "CustomColor",
          "Description": "Benutzerdefinierte Farbe für GalMap-Symbolfarbe. *Alpha*"
        },
        {
          "Category": "Galaxie-Karte",
          "Title": "Engineering-Symbolmodus",
          "File": "Startup-Profile",
          "Key": "z84",
          "Value": 100.0,
          "ValueType": "Preset",
          "Type": "AdvancedMode",
          "Description": "GalMap-Engineering-Symbolmodus"
        },
        {
          "Category": "Galaxie-Karte",
          "Title": "Engineering Icon Colour",
          "File": "Advanced",
          "Key": "x86|y86|z86|w86",
          "Value": -12490271.0,
          "ValueType": "Color",
          "Type": "CustomColor",
          "Description": "Benutzerdefinierte Farbe für GalMap Engineering Icon Colour. *Alpha*"
        },
        {
          "Category": "Warnungen - Geschwindigkeitsüberschreitung",
          "Title": "Farbmodus",
          "File": "Startup-Profile",
          "Key": "y104",
          "Value": 100.0,
          "ValueType": "Preset",
          "Type": "AdvancedMode",
          "Description": "Modus für Geschwindigkeitswarnung (nur Linien)"
        },
        {
          "Category": "Warnungen - Geschwindigkeitsüberschreitung",
          "Title": "Benutzerdefinierte Farbe",
          "File": "Advanced",
          "Key": "x172|y172|z172",
          "Value": -12490271.0,
          "ValueType": "Color",
          "Type": "CustomColor",
          "Description": "Benutzerdefinierte Farbe für Geschwindigkeitswarnung (nur Linien)"
        },
        {
          "Category": "Warnungen - Geschwindigkeitsüberschreitung",
          "Title": "Helligkeit",
          "File": "Advanced",
          "Key": "w172",
          "Value": 1.1,
          "ValueType": "Brightness",
          "Type": "2X",
          "Description": "Helligkeit für Geschwindigkeitswarnung (nur Linien)."
        },
        {
          "Category": "Warnungen - Remote Release Flac",
          "Title": "Farbmodus",
          "File": "Startup-Profile",
          "Key": "w174",
          "Value": 100.0,
          "ValueType": "Preset",
          "Type": "AdvancedMode",
          "Description": "Modus für Remote Release Flac / Flechette Launcher"
        },
        {
          "Category": "Warnungen - Fernauslöser Flac",
          "Title": "Benutzerdefinierte Farbe",
          "File": "Advanced",
          "Key": "x173|y173|z173",
          "Value": -12490271.0,
          "ValueType": "Color",
          "Type": "CustomColor",
          "Description": "Benutzerdefinierte Farbe für Fernauslöser Flac / Flechette Launcher.\r\nHinweis: Das rote Triggersignal kann derzeit nicht modifiziert werden.\r\nHelligkeitsregler sind nicht verfügbar, da es einen Fehler zwischen den Äußere und Näherungselemente; Um die Helligkeit zu reduzieren, reduzieren Sie einfach Ihre RGB-Werte um denselben Prozentsatz"
        },
        {
          "Category": "Warnungen - Remote Release Flac",
          "Title": "Target Proximity Farbe",
          "File": "Advanced",
          "Key": "x174|y174|z1743",
          "Value": -12490271.0,
          "ValueType": "Color",
          "Type": "CustomColor",
          "Description": "Benutzerdefinierte Farbe für Remote Release Flac / Flechette Launcher.\r\nHinweis: Das rote Triggersignal kann derzeit nicht modifiziert werden.\r\nHelligkeitsregler sind nicht verfügbar, da es einen Fehler zwischen verursacht die Elemente Äußeres und Nähe; Um die Helligkeit zu reduzieren, reduzieren Sie einfach Ihre RGB-Werte um denselben ProzentsatzPanel (unten)"
        }
      ]
    },
    {
      "Name": "Panel_Lower",
      "Title": "Unteres Panel ",
      "Elements": [
        {
          "Category": "Unteres Panel",
          "Title": "Panel-Linien (unten)",
          "File": "Startup-Profile",
          "Key": "z104",
          "Value": 100.0,
          "ValueType": "Preset",
          "Type": "AdvancedMode",
          "Description": "Wert für Ihre Lieblingsfarbe der Lower Panel Lines."
        },
        {
          "Category": "Unteres Panel",
          "Title": "Untere Bedienfeldzeilen",
          "File": "Advanced",
          "Key": "x204|y204|z204|w204",
          "Value": -12490271.0,
          "ValueType": "Color",
          "Type": "CustomColor",
          "Description": "(*Alpha) ** (Wenn Ihre benutzerdefinierte Farbe nahe an Orange liegt, fügen Sie ein wenig Blau hinzu (z. B. 0,1), um einen Fehler im Zielfeld zu vermeiden. Das Zielfeld verwendet eine Farbwechseltechnik, die sucht nach blau = 0)."
        },
        {
          "Category": "Zieltafel",
          "Title": "Modus",
          "File": "Startup-Profile",
          "Key": "x140",
          "Value": 100.0,
          "ValueType": "Preset",
          "Type": "AdvancedMode",
          "Description": "Geschwindigkeit/Entfernung/Ausrichtung in Supercruise. Mit Ausnahme der unteren Panellinien und der Textfarbe.\r\nWenn Ihre gewählte Farbe für Supercruise-Geschwindigkeits-/Distance-Elemente nahe an Orange ist (hohes Rot, mittleres Grün), fügen Sie 0,1 Blau hinzu, um einen Fehler zu vermeiden"
        },
        {
          "Category": "Zieltafel",
          "Title": "Korrekte Zielausrichtung (Blöcke)",
          "File": "Advanced",
          "Key": "x51|y51|z51",
          "Value": -12490271.0,
          "ValueType": "Color",
          "Type": "CustomColor",
          "Description": "Benutzerdefinierte Farbe für die Zielausrichtung (korrekte) Blöcke, Balken und Anzeigelicht (blaue Abschnitte im Original Elite)."
        },
        {
          "Category": "Zieltafel",
          "Title": "Helligkeit",
          "File": "Advanced",
          "Key": "w51",
          "Value": 1.0,
          "ValueType": "Brightness",
          "Type": "2X",
          "Description": "Helligkeit für die Ausrichtung des Ziels (korrekt)"
        },
        {
          "Category": "Zieltafel",
          "Title": "Trennlinienmodus",
          "File": "Startup-Profile",
          "Key": "x78",
          "Value": 100.0,
          "ValueType": "Preset",
          "Type": "AdvancedMode",
          "Description": "Trennlinien im Zielbereich in Supercruise"
        },
        {
          "Category": "Zieltafel",
          "Title": "Farbe der Trennlinien",
          "File": "Advanced",
          "Key": "x79|y79|z79",
          "Value": -12490271.0,
          "ValueType": "Color",
          "Type": "CustomColor",
          "Description": "Benutzerdefinierte Farbe für Trennlinien auf dem Targeting-Panel in Supercruise"
        },
        {
          "Category": "Zieltafel",
          "Title": "Helligkeit der Trennlinien",
          "File": "Advanced",
          "Key": "w79",
          "Value": 1.0,
          "ValueType": "Brightness",
          "Type": "2X",
          "Description": "Helligkeit für Symbole im Nav-Panel und Targeting-Panel"
        },
        {
          "Category": "Zieltafel",
          "Title": "Falsche Zielausrichtung (Blöcke)",
          "File": "Advanced",
          "Key": "x52|y52|z52",
          "Value": -12490271.0,
          "ValueType": "Color",
          "Type": "CustomColor",
          "Description": "Benutzerdefinierte Farbe für die Zielausrichtung (falsche / nicht ausgerichtete) Blöcke und Anzeigelicht (orange Abschnitte im Original Elite)."
        },
        {
          "Category": "Zieltafel",
          "Title": "Helligkeit",
          "File": "Advanced",
          "Key": "w52",
          "Value": 1.0,
          "ValueType": "Brightness",
          "Type": "2X",
          "Description": "Helligkeit für Zielausrichtung (falsch)"
        },
        {
          "Category": "Zieltafel",
          "Title": "Falsche Zielausrichtung (Balken)",
          "File": "Advanced",
          "Key": "x53|y53|z53",
          "Value": -12490271.0,
          "ValueType": "Color",
          "Type": "CustomColor",
          "Description": "Benutzerdefinierte Farbe für Supercruise-Zielausrichtung (falsche) Balken, Trennlinien (zwischen Distanz/Geschwindigkeit/Ausrichtung), Symbole. Diese lassen sich nicht weiter trennen.."
        },
        {
          "Category": "Zieltafel",
          "Title": "Helligkeit",
          "File": "Advanced",
          "Key": "w53",
          "Value": 1.0,
          "ValueType": "Brightness",
          "Type": "2X",
          "Description": "Helligkeit für Supercruise-Zielausrichtungsleiste (falsch)"
        },
        {
          "Category": "Zieltafel",
          "Title": "Symbole-Modus",
          "File": "Startup-Profile",
          "Key": "z75",
          "Value": 100.0,
          "ValueType": "Preset",
          "Type": "AdvancedMode",
          "Description": "Symbole im Nav-Panel und Targeting-Panel"
        },
        {
          "Category": "Zieltafel",
          "Title": "Symbolfarbe",
          "File": "Advanced",
          "Key": "x53|y53|z53",
          "Value": -12490271.0,
          "ValueType": "Color",
          "Type": "CustomColor",
          "Description": "Benutzerdefinierte Farbe für Symbole im Nav-Panel und Targeting-Panel"
        },
        {
          "Category": "Zieltafel",
          "Title": "Symbole Helligkeit",
          "File": "Advanced",
          "Key": "w53",
          "Value": 1.0,
          "ValueType": "Brightness",
          "Type": "2X",
          "Description": "Helligkeit für Icons im Nav Panel und Targeting Panel"
        },
        {
          "Category": "Mittleres Panel",
          "Title": "Mittelpanel-Avatar",
          "File": "Advanced",
          "Key": "y157",
          "Value": 1.0,
          "ValueType": "Brightness",
          "Type": "2X",
          "Description": "Helligkeit/Transparenz des Avatars im mittleren Panel (3)"
        },
        {
          "Category": "Panel-Hervorhebung",
          "Title": "Panel-Highlight-Modus",
          "File": "Startup-Profile",
          "Key": "z68",
          "Value": 100.0,
          "ValueType": "Preset",
          "Type": "AdvancedMode",
          "Description": "(Hinweis: Dies färbt auch die aktuelle Geschwindigkeitsanzeige, den Supercruise-Ausrichtungsbalken (wenn nicht ausgerichtet), den aktiven Kraftstoff auf dem Tankbalken. Er kann leider nicht getrennt werden, aber Sie können die Farbe auswählen. Ich empfehle XML."
        },
        {
          "Category": "Panel-Hervorhebung",
          "Title": "Benutzerdefinierte Farbe",
          "File": "Advanced",
          "Key": "x74|y74|z74",
          "Value": -12490271.0,
          "ValueType": "Color",
          "Type": "CustomColor",
          "Description": "Benutzerdefinierte Farbe für Zielausrichtung (korrekte) Blöcke, Balken und Anzeigelicht (blaue Abschnitte im Original-Elite)."
        },
        {
          "Category": "Panel-Hervorhebung",
          "Title": "Helligkeit",
          "File": "Advanced",
          "Key": "w74",
          "Value": 1.0,
          "ValueType": "Brightness",
          "Type": "2X",
          "Description": "Helligkeit für das Panel-Highlight."
        },
        {
          "Category": "Seitenwände",
          "Title": "Hauptlinien",
          "File": "Startup-Profile",
          "Key": "x75",
          "Value": 100.0,
          "ValueType": "Preset",
          "Type": "AdvancedMode",
          "Description": "(Hinweis: Dies färbt auch die aktuelle Geschwindigkeitsanzeige, den Supercruise-Ausrichtungsbalken (wenn nicht ausgerichtet), den aktiven Kraftstoff auf dem Tankbalken. Er kann leider nicht getrennt werden, aber Sie können die Farbe wählen. I XML empfehlen."
        },
        {
          "Category": "Seitenwände",
          "Title": "Benutzerdefinierte Farbe",
          "File": "Advanced",
          "Key": "x76|y76|z76",
          "Value": -12490271.0,
          "ValueType": "Color",
          "Type": "CustomColor",
          "Description": "Benutzerdefinierte Farbe für Zielausrichtung (korrekte) Blöcke, Balken und Anzeigelicht (blaue Abschnitte im Original Elite)."
        },
        {
          "Category": "Seitenwände",
          "Title": "Helligkeit",
          "File": "Advanced",
          "Key": "w76",
          "Value": 1.0,
          "ValueType": "Brightness",
          "Type": "2X",
          "Description": "Helligkeit für die Hauptlinien der Seitenwände."
        },
        {
          "Category": "Nav Panel",
          "Title": "Nav-Panel-Modus",
          "File": "Startup-Profile",
          "Key": "z97",
          "Value": 100.0,
          "ValueType": "Preset",
          "Type": "NavPanel",
          "Description": "Aktueller Standort-Pin/Keil (nur der aktuelle Standort-Pin kann in eine benutzerdefinierte Farbe geändert werden. Der Ziel-Pin ist mit anderen Elementen/Linien auf dem Schiffs-Panel verbunden)"
        },
        {
          "Category": "Nav Panel",
          "Title": "Benutzerdefinierte Farbe",
          "File": "Advanced",
          "Key": "x98|y98|z98|w98",
          "Value": -12490271.0,
          "ValueType": "Color",
          "Type": "CustomColor",
          "Description": "Benutzerdefinierte Farbe für GalMap Engineering Symbolfarbe. *Alpha*"
        },
        {
          "Category": "Missionsfenster",
          "Title": "Missionsfenstermodus",
          "File": "Startup-Profile",
          "Key": "z89",
          "Value": 200.0,
          "ValueType": "Preset",
          "Type": "NavPanel",
          "Description": "Beeinflusst die Farbe der Missionsfenster im Navigationsfenster sowie das Missionssymbol auf dem Missionsauswahlbildschirm)"
        },
        {
          "Category": "Missionsfenster",
          "Title": "Benutzerdefinierte Farbe",
          "File": "Advanced",
          "Key": "x91|y91|z91",
          "Value": -12490271.0,
          "ValueType": "Color",
          "Type": "CustomColor",
          "Description": "Benutzerdefinierte Farbe für Missionsfelder im Navigationsfeld, plus Missionssymbol auf dem Missionsauswahlbildschirm."
        },
        {
          "Category": "Wartungspanel",
          "Title": "Schiffsskizze",
          "File": "Startup-Profile",
          "Key": "w78",
          "Value": 200.0,
          "ValueType": "Preset",
          "Type": "AdvancedMode",
          "Description": "Schiffsskizze auf der erweiterten Wartungstafel (Station/Träger)"
        },
        {
          "Category": "Wartungspanel",
          "Title": "Benutzerdefinierte Farbe",
          "File": "Advanced",
          "Key": "x146|y146|z146|w146",
          "Value": -12490271.0,
          "ValueType": "Color",
          "Type": "CustomColor",
          "Description": "Benutzerdefinierte Farbe für die Schiffsskizze. *Alpha"
        }
      ]
    },
    {
      "Name": "Lighting",
      "Title": "Kabinenbeleuchtung",
      "Elements": [
        {
          "Category": "Kabine - Cockpitbeleuchtung",
          "Title": "Farbmodus",
          "File": "Startup-Profile",
          "Key": "y68",
          "Value": 100.0,
          "ValueType": "Preset",
          "Type": "AmbientLights",
          "Description": "Modus für Kabinen-/Cockpitbeleuchtung"
        },
        {
          "Category": "Kabine - Cockpitbeleuchtung",
          "Title": "Beleuchtungsstil",
          "File": "Advanced",
          "Key": "x68",
          "Value": 2.0,
          "ValueType": "Preset",
          "Type": "CabinLightingStyle",
          "Description": "0 = Eingeschränkt (Nähe dem Elite-Standard, die Kabinenbeleuchtung deckt nicht das gesamte Cockpit ab)\r\n1 = Voll (deckt einen größeren Teil des Cockpits ab, relativ zu „Eingeschränkt“, schließt jedoch Bereiche aus von weißem Licht)\r\n2 = Vollständig (deckt die 'Voll'-Bereiche sowie einige Bereiche mit weißem Licht ab. Verwenden Sie den XML-Modus (in Startup-Profile.ini), um auf einigen Schiffen mehrfarbiges Licht zu sehen (die orangefarbenen Bereiche und weiße Bereiche reagieren anders auf Ihre XML)\r\n3 = Space Disco (Flutlicht mit Hautverschmutzung, ganze Kabine)."
        },
        {
          "Category": "Kabine - Cockpitbeleuchtung",
          "Title": "Benutzerdefinierte Farbe",
          "File": "Advanced",
          "Key": "x69|y69|z69",
          "Value": -12490271.0,
          "ValueType": "Color",
          "Type": "CustomColor",
          "Description": "Benutzerdefinierte Farbe für Kabine - Cockpitbeleuchtung."
        },
        {
          "Category": "Kabine - Cockpitbeleuchtung",
          "Title": "Helligkeit",
          "File": "Advanced",
          "Key": "w69",
          "Value": 0.3,
          "ValueType": "Brightness",
          "Type": "2X",
          "Description": "Helligkeit für Kabine - Cockpitbeleuchtung."
        },
        {
          "Category": "AmbientLights - Zweifarbig",
          "Title": "Linke Farbe",
          "File": "Advanced",
          "Key": "x70|y70|z70",
          "Value": -12490271.0,
          "ValueType": "Color",
          "Type": "CustomColor",
          "Description": "(Experimentell) - Am besten im VOLL-Beleuchtungsmodus zu verwenden."
        },
        {
          "Category": "AmbientLights - Zweifarbig",
          "Title": "Right Color",
          "File": "Advanced",
          "Key": "x71|y71|z71",
          "Value": -12490271.0,
          "ValueType": "Color",
          "Type": "CustomColor",
          "Description": "diese Farbe wird der Grundfarbe auf der rechten Seite des Cockpits hinzugefügt."
        },
        {
          "Category": "AmbientLights - Zweifarbig",
          "Title": "Helligkeit",
          "File": "Advanced",
          "Key": "w71",
          "Value": 1.0,
          "ValueType": "Brightness",
          "Type": "2X",
          "Description": "Helligkeit für AmbientLights - Zweifarbig."
        },
        {
          "Category": "Schiffspaneele",
          "Title": "Ship Panel Background",
          "File": "Startup-Profile",
          "Key": "x89",
          "Value": 100.0,
          "ValueType": "Preset",
          "Type": "ShipPanelOpacity",
          "Description": "(Standard-Deckkraft in Advanced.ini festlegen, funktioniert in allen Farbmodi)"
        },
        {
          "Category": "Schiffspaneele",
          "Title": "Hintergrund des Schiffsfensters",
          "File": "Advanced",
          "Key": "x90|y90|z90",
          "Value": -12490271.0,
          "ValueType": "Color",
          "Type": "CustomColor",
          "Description": "Benutzerdefinierte Farbe für den Hintergrund des Schiffsfensters und die Deckkraft. *Alpha*"
        },
        {
          "Category": "Schiffspaneele",
          "Title": "Panel Background Opazität",
          "File": "Advanced",
          "Key": "w90",
          "Value": 1.0,
          "ValueType": "Brightness",
          "Type": "Brightness",
          "Description": "Opcaity (Alpha) für den Ship Panels Hintergrund."
        },
        {
          "Category": "Stationstafeln",
          "Title": "Tafelzeichnungen",
          "File": "Startup-Profile",
          "Key": "w89",
          "Value": 100.0,
          "ValueType": "Preset",
          "Type": "AdvancedMode",
          "Description": "Kunst und Skizzen auf Tafeln"
        },
        {
          "Category": "Stationstafeln",
          "Title": "Panel-Zeichnungen",
          "File": "Advanced",
          "Key": "x92|y92|z92|w92",
          "Value": -12490271.0,
          "ValueType": "Color",
          "Type": "CustomColor",
          "Description": "Benutzerdefinierte Farbe für Panel-Zeichnungen. *Alpha*"
        }
      ]
    },
    {
      "Name": "SpecialFX",
      "Title": "Spezialeffekte",
      "Elements": [
        {
          "Category": "Weltraumeffekte",
          "Title": "Supercruise SideLines",
          "File": "Startup-Profile",
          "Key": "w120",
          "Value": 0.0,
          "ValueType": "ONOFF",
          "Type": "ONOFF",
          "Description": "Schalter zum Entfernen von Supercruise SideLines"
        },
        {
          "Category": "Weltraumeffekte",
          "Title": "Supercruise Snow",
          "File": "Startup-Profile",
          "Key": "y121",
          "Value": 0.0,
          "ValueType": "ONOFF",
          "Type": "ONOFF",
          "Description": "Schalter für Supercruise Snow entfernen"
        },
        {
          "Category": "Weltraumeffekte",
          "Title": "Space Dust",
          "File": "Startup-Profile",
          "Key": "z121",
          "Value": 0.0,
          "ValueType": "ONOFF",
          "Type": "ONOFF",
          "Description": "Switch für Space Dust (auch bekannt als Schnee im normalen Flug)"
        }
      ]
    },
    {
      "Name": "CHUD_AHUD",
      "Title": "Kampf- und Analyse-HUD",
      "Elements": [
        {
          "Category": "Kampf-HUD",
          "Title": "Kampf-HUD-Modus",
          "File": "Startup-Profile",
          "Key": "x141",
          "Value": 100.0,
          "ValueType": "Preset",
          "Type": "AdvancedMode",
          "Description": "** Kampf-HUD (CHUD) MODUS ** \r\n Für ein Standard-CHUD, Setze Farbe 2 RGB(0,0,0) und Fade Strength = 0\r\n Für ein einfarbiges Bird-of-Prey CHUD, Set Color 2 RGB (0,0,0) und Ihre bevorzugte Fade-Stärke (0,7 ist eine schöne Balance)\r\n Stellen Sie für ein Synthwave (zweifarbiges) CHUD die Farbe 2 RGB nach Ihren Wünschen ein und die Fade-Stärke = 1"
        },
        {
          "Category": "Kampf-HUD",
          "Title": "Farbe 1",
          "File": "Advanced",
          "Key": "x55|y55|z55",
          "Value": -12490271.0,
          "ValueType": "Color",
          "Type": "CustomColor",
          "Description": "Benutzerdefinierte Farbe für Combat HUD - Farbe 1 (obere Farbe)."
        },
        {
          "Category": "Kampf-HUD",
          "Title": "Farbe 1 - Helligkeit",
          "File": "Advanced",
          "Key": "w55",
          "Value": 1.0,
          "ValueType": "Brightness",
          "Type": "2X",
          "Description": "Helligkeit für Farbe 1 (oberste Farbe)."
        },
        {
          "Category": "Kampf-HUD",
          "Title": "Farbe 2",
          "File": "Advanced",
          "Key": "x48|y48|z48",
          "Value": -12490271.0,
          "ValueType": "Color",
          "Type": "CustomColor",
          "Description": "Benutzerdefinierte Farbe für Combat HUD – Farbe 2 (untere Farbe)."
        },
        {
          "Category": "Kampf-HUD",
          "Title": "Fade Strength",
          "File": "Advanced",
          "Key": "w48",
          "Value": 1.0,
          "ValueType": "Brightness",
          "Type": "2X",
          "Description": "Fade Strength (oder Synthwave-Farbbalance: > 1 = mehr Zweite Farbe, < 1 = weniger Zweite Farbe)."
        },
        {
          "Category": "Kampf-HUD",
          "Title": "Munitionsfarbe",
          "File": "Advanced",
          "Key": "x45|y45|z45",
          "Value": -12490271.0,
          "ValueType": "Color",
          "Type": "CustomColor",
          "Description": "Benutzerdefinierte Farbe für Combat HUD - Munition."
        },
        {
          "Category": "Kampf-HUD",
          "Title": "Munition Brightness",
          "File": "Advanced",
          "Key": "w45",
          "Value": 1.0,
          "ValueType": "Brightness",
          "Type": "2X",
          "Description": "Helligkeit für Munition."
        },
        {
          "Category": "Analyse-HUD",
          "Title": "Analyse-HUD-Modus",
          "File": "Startup-Profile",
          "Key": "w140",
          "Value": 100.0,
          "ValueType": "Preset",
          "Type": "AdvancedMode",
          "Description": "Radar-Modus"
        },
        {
          "Category": "Analyse HUD",
          "Title": "Analyse HUD",
          "File": "Advanced",
          "Key": "x54|y54|z54|w54",
          "Value": -12490271.0,
          "ValueType": "Color",
          "Type": "CustomColor",
          "Description": "Benutzerdefinierte Farbe für Analyse HUD. (*Alpha)"
        },
        {
          "Category": "Analyse-HUD",
          "Title": "Zielabsehen",
          "File": "Advanced",
          "Key": "x63|y63|z63|w63",
          "Value": -12490271.0,
          "ValueType": "Color",
          "Type": "CustomColor",
          "Description": "Benutzerdefinierte Farbe für das Absehen im Analysemodus im Kampfmodus. (*Alpha)"
        },
        {
          "Category": "Analyse HUD",
          "Title": "AHUD Text Mode",
          "File": "Startup-Profile",
          "Key": "w87",
          "Value": 100.0,
          "ValueType": "Preset",
          "Type": "AHUDText",
          "Description": "Modus für Texte rund um AHUD."
        },
        {
          "Category": "Analyse HUD",
          "Title": "AHUD Textfarbe",
          "File": "Advanced",
          "Key": "x144|y144|z144|w144",
          "Value": -12490271.0,
          "ValueType": "Color",
          "Type": "CustomColor",
          "Description": "Benutzerdefinierte Farbe für Texte rund um AHUD. *Alpha*"
        }
      ]
    },
    {
      "Name": "Foot_HUD",
      "Title": "Zu Fuß HUD",
      "Elements": [
        {
          "Category": "Anzug HUD - Panel",
          "Title": "Panel Mode",
          "File": "SuitHud",
          "Key": "x30",
          "Value": 199.0,
          "ValueType": "Preset",
          "Type": "AdvancedMode",
          "Description": "Hinweis: XML (wird eine orangefarbene Basis vortäuschen, die dem Schiffs-HUD entspricht)."
        },
        {
          "Category": "Anzug HUD - Panel",
          "Title": "Panelfarbe",
          "File": "SuitHud",
          "Key": "x31|y31|z31",
          "Value": -12490271.0,
          "ValueType": "Color",
          "Type": "CustomColor",
          "Description": "Benutzerdefinierte Farbe für On-Fuß-Panel."
        },
        {
          "Category": "Anzug HUD - Panel",
          "Title": "Panel-Opazität",
          "File": "SuitHud",
          "Key": "w31",
          "Value": 1.0,
          "ValueType": "Brightness",
          "Type": "2X",
          "Description": "Helligkeit für On-Fuß-Panel."
        },
        {
          "Category": "Anzug HUD - Panel",
          "Title": "Ship Side Panels",
          "File": "SuitHud",
          "Key": "x93",
          "Value": 0.0,
          "ValueType": "ONOFF",
          "Type": "ONOFF",
          "Description": "Option zum Ersetzen von CYAN-Elementen auf Schiffsseitenpanels.\r\nWenn Sie diese Option aktivieren, werden die Cyan-Rangsymbole und Teile der Symbole im Nav-Panel mit Ihrem XML und Cyan eingefärbt.\r\n Es ändert auch die Farbe der Cyan-Blöcke auf der Registerkarte \"Versand-Panel-Speicher\" mit Ihrer Panel-XML-Farbe."
        },
        {
          "Category": "Anzug HUD - Schild",
          "Title": "Schildmodus",
          "File": "SuitHud",
          "Key": "y30",
          "Value": 100.0,
          "ValueType": "Preset",
          "Type": "AdvancedMode",
          "Description": "Farbmodus für Schilde"
        },
        {
          "Category": "Anzug HUD - Schild",
          "Title": "Innenring",
          "File": "SuitHud",
          "Key": "x32|y32|z32|w32",
          "Value": -12490271.0,
          "ValueType": "Color",
          "Type": "CustomColor",
          "Description": "Benutzerdefinierte Farbe für den Innenring des On-Fuß-Schilds (*alpha)."
        },
        {
          "Category": "Anzug HUD - Schild",
          "Title": "Mittlerer Ring",
          "File": "SuitHud",
          "Key": "x33|y33|z33|w33",
          "Value": -12490271.0,
          "ValueType": "Color",
          "Type": "CustomColor",
          "Description": "Benutzerdefinierte Farbe für den Mittelring des On-Fuß-Schilds (*alpha)."
        },
        {
          "Category": "Anzug HUD - Schild",
          "Title": "Außenring",
          "File": "SuitHud",
          "Key": "x34|y34|z34|w34",
          "Value": -12490271.0,
          "ValueType": "Color",
          "Type": "CustomColor",
          "Description": "Benutzerdefinierte Farbe für den Außenring des On-Fuß-Schilds (*alpha)."
        },
        {
          "Category": "Anzug HUD - Shield",
          "Title": "Shield Down Color",
          "File": "SuitHud",
          "Key": "x35|y35|z35|w35",
          "Value": -12490271.0,
          "ValueType": "Color",
          "Type": "CustomColor",
          "Description": "Benutzerdefinierte Farbe für On-Fuß-Shield Down (*Alpha)."
        },
        {
          "Category": "Anzug HUD - Schild",
          "Title": "Schildwiederherstellung",
          "File": "SuitHud",
          "Key": "x36|y36|z36|w36",
          "Value": -12490271.0,
          "ValueType": "Color",
          "Type": "CustomColor",
          "Description": "Benutzerdefinierte Farbe für die Animation zur Schildwiederherstellung zu Fuß (*alpha)."
        },
        {
          "Category": "Anzug HUD - Texte",
          "Title": "Textmodus",
          "File": "SuitHud",
          "Key": "z30",
          "Value": 100.0,
          "ValueType": "Preset",
          "Type": "AdvancedMode",
          "Description": "Hinweis: XML (wird eine orangefarbene Basis vortäuschen, die dem Schiffs-HUD entspricht)."
        },
        {
          "Category": "Anzug HUD - Texte",
          "Title": "Textfarbe",
          "File": "SuitHud",
          "Key": "x37|y37|z37|w37",
          "Value": -12490271.0,
          "ValueType": "Color",
          "Type": "CustomColor",
          "Description": "Benutzerdefinierte Farbe für On-Fuß-Texte. (*Alpha)"
        },
        {
          "Category": "Anzug HUD - Texte",
          "Title": "Hervorgehobener Modus",
          "File": "SuitHud",
          "Key": "w30",
          "Value": 100.0,
          "ValueType": "Preset",
          "Type": "AdvancedMode",
          "Description": "Hervorgehobener / invertierter Text und Symbolfarbe."
        },
        {
          "Category": "Anzug HUD - Texte",
          "Title": "Hervorgehobene Farbe",
          "File": "SuitHud",
          "Key": "x38|y38|z38|w38",
          "Value": -12490271.0,
          "ValueType": "Color",
          "Type": "CustomColor",
          "Description": "Benutzerdefinierte Farbe für hervorgehobene Texte zu Fuß. (*Alpha)"
        }
      ]
    },
    {
      "Name": "ShieldsHolo",
      "Title": "Schild & Holo-Schiff",
      "Elements": [
        {
          "Category": "Schilde",
          "Title": "Schildmodus",
          "File": "Startup-Profile",
          "Key": "z105",
          "Value": 101.0,
          "ValueType": "Preset",
          "Type": "ShieldColor",
          "Description": "Hinweis: Multi-Schild funktioniert nur bei Auflösungen >= 2560 x 1440, möglicherweise bei 1920 x 1080. Auf Selbst und Ziel angewendet."
        },
        {
          "Category": "Schilde",
          "Title": "Schildprozentsatz % Farbe",
          "File": "Advanced",
          "Key": "x88|y88|z88",
          "Value": -12490271.0,
          "ValueType": "Color",
          "Type": "CustomColor",
          "Description": "Benutzerdefinierte Farbe für Schildprozentsatz %"
        },
        {
          "Category": "Schilde",
          "Title": "Schildprozentsatz - Helligkeit",
          "File": "Advanced",
          "Key": "w88",
          "Value": 1.0,
          "ValueType": "Brightness",
          "Type": "2X",
          "Description": "Helligkeit für Schildprozentsatz-Text"
        },
        {
          "Category": "Mehrfarbiger Schild",
          "Title": "Innenring",
          "File": "Advanced",
          "Key": "x201|y201|z201|w201",
          "Value": -12490271.0,
          "ValueType": "Color",
          "Type": "CustomColor",
          "Description": "Innenringfarbe, nur für Multi-Shield. (Alpha)"
        },
        {
          "Category": "Mehrfarbiger Schild",
          "Title": "Mittlerer Ring",
          "File": "Advanced",
          "Key": "x202|y202|z202|w202",
          "Value": -12490271.0,
          "ValueType": "Color",
          "Type": "CustomColor",
          "Description": "Mittlere Ringfarbe, Nur für Multi-Shield. (Alpha)"
        },
        {
          "Category": "Mehrfarbiger Schild",
          "Title": "Äußerer Ring",
          "File": "Advanced",
          "Key": "x203|y203|z203|w203",
          "Value": -12490271.0,
          "ValueType": "Color",
          "Type": "CustomColor",
          "Description": "Äußere Ringfarbe, nur für Multi-Shield. (Alpha)"
        },
        {
          "Category": "Einfarbiger Schild",
          "Title": "Shields Down",
          "File": "Advanced",
          "Key": "x87",
          "Value": 0.0,
          "ValueType": "Preset",
          "Type": "ShieldsDown",
          "Description": "Einfarbiges Schild - Shield Down Color ."
        },
        {
          "Category": "Einfarbiger Schild",
          "Title": "Shields Up",
          "File": "Advanced",
          "Key": "x228|y228|z228",
          "Value": -12490271.0,
          "ValueType": "Color",
          "Type": "CustomColor",
          "Description": "Shield Up-Farbe (relativ zur Shield Down-Farbe)."
        },
        {
          "Category": "Einfarbiger Schild",
          "Title": "Helligkeit",
          "File": "Advanced",
          "Key": "w228",
          "Value": 1.0,
          "ValueType": "Brightness",
          "Type": "2X",
          "Description": "Gesamtschildhelligkeit/Alpha (Einzelmodus)"
        },
        {
          "Category": "Einfarbiger Schild",
          "Title": "Ringstärke",
          "File": "Advanced",
          "Key": "y87",
          "Value": 1.0,
          "ValueType": "Brightness",
          "Type": "4X",
          "Description": "Helligkeit/Alpha der Gesamtschilde (Einzelmodus)"
        },
        {
          "Category": "Kreisförmige Wirbel",
          "Title": "Obere Wirbel - Modus",
          "File": "Startup-Profile",
          "Key": "z133",
          "Value": 100.0,
          "ValueType": "Preset",
          "Type": "AdvancedMode",
          "Description": "Kreisförmige Wirbel unter Holos"
        },
        {
          "Category": "Kreisförmige Wirbel",
          "Title": "Top Wirbel - Farbe",
          "File": "Advanced",
          "Key": "x226|y226|z226",
          "Value": -12490271.0,
          "ValueType": "Color",
          "Type": "CustomColor",
          "Description": "Benutzerdefinierte Farbe für Kreiswirbel unter Holos"
        },
        {
          "Category": "Kreisförmige Wirbel",
          "Title": "Top Wirbel - Helligkeit",
          "File": "Advanced",
          "Key": "w226",
          "Value": 1.5,
          "ValueType": "Brightness",
          "Type": "2X",
          "Description": "Helligkeit für Top Wirbel"
        },
        {
          "Category": "Kreisförmige Wirbel",
          "Title": "Mittlere Wirbel - Modus",
          "File": "Startup-Profile",
          "Key": "x135",
          "Value": 100.0,
          "ValueType": "Preset",
          "Type": "AdvancedMode",
          "Description": "Statusleisten unter dem Schild"
        },
        {
          "Category": "Kreisförmige Wirbel",
          "Title": "Mitte Wirbel - Farbe",
          "File": "Advanced",
          "Key": "x215|y215|z215",
          "Value": -12490271.0,
          "ValueType": "Color",
          "Type": "CustomColor",
          "Description": "Benutzerdefinierte Farbe für Statusleisten"
        },
        {
          "Category": "Kreisförmige Wirbel",
          "Title": "Mittlere Wirbel - Helligkeit",
          "File": "Advanced",
          "Key": "w215",
          "Value": 1.0,
          "ValueType": "Brightness",
          "Type": "2X",
          "Description": "Statusleisten-Helligkeit"
        },
        {
          "Category": "Kreisförmige Wirbel",
          "Title": "Untere Wirbel - Modus",
          "File": "Startup-Profile",
          "Key": "x134",
          "Value": 100.0,
          "ValueType": "Preset",
          "Type": "AdvancedMode",
          "Description": "Dünne Halbkreise am unteren Rand des Hologramms"
        },
        {
          "Category": "Kreisförmige Wirbel",
          "Title": "Untere Wirbel - Farbe",
          "File": "Advanced",
          "Key": "x205|y205|z205|w205",
          "Value": -12490271.0,
          "ValueType": "Color",
          "Type": "CustomColor",
          "Description": "Benutzerdefinierte Farbe für dünne Halbkreise am unteren Rand des Hologramms. *Alpha"
        },
        {
          "Category": "Rumpfmesser",
          "Title": "Farbmodus",
          "File": "Startup-Profile",
          "Key": "y134",
          "Value": 100.0,
          "ValueType": "Preset",
          "Type": "AdvancedMode",
          "Description": "Blöcke für Rumpfgesundheit, einschließlich Ziel"
        },
        {
          "Category": "Rumpfmesser",
          "Title": "Benutzerdefinierte Farbe",
          "File": "Advanced",
          "Key": "x212|y212|z212",
          "Value": -12490271.0,
          "ValueType": "Color",
          "Type": "CustomColor",
          "Description": "Benutzerdefinierte Farbe für Blöcke unter dem Schild, einschließlich des Ziels."
        },
        {
          "Category": "Rumpfmesser",
          "Title": "Helligkeit",
          "File": "Advanced",
          "Key": "w212",
          "Value": 1.5,
          "ValueType": "Brightness",
          "Type": "2X",
          "Description": "Helligkeit für Blöcke unter dem Schild"
        },
        {
          "Category": "Rumpfmesser",
          "Title": "Rumpfmesser - Schattierung",
          "File": "Advanced",
          "Key": "w213",
          "Value": 4.0,
          "ValueType": "Brightness",
          "Type": "4X_Min",
          "Description": "Schattierungsmultiplikator (gilt nur für den schattierten Modus)"
        },
        {
          "Category": "Rumpfmesser",
          "Title": "Ätzend betroffene Hülle",
          "File": "Startup-Profile",
          "Key": "w170",
          "Value": 0.0,
          "ValueType": "Preset",
          "Type": "CausticEffect",
          "Description": "Blockiert die Hüllengesundheit, einschließlich des Ziels"
        },
        {
          "Category": "Rumpfmesser",
          "Title": "Caustic Affected Hull Color",
          "File": "Advanced",
          "Key": "x170|y170|z170",
          "Value": -12490271.0,
          "ValueType": "Color",
          "Type": "CustomColor",
          "Description": "Benutzerdefinierte Farbe für Caustic Affected Hull Bars."
        },
        {
          "Category": "Hologramm des eigenen Schiffs",
          "Title": "Hologramm - Modus",
          "File": "Startup-Profile",
          "Key": "y101",
          "Value": 100.0,
          "ValueType": "Preset",
          "Type": "AdvancedMode",
          "Description": "OwnShip Hologramm-Modus\r\nUmfasst auch Landehologramm, SRV-Hologramm, SRV-Gelände auf Radar"
        },
        {
          "Category": "Hologramm des eigenen Schiffs",
          "Title": "Hologramm - Farbe",
          "File": "Advanced",
          "Key": "x248|y248|z248",
          "Value": -12490271.0,
          "ValueType": "Color",
          "Type": "CustomColor",
          "Description": "Benutzerdefinierte Farbe für OwnShip Hologramm"
        },
        {
          "Category": "Hologramm des eigenen Schiffs",
          "Title": "Hologram - Helligkeitsstufe",
          "File": "Advanced",
          "Key": "x132",
          "Value": 0.5,
          "ValueType": "Brightness",
          "Type": "2X",
          "Description": "Hellness for Hologram's Hull\r\nSetzen Sie für Ultra-Tron die Helligkeit des Rumpfes niedrig (z. B. 0) und die Außenlinienblüte hoch (z. B. 0,5)"
        },
        {
          "Category": "Hologramm des eigenen Schiffs",
          "Title": "Hologramm - Bloom",
          "File": "Advanced",
          "Key": "y132",
          "Value": 1.0,
          "ValueType": "Brightness",
          "Type": "2X",
          "Description": "Holo Bloom / glow"
        },
        {
          "Category": "Hologramm des eigenen Schiffs",
          "Title": "Outer Lines Bloom",
          "File": "Advanced",
          "Key": "z132",
          "Value": 1.0,
          "ValueType": "Brightness",
          "Type": "2X",
          "Description": "Outer Lines Bloom/Glow (Standard= 0) (Dieser Wert kann negativ sein, z. B. -0.5)"
        },
        {
          "Category": "Hologramm des eigenen Schiffs",
          "Title": "Gesamthelligkeit",
          "File": "Advanced",
          "Key": "z101",
          "Value": 1.0,
          "ValueType": "Brightness",
          "Type": "2X",
          "Description": "Gesamthelligkeit des Hologramms"
        },
        {
          "Category": "Hologramm des eigenen Schiffs",
          "Title": "Schimmernde Linien",
          "File": "Advanced",
          "Key": "z109",
          "Value": 1.0,
          "ValueType": "ONOFF",
          "Type": "ONOFF",
          "Description": "Schalter für OwnShip Hologramm Shimmer"
        },
        {
          "Category": "Zielschiff-Hologramm",
          "Title": "Neutrales Ziel",
          "File": "Advanced",
          "Key": "x72|y72|z72",
          "Value": -12490271.0,
          "ValueType": "Color",
          "Type": "CustomColor",
          "Description": "Benutzerdefinierte Farbe für OwnShip-Hologramm"
        },
        {
          "Category": "Zielschiff-Hologramm",
          "Title": "Neutrales Ziel - Helligkeit",
          "File": "Advanced",
          "Key": "x72",
          "Value": 1.0,
          "ValueType": "Brightness",
          "Type": "2X",
          "Description": "Helligkeit für Hologramm-Rumpf\r\nSetzen Sie für Ultra-Tron die Rumpfhelligkeit niedrig (z. B. 0) und die Außenlinien blühen hoch (z. B. 0,5)"
        },
        {
          "Category": "Zielschiff-Hologramm",
          "Title": "Gesamthelligkeit",
          "File": "Advanced",
          "Key": "y73",
          "Value": 0.5,
          "ValueType": "Brightness",
          "Type": "2X",
          "Description": "Helligkeit für Hologramm"
        },
        {
          "Category": "Zielschiff-Hologramm",
          "Title": "Grüne Ziel-Helligkeit",
          "File": "Advanced",
          "Key": "z73",
          "Value": 0.5,
          "ValueType": "Brightness",
          "Type": "2X",
          "Description": "Hellgrüne Ziel-Holo-Helligkeit (einige grüne Hologramme haben übermäßige Helligkeit)"
        },
        {
          "Category": "Zielschiff-Hologramm",
          "Title": "Schimmernde Linien",
          "File": "Advanced",
          "Key": "x73",
          "Value": 1.0,
          "ValueType": "ONOFF",
          "Type": "ONOFF",
          "Description": "Schalter für Ziel-Hologramm-Schimmer"
        },
        {
          "Category": "Landungshologramm",
          "Title": "OFF Landeplatz",
          "File": "Advanced",
          "Key": "x254|y254|z254",
          "Value": -12490271.0,
          "ValueType": "Color",
          "Type": "CustomColor",
          "Description": "Benutzerdefinierte Farbe für Landing Hologramm"
        },
        {
          "Category": "Landungshologramm",
          "Title": "ON-Landeplatz",
          "File": "Advanced",
          "Key": "x249|y249|z249",
          "Value": -12490271.0,
          "ValueType": "Color",
          "Type": "CustomColor",
          "Description": "Benutzerdefinierte Farbe für ON-Landeplatz"
        },
        {
          "Category": "Landungshologramm",
          "Title": "Helligkeit",
          "File": "Advanced",
          "Key": "w254",
          "Value": 1.0,
          "ValueType": "Brightness",
          "Type": "2X",
          "Description": "Helligkeit für Landing Hologramm"
        },
        {
          "Category": "Planetarisches Landeabsehen",
          "Title": "Farbmodus",
          "File": "Startup-Profile",
          "Key": "z107",
          "Value": 100.0,
          "ValueType": "Preset",
          "Type": "AdvancedMode",
          "Description": "Planetary Landing Absehen - Peil- und Sinkwinkelleisten"
        },
        {
          "Category": "Planetarisches Landeabsehen",
          "Title": "Benutzerdefinierte Farbe",
          "File": "Advanced",
          "Key": "x209|y209|z209|w209",
          "Value": -12490271.0,
          "ValueType": "Color",
          "Type": "CustomColor",
          "Description": "Benutzerdefinierte Farbe für planetares Landeabsehen."
        },
        {
          "Category": "Planetarisches Landeabsehen",
          "Title": "Landing Line und Coasters",
          "File": "Advanced",
          "Key": "x255|y255|z255|w255",
          "Value": -12490271.0,
          "ValueType": "Color",
          "Type": "CustomColor",
          "Description": "Benutzerdefinierte Farbe für Landing Line und Coaster (orange)*Alpha"
        },
        {
          "Category": "Planetarisches Landeabsehen",
          "Title": "Höhenbalken",
          "File": "Advanced",
          "Key": "x96|y96|z96|w96",
          "Value": -12490271.0,
          "ValueType": "Color",
          "Type": "CustomColor",
          "Description": "Benutzerdefinierte Farbe für Landing Line und Coaster (orange)*Alpha"
        },
        {
          "Category": "Planetarisches Landeabsehen",
          "Title": "Textfarbe",
          "File": "Advanced",
          "Key": "x95|y95|z95|w95",
          "Value": -12490271.0,
          "ValueType": "Color",
          "Type": "CustomColor",
          "Description": "Benutzerdefinierte Farbe für Text in Absehenfeldern *Alpha"
        },
        {
          "Category": "Planetarisches Landeabsehen",
          "Title": "Texthelligkeit",
          "File": "Advanced",
          "Key": "x97",
          "Value": 1.0,
          "ValueType": "Brightness",
          "Type": "2X",
          "Description": "Texthelligkeit entlang des Höhenbalkens (wird um das Fadenkreuz herum ausgeblasen)"
        },
        {
          "Category": "Planetarisches Landeabsehen",
          "Title": "Texthelligkeit",
          "File": "Advanced",
          "Key": "y97",
          "Value": 1.0,
          "ValueType": "Brightness",
          "Type": "2X",
          "Description": "Texthelligkeit für Längen-/Breitenkoordinaten, Schwerkraft"
        },
        {
          "Category": "SRV-Hologramm",
          "Title": "SRV-Hologramm - Main",
          "File": "Advanced",
          "Key": "x250|y250|z250|w250",
          "Value": -12490271.0,
          "ValueType": "Color",
          "Type": "CustomColor",
          "Description": "**(DEAKTIVIERT)** Benutzerdefinierte Farbe für SRV-Hologramm (*Alpha)"
        },
        {
          "Category": "SRV-Hologramm",
          "Title": "SRV-Hologramm - Klein",
          "File": "Advanced",
          "Key": "x251|y251|z251|w251",
          "Value": -12490271.0,
          "ValueType": "Color",
          "Type": "CustomColor",
          "Description": "Benutzerdefinierte Farbe für SRV-Hologramm.\r\nAlpha (ist ein % des Haupthologramm-Alpha)"
        }
      ]
    },
    {
      "Name": "RadarHUD",
      "Title": "Radar & gemeinsame Gruppe",
      "Elements": [
        {
          "Category": "Schiffsradar",
          "Title": "Radarmodus",
          "File": "Startup-Profile",
          "Key": "y106",
          "Value": 100.0,
          "ValueType": "Preset",
          "Type": "AdvancedMode",
          "Description": "Radarmodus"
        },
        {
          "Category": "Schiffsradar",
          "Title": "Radaraußenrand",
          "File": "Advanced",
          "Key": "x236|y236|z236",
          "Value": -12490271.0,
          "ValueType": "Color",
          "Type": "CustomColor",
          "Description": "Außenradarkomponenten Benutzerdefinierte Farbe."
        },
        {
          "Category": "Schiffsradar",
          "Title": "Außenrandhelligkeit",
          "File": "Advanced",
          "Key": "w236",
          "Value": 1.0,
          "ValueType": "Brightness",
          "Type": "2X",
          "Description": "Außenradarhelligkeit (normaler Bereich liegt zwischen 0,3 und 1,0, aber Sie können höher gehen)"
        },
        {
          "Category": "Radargitter",
          "Title": "Farbe",
          "File": "Advanced",
          "Key": "x237|y237|z237",
          "Value": -12490271.0,
          "ValueType": "Color",
          "Type": "CustomColor",
          "Description": "Benutzerdefinierte Farbe für Radargitter."
        },
        {
          "Category": "Radargitter",
          "Title": "Helligkeit",
          "File": "Advanced",
          "Key": "w237",
          "Value": 0.8,
          "ValueType": "Brightness",
          "Type": "2X",
          "Description": "Helligkeit für Radargitter"
        },
        {
          "Category": "Radar-Dreieck-Widget",
          "Title": "Modus",
          "File": "Startup-Profile",
          "Key": "x138",
          "Value": 100.0,
          "ValueType": "Preset",
          "Type": "AdvancedMode",
          "Description": "Radar-Dreieck-Widget-Modus"
        },
        {
          "Category": "Radar-Dreieck-Widget",
          "Title": "Benutzerdefinierte Farbe",
          "File": "Advanced",
          "Key": "x239|y239|z239|w239",
          "Value": -12490271.0,
          "ValueType": "Color",
          "Type": "CustomColor",
          "Description": "Benutzerdefinierte Farbe für das Dreieck-Radar-Widget. (*Alpha)"
        },
        {
          "Category": "Radar-Zoom-Widget",
          "Title": "Modus",
          "File": "Startup-Profile",
          "Key": "w136",
          "Value": 100.0,
          "ValueType": "Preset",
          "Type": "AdvancedMode",
          "Description": "Modus für Radar-Zoom-Level-Linien"
        },
        {
          "Category": "Radar-Zoom-Widget",
          "Title": "Benutzerdefinierte Farbe",
          "File": "Advanced",
          "Key": "x240|y240|z240|w240",
          "Value": -12490271.0,
          "ValueType": "Color",
          "Type": "CustomColor",
          "Description": "Benutzerdefinierte Farbe für das Radar-Zoom-Widget. (*Alpha)"
        },
        {
          "Category": "Radar-Zoom-Widget",
          "Title": "Level-Linien",
          "File": "Advanced",
          "Key": "x231|y231|z231",
          "Value": -12490271.0,
          "ValueType": "Color",
          "Type": "CustomColor",
          "Description": "Radar-Zoom-Level-Linien Benutzerdefinierte Farbe."
        },
        {
          "Category": "Radar-Zoom-Widget",
          "Title": "Helligkeit der Pegellinien",
          "File": "Advanced",
          "Key": "w231",
          "Value": 1.2,
          "ValueType": "Brightness",
          "Type": "2X",
          "Description": "Helligkeit der Radar-Zoompegellinien"
        },
        {
          "Category": "Radarobjekte - Supercruice",
          "Title": "Radarkörper in Supercruice",
          "File": "Startup-Profile",
          "Key": "z138",
          "Value": 100.0,
          "ValueType": "Preset",
          "Type": "AdvancedMode",
          "Description": "Modus für Radarkörper in Supercruice"
        },
        {
          "Category": "Radarobjekte - Supercruice",
          "Title": "Radar - Planets",
          "File": "Advanced",
          "Key": "x241|y241|z241|w241",
          "Value": -12490271.0,
          "ValueType": "Color",
          "Type": "CustomColor",
          "Description": "Benutzerdefinierte Farbe für Radarkörper in Supercruise. (* Mit Alpha)"
        },
        {
          "Category": "Radarobjekte - Supercruice",
          "Title": "Radar - Moons",
          "File": "Advanced",
          "Key": "x242|y242|z242|w242",
          "Value": -12490271.0,
          "ValueType": "Color",
          "Type": "CustomColor",
          "Description": "Benutzerdefinierte Farbe für Radarkörper in Supercruise. (* Mit Alpha)"
        },
        {
          "Category": "Radarobjekte - Supercruise",
          "Title": "Radar - Stars",
          "File": "Advanced",
          "Key": "x243|y243|z243|w243",
          "Value": -12490271.0,
          "ValueType": "Color",
          "Type": "CustomColor",
          "Description": "Benutzerdefinierte Farbe für Radarkörper in Supercruise. (* Mit Alpha)"
        },
        {
          "Category": "Radarobjekte – Supercruice",
          "Title": "Neutrale Ziele – Linien",
          "File": "Advanced",
          "Key": "x244|y244|z244|w244",
          "Value": -12490271.0,
          "ValueType": "Color",
          "Type": "CustomColor",
          "Description": "Benutzerdefinierte Farbe für Objektlinien und Achterbahnen in Supercruise."
        },
        {
          "Category": "Radarobjekte",
          "Title": "Radarobjekte",
          "File": "Startup-Profile",
          "Key": "y139",
          "Value": 100.0,
          "ValueType": "Preset",
          "Type": "AdvancedMode",
          "Description": "Modus für Radarobjekte im Normalflug"
        },
        {
          "Category": "Radarobjekte",
          "Title": "Weiße Objekte entfernen",
          "File": "Startup-Profile",
          "Key": "x115",
          "Value": 0.0,
          "ValueType": "ONOFF",
          "Type": "ONOFF",
          "Description": "Schalter zum Entfernen weißer Objekte auf dem Radar (Wake, Materialien, Bergung usw.) im Standardflug (nicht Supercruise)"
        },
        {
          "Category": "Radarobjekte",
          "Title": "Radar - Neutrale Ziele",
          "File": "Advanced",
          "Key": "x245|y245|z245|w245",
          "Value": -12490271.0,
          "ValueType": "Color",
          "Type": "CustomColor",
          "Description": "ORANGE Quadrate in beiden Flugmodi; Orangefarbene Objektlinien und Untersetzer im Normalflug.\r\n* Alpha"
        },
        {
          "Category": "Radarobjekte",
          "Title": "Radar - Freundliche Ziele",
          "File": "Advanced",
          "Key": "x246|y246|z246|w246",
          "Value": -12490271.0,
          "ValueType": "Color",
          "Type": "CustomColor",
          "Description": "GRÜNE Quadrate, Linien und Untersetzer in beiden Flugmodi.\r\n* Alpha"
        },
        {
          "Category": "Radarobjekte",
          "Title": "Radar - Feindliche Ziele",
          "File": "Advanced",
          "Key": "x247|y247|z247|w247",
          "Value": -12490271.0,
          "ValueType": "Color",
          "Type": "CustomColor",
          "Description": "ROTE Quadrate, Linien und Untersetzer in beiden Flugmodi.\r\n* Alpha"
        },
        {
          "Category": "Äußere Radar Komponenten",
          "Title": "Farbmodus",
          "File": "Startup-Profile",
          "Key": "x136",
          "Value": 100.0,
          "ValueType": "Preset",
          "Type": "AdvancedMode",
          "Description": "Modus für Heat Bar und Speed ​​Bar"
        },
        {
          "Category": "Äußere Radar Komponenten",
          "Title": "Benutzerdefinierte Farbe",
          "File": "Advanced",
          "Key": "x221|y221|z221",
          "Value": -12490271.0,
          "ValueType": "Color",
          "Type": "CustomColor",
          "Description": "Benutzerdefinierte Farbe der äußeren Radarkomponenten."
        },
        {
          "Category": "Äußere Radar Komponenten",
          "Title": "Bar Booster",
          "File": "Advanced",
          "Key": "w221",
          "Value": 1.0,
          "ValueType": "Brightness",
          "Type": "2X",
          "Description": "Bar Booster (erhöht die Helligkeit des Hintergrunds der Hauptgeschwindigkeits- und Heizbalken)"
        },
        {
          "Category": "Äußere Radar Komponenten",
          "Title": "Helligkeit",
          "File": "Advanced",
          "Key": "w222",
          "Value": 1.0,
          "ValueType": "Brightness",
          "Type": "2X",
          "Description": "Gesamthelligkeit (aller äußeren Radarkomponenten)"
        },
        {
          "Category": "Optimale Geschwindigkeitsleiste",
          "Title": "Benutzerdefinierte Farbe",
          "File": "Advanced",
          "Key": "x222|y222|z222",
          "Value": -12490271.0,
          "ValueType": "Color",
          "Type": "CustomColor",
          "Description": "Optimale Geschwindigkeitsleistenfarbe (Werte beziehen sich auf die Hauptfarbe; können negativ sein, um eine Farbe von der Hauptfarbe zu reduzieren)"
        },
        {
          "Category": "Radarobjekte",
          "Title": "Radarobjekte - Landung",
          "File": "Startup-Profile",
          "Key": "x139",
          "Value": 100.0,
          "ValueType": "Preset",
          "Type": "AdvancedMode",
          "Description": "Modus für Radarobjekte bei Landung, Linie und Achterbahn"
        },
        {
          "Category": "Radarobjekte",
          "Title": "Radarobjekte - Landung",
          "File": "Advanced",
          "Key": "x253|y253|z253|w253",
          "Value": -12490271.0,
          "ValueType": "Color",
          "Type": "CustomColor",
          "Description": "Benutzerdefinierte Farbe für das Gelände Bei der Landung auf einem Planeten."
        },
        {
          "Category": "SRV-Scanner",
          "Title": "SRV-Scanner",
          "File": "Startup-Profile",
          "Key": "w210",
          "Value": 100.0,
          "ValueType": "Preset",
          "Type": "AdvancedMode",
          "Description": "SRV-Scanner Farbe"
        },
        {
          "Category": "SRV-Scanner",
          "Title": "SRV-Scanner - Primärfarbe",
          "File": "Advanced",
          "Key": "x210|y210|z210",
          "Value": -12490271.0,
          "ValueType": "Color",
          "Type": "CustomColor",
          "Description": "SRV-Scanner Primärfarbe, Objekterkennungsfarbe."
        },
        {
          "Category": "SRV-Scanner",
          "Title": "SRV-Scanner - Sekundärfarbe",
          "File": "Advanced",
          "Key": "x211|y211|z211",
          "Value": -12490271.0,
          "ValueType": "Color",
          "Type": "CustomColor",
          "Description": "SRV-Scanner Sekundärfarbe, Abtastfarbe des Scanners."
        },
        {
          "Category": "SRV-Scanner",
          "Title": "Gesamt-Alpha",
          "File": "Advanced",
          "Key": "w211",
          "Value": 1.0,
          "ValueType": "Brightness",
          "Type": "2X",
          "Description": "SRV-Scanner – Gesamt-Alpha"
        },
        {
          "Category": "SRV-Scanner",
          "Title": "Geländehologramm auf Radar",
          "File": "Advanced",
          "Key": "x252|y252|z252|w252",
          "Value": -12490271.0,
          "ValueType": "Color",
          "Type": "CustomColor",
          "Description": "Benutzerdefinierte Farbe für Geländehologramm auf Radar (während in SRV)."
        },
        {
          "Category": "SRV Scanner",
          "Title": "SRV Scanner Elevation",
          "File": "Startup-Profile",
          "Key": "z139",
          "Value": 100.0,
          "ValueType": "Preset",
          "Type": "AdvancedMode",
          "Description": "Modus für SRV Radar Elevation diagonale Linien"
        },
        {
          "Category": "SRV-Scanner",
          "Title": "SRV-Scanner-Elevation",
          "File": "Advanced",
          "Key": "x50|y50|z50|w50",
          "Value": -12490271.0,
          "ValueType": "Color",
          "Type": "CustomColor",
          "Description": "Benutzerdefinierte Farbe für diagonale Linien der SRV-Radarhöhe. *Alpha*"
        },
        {
          "Category": "SRV-Scanner",
          "Title": "SRV-Turmmodus",
          "File": "Startup-Profile",
          "Key": "w73",
          "Value": 100.0,
          "ValueType": "Preset",
          "Type": "AdvancedMode",
          "Description": "SRV-Turm, kleines Bild von SRV auf dem Radar, plus verschiedene Elemente"
        },
        {
          "Category": "SRV-Scanner",
          "Title": "SRV-Turmfarbe",
          "File": "Advanced",
          "Key": "x147|y147|z147|w147",
          "Value": -12490271.0,
          "ValueType": "Color",
          "Type": "CustomColor",
          "Description": "Benutzerdefinierte Farbe für SRV-Turm, kleines Bild von SRV auf dem Radar plus verschiedene Elemente. *Alpha*"
        },
        {
          "Category": "SRV Scanner",
          "Title": "Brightness",
          "File": "Advanced",
          "Key": "w70",
          "Value": 1.1,
          "ValueType": "Brightness",
          "Type": "2X",
          "Description": "SRV Turret, Distributor Brightness Boost.\r\nFDev wendet einen ungeraden Farbdämpfungsfilter auf den SRV Turret-Bildschirm an.\r\nVerwenden Sie diesen Wert, um die Farbe des Verteilers zu verstärken (er sieht nicht genau gleich aus als Schiffs-/SRV-Verteiler aufgrund des Filters)"
        },
        {
          "Category": "Kompass",
          "Title": "Farbmodus",
          "File": "Startup-Profile",
          "Key": "w135",
          "Value": 100.0,
          "ValueType": "Preset",
          "Type": "AdvancedMode",
          "Description": "Kompassfarbe"
        },
        {
          "Category": "Kompass",
          "Title": "Benutzerdefinierte Farbe",
          "File": "Advanced",
          "Key": "x219|y219|z219",
          "Value": -12490271.0,
          "ValueType": "Color",
          "Type": "CustomColor",
          "Description": "Benutzerdefinierte Kompassfarbe."
        },
        {
          "Category": "Kompass",
          "Title": "Helligkeit",
          "File": "Advanced",
          "Key": "w219",
          "Value": 1.0,
          "ValueType": "Brightness",
          "Type": "2X",
          "Description": "Kompass-Hintergrund-Booster"
        },
        {
          "Category": "Kompass",
          "Title": "Kompasspunkt",
          "File": "Advanced",
          "Key": "x220|y220|z220",
          "Value": -12490271.0,
          "ValueType": "Color",
          "Type": "CustomColor",
          "Description": "Kompasspunkt Benutzerdefinierte Farbe."
        },
        {
          "Category": "Kompass",
          "Title": "Kompasspunkthelligkeit",
          "File": "Advanced",
          "Key": "w220",
          "Value": 1.0,
          "ValueType": "Brightness",
          "Type": "2X",
          "Description": "Kompasspunkthelligkeit\r\n(Hinweis: Dieses Element verhält sich etwas anders als andere. Empfohlenes Minimum ist 0,7 Helligkeit)"
        }
      ]
    },
    {
      "Name": "Power_Distributor",
      "Title": "Stromverteiler",
      "Elements": [
        {
          "Category": "Stromverteiler",
          "Title": "Modus",
          "File": "Startup-Profile",
          "Key": "y136",
          "Value": 101.0,
          "ValueType": "Preset",
          "Type": "PowerDistributor",
          "Description": "Stromverteilermodus"
        },
        {
          "Category": "Stromverteiler",
          "Title": "Farbe des oberen Blocks",
          "File": "Advanced",
          "Key": "x223|y223|z223",
          "Value": -12490271.0,
          "ValueType": "Color",
          "Type": "CustomColor",
          "Description": "Benutzerdefinierte Farbe für den oberen Block des dreifarbigen Verteilers oder Standard (einfarbig)"
        },
        {
          "Category": "Stromverteiler",
          "Title": "Helligkeit des oberen Blocks",
          "File": "Advanced",
          "Key": "w223",
          "Value": 1.0,
          "ValueType": "Brightness",
          "Type": "2X",
          "Description": "Helligkeit für den oberen Block des dreifarbigen Verteilers oder Standard (einfarbig)"
        },
        {
          "Category": "Dreifarbiger Verteiler",
          "Title": "Farbe des mittleren Blocks",
          "File": "Advanced",
          "Key": "x224|y224|z224",
          "Value": -12490271.0,
          "ValueType": "Color",
          "Type": "CustomColor",
          "Description": "Benutzerdefinierte Farbwerte für den mittleren Block des Tri-Verteilers."
        },
        {
          "Category": "Dreifarbiger Verteiler",
          "Title": "Mittelblock-Helligkeit",
          "File": "Advanced",
          "Key": "w224",
          "Value": 1.0,
          "ValueType": "Brightness",
          "Type": "2X",
          "Description": "Helligkeit (Alpha) für Mittelblock"
        },
        {
          "Category": "Dreifarbiger Verteiler",
          "Title": "Bottom Block Color",
          "File": "Advanced",
          "Key": "x225|y225|z225",
          "Value": -12490271.0,
          "ValueType": "Color",
          "Type": "CustomColor",
          "Description": "Benutzerdefinierte Farbwerte für den unteren Block des Tri-Distributors."
        },
        {
          "Category": "Dreifarbiger Verteiler",
          "Title": "Bottom Block Brightness",
          "File": "Advanced",
          "Key": "w225",
          "Value": 1.0,
          "ValueType": "Brightness",
          "Type": "2X",
          "Description": "Helligkeit für Bottom Block"
        },
        {
          "Category": "Farbverlaufsverteiler",
          "Title": "Farbe 1",
          "File": "Advanced",
          "Key": "x47|y47|z47",
          "Value": -12490271.0,
          "ValueType": "Color",
          "Type": "CustomColor",
          "Description": "Benutzerdefinierte Farbe für Farbe 1: Obere Farbe des Farbverlaufsverteilers."
        },
        {
          "Category": "Farbverlaufsverteiler",
          "Title": "Dominanz 1",
          "File": "Advanced",
          "Key": "w47",
          "Value": 1.0,
          "ValueType": "Brightness",
          "Type": "4X",
          "Description": "Farbe 1-Dominanz (Werte > 1,0 erhöhen die Dominanz, Werte < 1,0 verringern die Dominanz)"
        },
        {
          "Category": "Farbverlaufsverteiler",
          "Title": "Farbe 2",
          "File": "Advanced",
          "Key": "x46|y46|z46",
          "Value": -12490271.0,
          "ValueType": "Color",
          "Type": "CustomColor",
          "Description": "Benutzerdefinierte Farbe für Farbe 2: Untere Farbe des Farbverlaufsverteilers."
        },
        {
          "Category": "Farbverlaufsverteiler",
          "Title": "Helligkeit",
          "File": "Advanced",
          "Key": "w46",
          "Value": 1.0,
          "ValueType": "Brightness",
          "Type": "2X",
          "Description": "Gesamthelligkeit des Farbverlaufsverteilers"
        },
        {
          "Category": "Stromverteiler - Pips",
          "Title": "Pips-Modus",
          "File": "Startup-Profile",
          "Key": "w134",
          "Value": 100.0,
          "ValueType": "Preset",
          "Type": "AdvancedMode",
          "Description": "Stromverteiler Pips-Modus"
        },
        {
          "Category": "Stromverteiler - Pips",
          "Title": "Pips-Farbe",
          "File": "Advanced",
          "Key": "x214|y214|z214",
          "Value": -12490271.0,
          "ValueType": "Color",
          "Type": "CustomColor",
          "Description": "Benutzerdefinierte Farbe für Stromverteiler Pipsr."
        },
        {
          "Category": "Stromverteiler - Pips",
          "Title": "Helligkeit",
          "File": "Advanced",
          "Key": "w214",
          "Value": 1.0,
          "ValueType": "Brightness",
          "Type": "2X",
          "Description": "Helligkeit für Stromverteiler Pips"
        },
        {
          "Category": "Stromverteiler - Pips",
          "Title": "Nicht aktiver Pip-Booster",
          "File": "Advanced",
          "Key": "z134",
          "Value": 1.0,
          "ValueType": "Brightness",
          "Type": "2X",
          "Description": "Helligkeit für inaktive Pips."
        },
        {
          "Category": "Auswahlblöcke",
          "Title": "Modus",
          "File": "Startup-Profile",
          "Key": "z136",
          "Value": 100.0,
          "ValueType": "Preset",
          "Type": "AdvancedMode",
          "Description": "Verteilerauswahlblockmodus"
        },
        {
          "Category": "Auswahlblöcke",
          "Title": "Benutzerdefinierte Farbe",
          "File": "Advanced",
          "Key": "x230|y230|z230",
          "Value": -12490271.0,
          "ValueType": "Color",
          "Type": "CustomColor",
          "Description": "Benutzerdefinierte Farbe für Verteilerauswahlblöcke."
        },
        {
          "Category": "Auswahlblöcke",
          "Title": "Helligkeit",
          "File": "Advanced",
          "Key": "w230",
          "Value": 1.0,
          "ValueType": "Brightness",
          "Type": "2X",
          "Description": "Helligkeit für Verteilerauswahlblöcke"
        },
        {
          "Category": "RST (Reset) Bars",
          "Title": "Mode",
          "File": "Startup-Profile",
          "Key": "w133",
          "Value": 100.0,
          "ValueType": "Preset",
          "Type": "AdvancedMode",
          "Description": "RST Bars [..] unter Verteiler"
        },
        {
          "Category": "RST (Reset) Bars",
          "Title": "Custom Color",
          "File": "Advanced",
          "Key": "x227|y227|z227",
          "Value": -12490271.0,
          "ValueType": "Color",
          "Type": "CustomColor",
          "Description": "Custom Farbe für RST Bars unter dem Verteiler."
        },
        {
          "Category": "RST (Reset) Balken",
          "Title": "Helligkeit",
          "File": "Advanced",
          "Key": "w227",
          "Value": 1.0,
          "ValueType": "Brightness",
          "Type": "2X",
          "Description": "Helligkeit für RST Balken"
        }
      ]
    },
    {
      "Name": "FuelBars",
      "Title": "Signatur & Kraftstoffbars",
      "Elements": [
        {
          "Category": "Signaturleiste",
          "Title": "Modus",
          "File": "Startup-Profile",
          "Key": "w106",
          "Value": 100.0,
          "ValueType": "Preset",
          "Type": "AdvancedMode",
          "Description": "Unterschriftsleistenmodus"
        },
        {
          "Category": "Signaturleiste",
          "Title": "Primärfarbe",
          "File": "Advanced",
          "Key": "x206|y206|z206",
          "Value": -12490271.0,
          "ValueType": "Color",
          "Type": "CustomColor",
          "Description": "Primärfarbe, äußerer Teil des Signals"
        },
        {
          "Category": "Signaturleiste",
          "Title": "Sekundärfarbe",
          "File": "Advanced",
          "Key": "x207|y207|z207",
          "Value": -12490271.0,
          "ValueType": "Color",
          "Type": "CustomColor",
          "Description": "Sekundärfarbe, Mitte des Signals (relativ zur Primärfarbe)"
        },
        {
          "Category": "Signaturleiste",
          "Title": "Overall Alpha",
          "File": "Advanced",
          "Key": "w207",
          "Value": 1.0,
          "ValueType": "Brightness",
          "Type": "2X",
          "Description": "Overall Alpha (Transparenz) für die Signaturleiste"
        },
        {
          "Category": "Kraftstoffanzeige",
          "Title": "Kraftstoffleisten-Modus",
          "File": "Startup-Profile",
          "Key": "y135",
          "Value": 100.0,
          "ValueType": "Preset",
          "Type": "AdvancedMode",
          "Description": "Kraftstoffleisten-Modus"
        },
        {
          "Category": "Kraftstoffanzeige",
          "Title": "Benutzerdefinierte Farbe",
          "File": "Advanced",
          "Key": "x216|y216|z216",
          "Value": -12490271.0,
          "ValueType": "Color",
          "Type": "CustomColor",
          "Description": "Benutzerdefinierte Farbe für Kraftstoffleiste"
        },
        {
          "Category": "Kraftstoffanzeige",
          "Title": "Helligkeit",
          "File": "Advanced",
          "Key": "w216",
          "Value": 1.0,
          "ValueType": "Brightness",
          "Type": "2X",
          "Description": "Helligkeit für Fuel Bar"
        },
        {
          "Category": "Kraftstoffanzeige",
          "Title": "Kraftstoff für den nächsten Sprung",
          "File": "Advanced",
          "Key": "x94|y94|z94",
          "Value": -12490271.0,
          "ValueType": "Color",
          "Type": "CustomColor",
          "Description": "(muss ein in Ihrem Nav-Computer programmiertes System haben, um dieses Element zu sehen)"
        },
        {
          "Category": "Kraftstoffanzeige",
          "Title": "Nächster Sprung Helligkeit",
          "File": "Advanced",
          "Key": "w94",
          "Value": 1.0,
          "ValueType": "Brightness",
          "Type": "2X",
          "Description": "Helligkeit für den nächsten Sprung, (kann nicht unsichtbar gemacht werden, wird bei 0.0 schwarz)"
        },
        {
          "Category": "Kraftstoffanzeige",
          "Title": "Fuel Scoop Mode",
          "File": "Startup-Profile",
          "Key": "x133",
          "Value": 200.0,
          "ValueType": "Preset",
          "Type": "AdvancedMode",
          "Description": "Modus für Schöpfrate/Menge, nicht Heizstufe"
        },
        {
          "Category": "Kraftstoffanzeige",
          "Title": "Kraftstoff-Schaufelfarbe",
          "File": "Advanced",
          "Key": "x145|y145|z145|w145",
          "Value": -12490271.0,
          "ValueType": "Color",
          "Type": "CustomColor",
          "Description": "Benutzerdefinierte Farbe für Kraftstoff-Schaufel *Alpha"
        },
        {
          "Category": "Statuslichter",
          "Title": "Modus",
          "File": "Startup-Profile",
          "Key": "z135",
          "Value": 100.0,
          "ValueType": "Preset",
          "Type": "AdvancedMode",
          "Description": "Modus für Statuslichter (Mass Lock, Fahrwerk, Cargo Scoop)."
        },
        {
          "Category": "Statuslichter",
          "Title": "Aus-Farbe",
          "File": "Advanced",
          "Key": "x217|y217|z217",
          "Value": -12490271.0,
          "ValueType": "Color",
          "Type": "CustomColor",
          "Description": "Benutzerdefinierte Farbe für den Licht-Aus-Zustand."
        },
        {
          "Category": "Statuslichter",
          "Title": "AN-Farbe",
          "File": "Advanced",
          "Key": "x218|y218|z218",
          "Value": -12490271.0,
          "ValueType": "Color",
          "Type": "CustomColor",
          "Description": "Benutzerdefinierte Farbe für Licht-EIN-Zustand."
        },
        {
          "Category": "Statuslichter",
          "Title": "Helligkeit",
          "File": "Advanced",
          "Key": "w217",
          "Value": 1.0,
          "ValueType": "Brightness",
          "Type": "2X",
          "Description": "Helligkeit für Statusleuchten"
        }
      ]
    },
    {
      "Name": "StationsPanels",
      "Title": "Schiffs- und Stationstafeln",
      "Elements": [

      ]
    }
  ],
  "Presets": [
    {
      "Type": "AdvancedMode",
      "Name": "Custom Color",
      "Index": 100.0
    },
    {
      "Type": "AdvancedMode",
      "Name": "XML (User Defined)",
      "Index": 199.0
    },
    {
      "Type": "AdvancedMode",
      "Name": "Elite Default",
      "Index": 200.0
    },
    {
      "Type": "ShortMode",
      "Name": "Custom Color",
      "Index": 100.0
    },
    {
      "Type": "ShortMode",
      "Name": "Elite Default",
      "Index": 200.0
    },
    {
      "Type": "NavPanel",
      "Name": "Custom Color",
      "Index": 100.0
    },
    {
      "Type": "NavPanel",
      "Name": "Elite Default",
      "Index": 200.0
    },
    {
      "Type": "AmbientLights",
      "Name": "Custom Single Color",
      "Index": 100.0
    },
    {
      "Type": "AmbientLights",
      "Name": "Custom Bi-colour",
      "Index": 101.0
    },
    {
      "Type": "AmbientLights",
      "Name": "XML (User Defined)",
      "Index": 199.0
    },
    {
      "Type": "AmbientLights",
      "Name": "Elite default",
      "Index": 200.0
    },
    {
      "Type": "CabinLightingStyle",
      "Name": "Restricted",
      "Index": 0.0
    },
    {
      "Type": "CabinLightingStyle",
      "Name": "Full",
      "Index": 1.0
    },
    {
      "Type": "CabinLightingStyle",
      "Name": "Complete",
      "Index": 2.0
    },
    {
      "Type": "CabinLightingStyle",
      "Name": "Space Disco",
      "Index": 3.0
    },
    {
      "Type": "ShipPanelOpacity",
      "Name": "Custom Color",
      "Index": 100.0
    },
    {
      "Type": "ShipPanelOpacity",
      "Name": "Space Grey (dark)",
      "Index": 101.0
    },
    {
      "Type": "ShipPanelOpacity",
      "Name": "XML (User Defined)",
      "Index": 199.0
    },
    {
      "Type": "ShipPanelOpacity",
      "Name": "Elite Default",
      "Index": 200.0
    },
    {
      "Type": "AHUDText",
      "Name": "Use Main Text Color",
      "Index": 100.0
    },
    {
      "Type": "AHUDText",
      "Name": "Custom",
      "Index": 101.0
    },
    {
      "Type": "AHUDText",
      "Name": "Elite Default",
      "Index": 200.0
    },
    {
      "Type": "ShieldColor",
      "Name": "Custom Multi-Shield",
      "Index": 100.0
    },
    {
      "Type": "ShieldColor",
      "Name": "Custom Single Color",
      "Index": 101.0
    },
    {
      "Type": "ShieldColor",
      "Name": "XML (User Defined)",
      "Index": 199.0
    },
    {
      "Type": "ShieldColor",
      "Name": "Elite default",
      "Index": 200.0
    },
    {
      "Type": "ShieldsDown",
      "Name": "Red - Default Elite",
      "Index": 0.0
    },
    {
      "Type": "ShieldsDown",
      "Name": "Black - Custom",
      "Index": 1.0
    },
    {
      "Type": "PowerDistributor",
      "Name": "Custom Single Color",
      "Index": 100.0
    },
    {
      "Type": "PowerDistributor",
      "Name": "Custom Gradient",
      "Index": 101.0
    },
    {
      "Type": "PowerDistributor",
      "Name": "Custom Tri-colour",
      "Index": 102.0
    },
    {
      "Type": "PowerDistributor",
      "Name": "XML (User Defined)",
      "Index": 199.0
    },
    {
      "Type": "PowerDistributor",
      "Name": "Elite default",
      "Index": 200.0
    },
    {
      "Type": "CausticEffect",
      "Name": "Original Elite yellow/green colour",
      "Index": 0.0
    },
    {
      "Type": "CausticEffect",
      "Name": "Custom Color",
      "Index": 1.0
    },
    {
      "Type": "RankIcon",
      "Name": "Use Main Text Color",
      "Index": 100.0
    },
    {
      "Type": "RankIcon",
      "Name": "Neutral target holo colour",
      "Index": 101.0
    },
    {
      "Type": "RankIcon",
      "Name": "XML (User Defined)",
      "Index": 199.0
    },
    {
      "Type": "RankIcon",
      "Name": "Elite Default",
      "Index": 200.0
    }
  ]
}