{
  "language": "es",
  "game": "ED_Odissey",
  "author": "Blue Mystic",
  "ui_groups": [
    {
      "Name": "Panel_UP",
      "Title": "Panel (superior)",
      "Elements": [
        {
          "Category": "Panel de chat ",
          "Title": " Líneas del panel de chat ",
          "File": "Startup-Profile",
          "Key": "x137",
          "Value": 100.0,
          "ValueType": "Preset",
          "Type": "AdvancedMode",
          "Description": " Modo para las líneas del panel de chat (lado superior izquierdo) \r\n Nota: Los colores se verán ligeramente diferentes a las líneas del panel de información porque los colores Elite originales son diferentes."
        },
        {
          "Category": "Panel de chat ",
          "Title": " Color personalizado ",
          "File": "Advanced",
          "Key": "x232|y232|z232|w232",
          "Value": -12490271.0,
          "ValueType": "Color",
          "Type": "CustomColor",
          "Description": " Color personalizado para las líneas del panel de chat. (*Alfa)"
        },
        {
          "Category": "Panel de chat ",
          "Title": " Iconos del panel de chat ",
          "File": "Startup-Profile",
          "Key": "y137",
          "Value": 100.0,
          "ValueType": "Preset",
          "Type": "AdvancedMode",
          "Description": " Modo para los iconos del panel de chat."
        },
        {
          "Category": "Panel de chat ",
          "Title": " Color personalizado ",
          "File": "Advanced",
          "Key": "x233|y233|z233|w233",
          "Value": -12490271.0,
          "ValueType": "Color",
          "Type": "CustomColor",
          "Description": " Color personalizado para los iconos del panel de chat. (*Alfa)"
        },
        {
          "Category": "Panel de información ",
          "Title": " Líneas del panel de información ",
          "File": "Startup-Profile",
          "Key": "w206",
          "Value": 100.0,
          "ValueType": "Preset",
          "Type": "AdvancedMode",
          "Description": " Modo para líneas del panel de información (parte superior derecha)"
        },
        {
          "Category": "Panel de información ",
          "Title": " Líneas del panel de información ",
          "File": "Advanced",
          "Key": "x208|y208|z208|w208",
          "Value": -12490271.0,
          "ValueType": "Color",
          "Type": "CustomColor",
          "Description": " Color personalizado para las líneas del panel de información. (*Alfa)"
        },
        {
          "Category": "Panel de información ",
          "Title": " Nombre de nave ",
          "File": "Startup-Profile",
          "Key": "z137",
          "Value": 100.0,
          "ValueType": "Preset",
          "Type": "AdvancedMode",
          "Description": " Color del texto del nombre del nave."
        },
        {
          "Category": "Panel de información ",
          "Title": " Nombre de nave ",
          "File": "Advanced",
          "Key": "x235|y235|z235",
          "Value": -12490271.0,
          "ValueType": "Color",
          "Type": "CustomColor",
          "Description": " Color personalizado para el nombre del nave."
        },
        {
          "Category": "Panel de información ",
          "Title": " Brillo de nombre de la nave ",
          "File": "Advanced",
          "Key": "w235",
          "Value": 1.0,
          "ValueType": "Brightness",
          "Type": "2X",
          "Description": " Brillo del nombre del nave"
        },
        {
          "Category": "Panel de información ",
          "Title": " Resplandor del fondo del nombre de nave ",
          "File": "Advanced",
          "Key": "w137",
          "Value": 1.0,
          "ValueType": "Brightness",
          "Type": "2X",
          "Description": " Resplandor del fondo del nombre del nave"
        }
      ]
    },
    {
      "Name": "Reticle",
      "Title": "Retícula de objetivo ",
      "Elements": [
        {
          "Category": "Retícula de objetivo ",
          "Title": " Retícula de orientación ",
          "File": "Startup-Profile",
          "Key": "y141",
          "Value": 100.0,
          "ValueType": "Preset",
          "Type": "AdvancedMode",
          "Description": " Modo para retícula de orientación"
        },
        {
          "Category": "Retícula de objetivo ",
          "Title": " Icono de rango ",
          "File": "Startup-Profile",
          "Key": "w141",
          "Value": 100.0,
          "ValueType": "Preset",
          "Type": "RankIcon",
          "Description": " Icono de rango que aparece junto al nave objetivo (solo neutral / naranja)"
        },
        {
          "Category": "Retícula de objetivo - Componentes ",
          "Title": " Tri-barras grandes ",
          "File": "Advanced",
          "Key": "x56|y56|z56|w56",
          "Value": -12490271.0,
          "ValueType": "Color",
          "Type": "CustomColor",
          "Description": " Color personalizado para Tri-barras grandes (una vertical en la parte superior, dos diagonales en la parte inferior). (*Alfa)"
        },
        {
          "Category": "Retícula de objetivo - Componentes ",
          "Title": " Tri-bars pequeños ",
          "File": "Advanced",
          "Key": "x57|y57|z57|w57",
          "Value": -12490271.0,
          "ValueType": "Color",
          "Type": "CustomColor",
          "Description": " Color personalizado para Tri-bars pequeños. (*Alfa)"
        },
        {
          "Category": "Retícula de objetivo - Componentes ",
          "Title": " Círculo grande ",
          "File": "Advanced",
          "Key": "x58|y58|z58|w58",
          "Value": -12490271.0,
          "ValueType": "Color",
          "Type": "CustomColor",
          "Description": " Color personalizado para círculo grande. (*Alfa)"
        },
        {
          "Category": "Retícula de objetivo - Componentes ",
          "Title": " Círculo principal ",
          "File": "Advanced",
          "Key": "x59|y59|z59|w59",
          "Value": -12490271.0,
          "ValueType": "Color",
          "Type": "CustomColor",
          "Description": " Color personalizado para el círculo principal. (*Alfa)"
        },
        {
          "Category": "Retícula de objetivo - Componentes ",
          "Title": " Puntos de armas ",
          "File": "Advanced",
          "Key": "x60|y60|z60|w60",
          "Value": -12490271.0,
          "ValueType": "Color",
          "Type": "CustomColor",
          "Description": " Color personalizado para puntos de armas. (*Alfa)"
        },
        {
          "Category": "Retícula de objetivo - Componentes ",
          "Title": " Punto del ratón ",
          "File": "Advanced",
          "Key": "x61|y61|z61|w61",
          "Value": -12490271.0,
          "ValueType": "Color",
          "Type": "CustomColor",
          "Description": " Color personalizado para el punto del ratón. (*Alfa)"
        },
        {
          "Category": "Retícula de objetivo - Componentes ",
          "Title": " Bloqueo de misiles ",
          "File": "Advanced",
          "Key": "x62|y62|z62|w62",
          "Value": -12490271.0,
          "ValueType": "Color",
          "Type": "CustomColor",
          "Description": " Color personalizado para Bloqueo de misiles (también Despegue de la animación del planeta) * Alfa"
        },
        {
          "Category": "Objetivos ambientales y de destino ",
          "Title": " Modo ",
          "File": "Startup-Profile",
          "Key": "z141",
          "Value": 100.0,
          "ValueType": "Preset",
          "Type": "AdvancedMode",
          "Description": " Modo de objetivos ambientales y de destino (y bloqueo de misiles)"
        },
        {
          "Category": "Objetivos ambientales y de destino ",
          "Title": " Posible objetivo de envío ",
          "File": "Advanced",
          "Key": "x64|y64|z64|w64",
          "Value": -12490271.0,
          "ValueType": "Color",
          "Type": "CustomColor",
          "Description": " Color personalizado para Posible objetivo de envío (no seleccionado). (*Alfa)"
        },
        {
          "Category": "Objetivos ambientales y de destino ",
          "Title": " Posible destino de destino ",
          "File": "Advanced",
          "Key": "x65|y65|z65|w65",
          "Value": -12490271.0,
          "ValueType": "Color",
          "Type": "CustomColor",
          "Description": " Color personalizado para Posible destino de destino y flecha relativa del mouse. (*Alfa)"
        },
        {
          "Category": "Objetivos ambientales y de destino ",
          "Title": " Posible círculo de destino de supercrucero ",
          "File": "Advanced",
          "Key": "x66|y66|z66|w66",
          "Value": -12490271.0,
          "ValueType": "Color",
          "Type": "CustomColor",
          "Description": " Color personalizado para posible círculo de destino de supercrucero. (*Alfa)"
        },
        {
          "Category": "Objetivos ambientales y de destino ",
          "Title": " Círculo de destino de destino ",
          "File": "Advanced",
          "Key": "x67|y67|z67|w67",
          "Value": -12490271.0,
          "ValueType": "Color",
          "Type": "CustomColor",
          "Description": " Color personalizado para el círculo de destino de destino. (*Alfa)"
        },
        {
          "Category": "Objetivos ambientales y de destino ",
          "Title": " Brillo del texto ",
          "File": "Advanced",
          "Key": "w68",
          "Value": 0.4,
          "ValueType": "Brightness",
          "Type": "2X",
          "Description": " Objetivo de destino Brillo del texto (el texto a la derecha del círculo)"
        },
        {
          "Category": "Objetivos ambientales y de destino ",
          "Title": " Modo de rombo gris ",
          "File": "Startup-Profile",
          "Key": "x107",
          "Value": 100.0,
          "ValueType": "Preset",
          "Type": "AdvancedMode",
          "Description": " Modo de rombo gris (objetivo potencial no biológico en el medio ambiente)"
        },
        {
          "Category": "Objetivos ambientales y de destino ",
          "Title": " Color del rombo gris ",
          "File": "Advanced",
          "Key": "x171|y171|z171|w171",
          "Value": -12490271.0,
          "ValueType": "Color",
          "Type": "CustomColor",
          "Description": " Color personalizado para el rombo gris (objetivo potencial no biológico en el medio ambiente). (*Alfa)"
        },
        {
          "Category": "Objetivos ambientales y de destino ",
          "Title": " Aumento de rombo gris ",
          "File": "Advanced",
          "Key": "y107",
          "Value": 1.0,
          "ValueType": "ONOFF",
          "Type": "ONOFF",
          "Description": " Aumento de opacidad en SRV"
        },
        {
          "Category": "Objetivos ambientales y de destino ",
          "Title": " Texto de aterrizaje planetario del nave (azul) ",
          "File": "Advanced",
          "Key": "w107",
          "Value": 0.4,
          "ValueType": "Brightness",
          "Type": "2X",
          "Description": " En Elite predeterminado, el texto azul 'nave asegurado' cuando el aterrizaje se apaga. \r\n Aquí puede reducir el brillo de este texto (recomendado 0.4 a 0.6)"
        }
      ]
    },
    {
      "Name": "Settings",
      "Title": "Configuración de HUD",
      "Elements": [
        {
          "Category": "Texto principal ",
          "Title": " Modo de texto ",
          "File": "Startup-Profile",
          "Key": "w75",
          "Value": 100.0,
          "ValueType": "Preset",
          "Type": "AdvancedMode",
          "Description": " Intercambio de color de texto naranja (la mayoría del texto)."
        },
        {
          "Category": "Texto principal ",
          "Title": " Color del texto ",
          "File": "Advanced",
          "Key": "x77|y77|z77|w77",
          "Value": -12490271.0,
          "ValueType": "Color",
          "Type": "CustomColour",
          "Description": " Color personalizado para texto global. *Alfa*"
        },
        {
          "Category": "Texto principal ",
          "Title": " Modo de texto resaltado ",
          "File": "Startup-Profile",
          "Key": "z87",
          "Value": 200.0,
          "ValueType": "Preset",
          "Type": "ShortMode",
          "Description": " Modo para texto resaltado en todos los paneles."
        },
        {
          "Category": "Texto principal ",
          "Title": " Color de texto resaltado ",
          "File": "Advanced",
          "Key": "x143|y143|z143|w143",
          "Value": -12490271.0,
          "ValueType": "Color",
          "Type": "CustomColour",
          "Description": " Color personalizado para texto resaltado en todos los paneles. *Alfa*"
        },
        {
          "Category": "Textos secundarios ",
          "Title": " Modo de texto ",
          "File": "Startup-Profile",
          "Key": "y78",
          "Value": 200.0,
          "ValueType": "Preset",
          "Type": "AdvancedMode",
          "Description": " Intercambio de color de texto azul (alrededor del AHUD y el texto de la misión, entre otros)."
        },
        {
          "Category": "Textos secundarios ",
          "Title": " Color de texto ",
          "File": "Advanced",
          "Key": "x82|y82|z82|w82",
          "Value": -12490271.0,
          "ValueType": "Color",
          "Type": "CustomColour",
          "Description": " Color personalizado para textos secundarios. *Alfa*"
        },
        {
          "Category": "Textos terciarios ",
          "Title": " Modo de texto ",
          "File": "Startup-Profile",
          "Key": "z78",
          "Value": 200.0,
          "ValueType": "Preset",
          "Type": "AdvancedMode",
          "Description": " Intercambio de color de texto amarillo (resaltado de OwnCarrier, texto de retícula de aterrizaje, entre otros)."
        },
        {
          "Category": "Textos terciarios ",
          "Title": " Color de texto ",
          "File": "Advanced",
          "Key": "x80|y80|z80|w80",
          "Value": -12490271.0,
          "ValueType": "Color",
          "Type": "CustomColour",
          "Description": " Color personalizado para textos terciarios. *Alfa*"
        },
        {
          "Category": "Mapa de galaxia ",
          "Title": " Modo de icono ",
          "File": "Startup-Profile",
          "Key": "y84",
          "Value": 199.0,
          "ValueType": "Preset",
          "Type": "AdvancedMode",
          "Description": " Color de icono de GalMap (excluyendo Ingeniería) y color de Línea de viaje."
        },
        {
          "Category": "Mapa de galaxia ",
          "Title": " Color del icono ",
          "File": "Advanced",
          "Key": "x85|y85|z85|w85",
          "Value": -12490271.0,
          "ValueType": "Color",
          "Type": "CustomColor",
          "Description": " Color personalizado para el color del icono de GalMap. *Alfa*"
        },
        {
          "Category": "Mapa de galaxia ",
          "Title": " Modo de icono de ingeniería ",
          "File": "Startup-Profile",
          "Key": "z84",
          "Value": 100.0,
          "ValueType": "Preset",
          "Type": "AdvancedMode",
          "Description": " Modo de icono de ingeniería de GalMap"
        },
        {
          "Category": "Mapa de galaxia ",
          "Title": " Color del icono de ingeniería ",
          "File": "Advanced",
          "Key": "x86|y86|z86|w86",
          "Value": -12490271.0,
          "ValueType": "Color",
          "Type": "CustomColor",
          "Description": " Color personalizado para el color del icono de ingeniería de GalMap. *Alfa*"
        },
        {
          "Category": "Advertencias - exceso de velocidad ",
          "Title": " Modo de color ",
          "File": "Startup-Profile",
          "Key": "y104",
          "Value": 100.0,
          "ValueType": "Preset",
          "Type": "AdvancedMode",
          "Description": " Modo de advertencia de exceso de velocidad (solo líneas)"
        },
        {
          "Category": "Advertencias - exceso de velocidad ",
          "Title": " Color personalizado ",
          "File": "Advanced",
          "Key": "x172|y172|z172",
          "Value": -12490271.0,
          "ValueType": "Color",
          "Type": "CustomColor",
          "Description": " Color personalizado para advertencia de exceso de velocidad (solo líneas)"
        },
        {
          "Category": "Advertencias - exceso de velocidad ",
          "Title": " Brillo ",
          "File": "Advanced",
          "Key": "w172",
          "Value": 1.1,
          "ValueType": "Brightness",
          "Type": "2X",
          "Description": " Brillo para advertencia de exceso de velocidad (solo líneas)."
        },
        {
          "Category": "Advertencias - Lanzamiento remoto Flac ",
          "Title": " Modo de color ",
          "File": "Startup-Profile",
          "Key": "w174",
          "Value": 100.0,
          "ValueType": "Preset",
          "Type": "AdvancedMode",
          "Description": " Modo para Lanzador remoto Flac / Flechette Launcher"
        },
        {
          "Category": "Advertencias - Lanzamiento remoto Flac ",
          "Title": " Color personalizado ",
          "File": "Advanced",
          "Key": "x173|y173|z173",
          "Value": -12490271.0,
          "ValueType": "Color",
          "Type": "CustomColor",
          "Description": " Color personalizado para Lanzador Flac / Flechette de liberación remota. \r\n Nota: La señal de activación roja no se puede modificar en este momento. \r\n Los controles de brillo no están disponibles ya que causa una falla entre Elementos exteriores y de proximidad; Para reducir el brillo, simplemente reduzca sus valores RGB en el mismo porcentaje"
        },
        {
          "Category": "Advertencias - Lanzamiento remoto Flac ",
          "Title": " Color de proximidad del objetivo ",
          "File": "Advanced",
          "Key": "x174|y174|z1743",
          "Value": -12490271.0,
          "ValueType": "Color",
          "Type": "CustomColor",
          "Description": " Color personalizado para Lanzador remoto Flac / Flechette Launcher. \r\n Nota: La señal de disparo roja no se puede modificar en este momento. \r\n Los controles de brillo no están disponibles ya que causa una falla entre los elementos Exterior y Proximidad; Para reducir el brillo, simplemente reduzca sus valores RGB en el mismo porcentaje"
        }
      ]
    },
    {
      "Name": "Panel_Lower",
      "Title": "Panel (inferior)",
      "Elements": [
        {
          "Category": "Panel inferior ",
          "Title": " Líneas del panel (inferior) ",
          "File": "Startup-Profile",
          "Key": "z104",
          "Value": 100.0,
          "ValueType": "Preset",
          "Type": "AdvancedMode",
          "Description": " Color de las lineas de los paneles"
        },
        {
          "Category": "Panel inferior ",
          "Title": " Líneas del panel inferior ",
          "File": "Advanced",
          "Key": "x204|y204|z204|w204",
          "Value": -12490271.0,
          "ValueType": "Color",
          "Type": "CustomColor",
          "Description": " (* Alfa) ** (si su color personalizado es cercano al naranja, agregue un poco de azul (p. Ej. 0,1) para evitar una falla en el panel de orientación. El panel de orientación utiliza una técnica de intercambio de color que busca azul = 0)."
        },
        {
          "Category": "Panel de objetivo",
          "Title": " Modo ",
          "File": "Startup-Profile",
          "Key": "x140",
          "Value": 100.0,
          "ValueType": "Preset",
          "Type": "AdvancedMode",
          "Description": " Velocidad / Distancia / Alineación en Supercruise. Excluyendo las líneas del panel inferior y el color del texto. \r\n Si el color elegido para los elementos de velocidad / distancia de Supercruise es cercano al naranja (rojo alto, verde medio), agregue 0.1 azul para evitar una falla"
        },
        {
          "Category": "Panel de objetivo",
          "Title": " Alineación correcta del objetivo (bloques) ",
          "File": "Advanced",
          "Key": "x51|y51|z51",
          "Value": -12490271.0,
          "ValueType": "Color",
          "Type": "CustomColor",
          "Description": " Color personalizado para los bloques de alineación (correcta) del objetivo, la barra y la luz indicadora (secciones azules en Elite original)."
        },
        {
          "Category": "Panel de objetivo",
          "Title": " Brillo ",
          "File": "Advanced",
          "Key": "w51",
          "Value": 1.0,
          "ValueType": "Brightness",
          "Type": "2X",
          "Description": " Brillo para alineación de destino (correcto)"
        },
        {
          "Category": "Panel de objetivo",
          "Title": " Modo de líneas divisorias ",
          "File": "Startup-Profile",
          "Key": "x78",
          "Value": 100.0,
          "ValueType": "Preset",
          "Type": "AdvancedMode",
          "Description": " Líneas divisorias en el panel de orientación en Supercruise"
        },
        {
          "Category": "Panel de objetivo",
          "Title": " Color de líneas divisorias ",
          "File": "Advanced",
          "Key": "x79|y79|z79",
          "Value": -12490271.0,
          "ValueType": "Color",
          "Type": "CustomColor",
          "Description": " Color personalizado para líneas divisorias en el panel de orientación en Supercruise"
        },
        {
          "Category": "Panel de objetivo",
          "Title": " Brillo de líneas divisorias ",
          "File": "Advanced",
          "Key": "w79",
          "Value": 1.0,
          "ValueType": "Brightness",
          "Type": "2X",
          "Description": " Brillo para iconos en el panel de navegación y el panel de orientación"
        },
        {
          "Category": "Panel de objetivo",
          "Title": " Alineación incorrecta del objetivo (bloques) ",
          "File": "Advanced",
          "Key": "x52|y52|z52",
          "Value": -12490271.0,
          "ValueType": "Color",
          "Type": "CustomColor",
          "Description": " Color personalizado para los bloques de alineación del objetivo (incorrecto / no alineado) y la luz indicadora (secciones naranjas en Elite original)."
        },
        {
          "Category": "Panel de objetivo",
          "Title": " Brillo ",
          "File": "Advanced",
          "Key": "w52",
          "Value": 1.0,
          "ValueType": "Brightness",
          "Type": "2X",
          "Description": " Brillo para alineación de destino (incorrecto)"
        },
        {
          "Category": "Panel de objetivo",
          "Title": " Alineación de blancos incorrecta (barra) ",
          "File": "Advanced",
          "Key": "x53|y53|z53",
          "Value": -12490271.0,
          "ValueType": "Color",
          "Type": "CustomColor",
          "Description": " Color personalizado para la barra de alineación (incorrecta) de blancos de Supercruise, líneas divisorias (entre Distancia / Velocidad / Alineación), íconos. Estos no se pueden separar más ..."
        },
        {
          "Category": "Panel de objetivo",
          "Title": " Brillo ",
          "File": "Advanced",
          "Key": "w53",
          "Value": 1.0,
          "ValueType": "Brightness",
          "Type": "2X",
          "Description": " Brillo para la barra de alineación de blancos de Supercruise (incorrecta)"
        },
        {
          "Category": "Panel de objetivo",
          "Title": " Modo de iconos ",
          "File": "Startup-Profile",
          "Key": "z75",
          "Value": 100.0,
          "ValueType": "Preset",
          "Type": "AdvancedMode",
          "Description": " Iconos en el panel de navegación y el panel de orientación"
        },
        {
          "Category": "Panel de objetivo",
          "Title": " Color de los iconos ",
          "File": "Advanced",
          "Key": "x53|y53|z53",
          "Value": -12490271.0,
          "ValueType": "Color",
          "Type": "CustomColor",
          "Description": " Color personalizado para los iconos en el panel de navegación y el panel de orientación"
        },
        {
          "Category": "Panel de objetivo",
          "Title": " Brillo de los iconos ",
          "File": "Advanced",
          "Key": "w53",
          "Value": 1.0,
          "ValueType": "Brightness",
          "Type": "2X",
          "Description": " Brillo de los iconos en el panel de navegación y el panel de orientación"
        },
        {
          "Category": "Panel del medio ",
          "Title": " Avatar del panel del medio ",
          "File": "Advanced",
          "Key": "y157",
          "Value": 1.0,
          "ValueType": "Brightness",
          "Type": "2X",
          "Description": " Brillo / Transparencia del avatar en el panel del medio (3)"
        },
        {
          "Category": "Resaltado de Paneles ",
          "Title": " Modo de Resalte ",
          "File": "Startup-Profile",
          "Key": "z68",
          "Value": 100.0,
          "ValueType": "Preset",
          "Type": "AdvancedMode",
          "Description": " (Nota: Esto también colorea el indicador de velocidad actual, la barra de alineación del supercrucero (cuando no está alineada), el combustible activo en la barra de combustible. Desafortunadamente, no se puede separar, pero puedes elegir el color. Recomiendo XML."
        },
        {
          "Category": "Resaltado de Paneles ",
          "Title": " Color personalizado ",
          "File": "Advanced",
          "Key": "x74|y74|z74",
          "Value": -12490271.0,
          "ValueType": "Color",
          "Type": "CustomColor",
          "Description": " Color personalizado para los bloques de alineación del objetivo (correctos), la barra y la luz indicadora (secciones azules en Elite original)."
        },
        {
          "Category": "Resaltado de Paneles ",
          "Title": " Brillo ",
          "File": "Advanced",
          "Key": "w74",
          "Value": 1.0,
          "ValueType": "Brightness",
          "Type": "2X",
          "Description": " Brillo para el resaltado del panel."
        },
        {
          "Category": "Paneles laterales ",
          "Title": " Líneas principales ",
          "File": "Startup-Profile",
          "Key": "x75",
          "Value": 100.0,
          "ValueType": "Preset",
          "Type": "AdvancedMode",
          "Description": " (Nota: esto también colorea el indicador de velocidad actual, la barra de alineación del supercrucero (cuando no está alineada), el combustible activo en la barra de combustible. Desafortunadamente, no se puede separar, pero puede elegir el color. I recomendar XML."
        },
        {
          "Category": "Paneles laterales ",
          "Title": " Color personalizado ",
          "File": "Advanced",
          "Key": "x76|y76|z76",
          "Value": -12490271.0,
          "ValueType": "Color",
          "Type": "CustomColor",
          "Description": " Color personalizado para los bloques de alineación (correcta) del objetivo, la barra y la luz indicadora (secciones azules en Elite original)."
        },
        {
          "Category": "Paneles laterales ",
          "Title": " Brillo ",
          "File": "Advanced",
          "Key": "w76",
          "Value": 1.0,
          "ValueType": "Brightness",
          "Type": "2X",
          "Description": " Brillo para los paneles laterales Líneas principales."
        },
        {
          "Category": "Panel de navegación ",
          "Title": " Modo de panel de navegación ",
          "File": "Startup-Profile",
          "Key": "z97",
          "Value": 100.0,
          "ValueType": "Preset",
          "Type": "NavPanel",
          "Description": " Pin / cuña de ubicación actual (solo el Pin de ubicación actual se puede modificar a un color personalizado. El Pin de destino está conectado a otros elementos / líneas en el Panel de envío)"
        },
        {
          "Category": "Panel de navegación ",
          "Title": " Color personalizado ",
          "File": "Advanced",
          "Key": "x98|y98|z98|w98",
          "Value": -12490271.0,
          "ValueType": "Color",
          "Type": "CustomColor",
          "Description": " Color personalizado para el color del icono de ingeniería de GalMap. *Alfa*"
        },
        {
          "Category": "Panel de misión ",
          "Title": " Modo de panel de misión ",
          "File": "Startup-Profile",
          "Key": "z89",
          "Value": 200.0,
          "ValueType": "Preset",
          "Type": "NavPanel",
          "Description": " Afecta el color de los paneles de misión en el panel de navegación, más el icono de misión en la pantalla de selección de misión)"
        },
        {
          "Category": "Panel de misión ",
          "Title": " Color personalizado ",
          "File": "Advanced",
          "Key": "x91|y91|z91",
          "Value": -12490271.0,
          "ValueType": "Color",
          "Type": "CustomColor",
          "Description": " Color personalizado para los paneles de misión en el panel de navegación, más el icono de misión en la pantalla de selección de misión."
        },
        {
          "Category": "Panel de mantenimiento ",
          "Title": " Boceto del nave ",
          "File": "Startup-Profile",
          "Key": "w78",
          "Value": 200.0,
          "ValueType": "Preset",
          "Type": "AdvancedMode",
          "Description": " Boceto del nave en el Panel de mantenimiento avanzado (Estación / Transportista)"
        },
        {
          "Category": "Panel de mantenimiento ",
          "Title": " Color personalizado ",
          "File": "Advanced",
          "Key": "x146|y146|z146|w146",
          "Value": -12490271.0,
          "ValueType": "Color",
          "Type": "CustomColor",
          "Description": " Color personalizado para boceto de nave. *Alfa"
        }
      ]
    },
    {
      "Name": "Lighting",
      "Title": "Iluminación de cabina",
      "Elements": [
        {
          "Category": "Cabina - Iluminación de cabina ",
          "Title": " Modo de color ",
          "File": "Startup-Profile",
          "Key": "y68",
          "Value": 100.0,
          "ValueType": "Preset",
          "Type": "AmbientLights",
          "Description": " Modo de iluminación de cabina / cabina"
        },
        {
          "Category": "Cabina - Iluminación de cabina ",
          "Title": " Estilo de iluminación ",
          "File": "Advanced",
          "Key": "x68",
          "Value": 2.0,
          "ValueType": "Preset",
          "Type": "CabinLightingStyle",
          "Description": " 0 = Restringido (Cerca del estándar Elite, la luz de la cabina no cubre toda la cabina) \r\n 1 = Completo (Cubre más de la cabina, en relación con 'Restringido', pero excluirá áreas de luz blanca) \r\n 2 = Completo (Cubre las áreas 'Completas', más algunas áreas de luz blanca. Use el modo XML (en Startup-Profile.ini) para ver la luz multicolor en algunos naves (las áreas naranjas y las áreas blancas reaccionarán de manera diferente a su XML) \r\n 3 = Space Disco (luz de inundación con contaminación de la piel, cabina completa)."
        },
        {
          "Category": "Cabina - Iluminación de cabina ",
          "Title": " Color personalizado ",
          "File": "Advanced",
          "Key": "x69|y69|z69",
          "Value": -12490271.0,
          "ValueType": "Color",
          "Type": "CustomColor",
          "Description": " Color personalizado para cabina - Iluminación de cabina."
        },
        {
          "Category": "Cabina - Iluminación de cabina ",
          "Title": " Brillo ",
          "File": "Advanced",
          "Key": "w69",
          "Value": 0.3,
          "ValueType": "Brightness",
          "Type": "2X",
          "Description": " Brillo para la cabina - Iluminación de la cabina."
        },
        {
          "Category": "Iluminación - Bi-color ",
          "Title": " Left Color ",
          "File": "Advanced",
          "Key": "x70|y70|z70",
          "Value": -12490271.0,
          "ValueType": "Color",
          "Type": "CustomColor",
          "Description": " (Experimental) - Mejor para usar en modo de iluminación COMPLETA."
        },
        {
          "Category": "Iluminación - Bi-color ",
          "Title": " Right Color ",
          "File": "Advanced",
          "Key": "x71|y71|z71",
          "Value": -12490271.0,
          "ValueType": "Color",
          "Type": "CustomColor",
          "Description": " este color se agrega al color Base en el lado derecho de la cabina."
        },
        {
          "Category": "Iluminación - Bi-color ",
          "Title": " Brillo ",
          "File": "Advanced",
          "Key": "w71",
          "Value": 1.0,
          "ValueType": "Brightness",
          "Type": "2X",
          "Description": " Brillo para AmbientLights - Bi-color."
        },
        {
          "Category": "Paneles de Nave ",
          "Title": " Fondo del panel de envío ",
          "File": "Startup-Profile",
          "Key": "x89",
          "Value": 100.0,
          "ValueType": "Preset",
          "Type": "ShipPanelOpacity",
          "Description": " (establece el nivel predeterminado de opacidad en Advanced.ini, funciona en todos los modos de color)"
        },
        {
          "Category": "Paneles de Nave ",
          "Title": " Fondo del panel de envío ",
          "File": "Advanced",
          "Key": "x90|y90|z90",
          "Value": -12490271.0,
          "ValueType": "Color",
          "Type": "CustomColor",
          "Description": " Color personalizado para el fondo del panel de envío y opacidad '. *Alfa*"
        },
        {
          "Category": "Paneles de Nave ",
          "Title": " Panel Background Opacity ",
          "File": "Advanced",
          "Key": "w90",
          "Value": 1.0,
          "ValueType": "Brightness",
          "Type": "Brightness",
          "Description": " Opcaity (Alpha) for the Ship Panels Background."
        },
        {
          "Category": "Paneles de estación ",
          "Title": " Dibujos de paneles ",
          "File": "Startup-Profile",
          "Key": "w89",
          "Value": 100.0,
          "ValueType": "Preset",
          "Type": "AdvancedMode",
          "Description": " Arte y bocetos en paneles"
        },
        {
          "Category": "Paneles de estación ",
          "Title": " Dibujos de paneles ",
          "File": "Advanced",
          "Key": "x92|y92|z92|w92",
          "Value": -12490271.0,
          "ValueType": "Color",
          "Type": "CustomColor",
          "Description": " Color personalizado para dibujos de paneles. *Alfa*"
        }
      ]
    },
    {
      "Name": "SpecialFX",
      "Title": "Efectos espaciales",
      "Elements": [
        {
          "Category": "Efectos especiales ",
          "Title": " Supercruise SideLines ",
          "File": "Startup-Profile",
          "Key": "w120",
          "Value": 0.0,
          "ValueType": "ONOFF",
          "Type": "ONOFF",
          "Description": " Interruptor para eliminar Supercruise SideLines"
        },
        {
          "Category": "Efectos especiales ",
          "Title": " Supercruise Snow ",
          "File": "Startup-Profile",
          "Key": "y121",
          "Value": 0.0,
          "ValueType": "ONOFF",
          "Type": "ONOFF",
          "Description": " Interruptor para quitar supercruise Snow"
        },
        {
          "Category": "Efectos especiales ",
          "Title": " Space Dust ",
          "File": "Startup-Profile",
          "Key": "z121",
          "Value": 0.0,
          "ValueType": "ONOFF",
          "Type": "ONOFF",
          "Description": " Interruptor para Space Dust (también conocido como Nieve en vuelo normal)"
        }
      ]
    },
    {
      "Name": "CHUD_AHUD",
      "Title": "HUD de Combate y análisis",
      "Elements": [
        {
          "Category": "HUD de Combate ",
          "Title": " Modo Combat HUD ",
          "File": "Startup-Profile",
          "Key": "x141",
          "Value": 100.0,
          "ValueType": "Preset",
          "Type": "AdvancedMode",
          "Description": " ** MODO Combat HUD (CHUD) ** \r\n Para un CHUD estándar, configure Color 2 RGB (0,0,0) y Fade Strength = 0 \r\n Para un CHUD Bird-of-Prey de un solo color, configure Color 2 RGB (0,0,0) y su intensidad de desvanecimiento preferida (0,7 es un buen equilibrio) \r\n Para un CHUD de onda sintética (dos colores), configure Color 2 RGB como prefiera y Fade Strenth = 1"
        },
        {
          "Category": "HUD de Combate ",
          "Title": " Color 1 ",
          "File": "Advanced",
          "Key": "x55|y55|z55",
          "Value": -12490271.0,
          "ValueType": "Color",
          "Type": "CustomColor",
          "Description": " Color personalizado para Combat HUD - Color 1 (color superior)."
        },
        {
          "Category": "HUD de Combate ",
          "Title": " Color 1 - Brillo ",
          "File": "Advanced",
          "Key": "w55",
          "Value": 1.0,
          "ValueType": "Brightness",
          "Type": "2X",
          "Description": " Brillo para el color 1 (color superior)."
        },
        {
          "Category": "HUD de Combate ",
          "Title": " Color 2 ",
          "File": "Advanced",
          "Key": "x48|y48|z48",
          "Value": -12490271.0,
          "ValueType": "Color",
          "Type": "CustomColor",
          "Description": " Color personalizado para Combat HUD - Color 2 (color inferior)."
        },
        {
          "Category": "HUD de Combate ",
          "Title": " Fuerza de desvanecimiento ",
          "File": "Advanced",
          "Key": "w48",
          "Value": 1.0,
          "ValueType": "Brightness",
          "Type": "2X",
          "Description": " Fuerza de desvanecimiento (o Balance de color de Synthwave:> 1 = más Segundo color, <1 = menos Segundo color)."
        },
        {
          "Category": "HUD de Combate ",
          "Title": " Color de municiones ",
          "File": "Advanced",
          "Key": "x45|y45|z45",
          "Value": -12490271.0,
          "ValueType": "Color",
          "Type": "CustomColor",
          "Description": " Color personalizado para Combat HUD - Municiones."
        },
        {
          "Category": "HUD de Combate ",
          "Title": " Brillo de municiones ",
          "File": "Advanced",
          "Key": "w45",
          "Value": 1.0,
          "ValueType": "Brightness",
          "Type": "2X",
          "Description": " Brillo para municiones."
        },
        {
          "Category": "HUD de Análisis ",
          "Title": " Análisis de modo de HUD ",
          "File": "Startup-Profile",
          "Key": "w140",
          "Value": 100.0,
          "ValueType": "Preset",
          "Type": "AdvancedMode",
          "Description": " Modo de radar"
        },
        {
          "Category": "HUD de Análisis ",
          "Title": " HUD de análisis ",
          "File": "Advanced",
          "Key": "x54|y54|z54|w54",
          "Value": -12490271.0,
          "ValueType": "Color",
          "Type": "CustomColor",
          "Description": " Color personalizado para HUD de análisis. (*Alfa)"
        },
        {
          "Category": "HUD de Análisis ",
          "Title": " Retícula de orientación ",
          "File": "Advanced",
          "Key": "x63|y63|z63|w63",
          "Value": -12490271.0,
          "ValueType": "Color",
          "Type": "CustomColor",
          "Description": " Color personalizado para la retícula del modo Análisis cuando está en modo Combate. (*Alfa)"
        },
        {
          "Category": "HUD de Análisis ",
          "Title": " Modo de texto AHUD ",
          "File": "Startup-Profile",
          "Key": "w87",
          "Value": 100.0,
          "ValueType": "Preset",
          "Type": "AHUDText",
          "Description": " Modo para textos alrededor de AHUD."
        },
        {
          "Category": "HUD de Análisis ",
          "Title": " Color de texto AHUD ",
          "File": "Advanced",
          "Key": "x144|y144|z144|w144",
          "Value": -12490271.0,
          "ValueType": "Color",
          "Type": "CustomColor",
          "Description": " Color personalizado para textos alrededor de AHUD. *Alfa*"
        }
      ]
    },
    {
      "Name": "Foot_HUD",
      "Title": "HUD del Traje (a pie)",
      "Elements": [
        {
          "Category": "Traje HUD - Panel ",
          "Title": " Modo Panel ",
          "File": "SuitHud",
          "Key": "x30",
          "Value": 199.0,
          "ValueType": "Preset",
          "Type": "AdvancedMode",
          "Description": " Nota: XML (se simulará una base naranja para que coincida con el HUD del nave)."
        },
        {
          "Category": "Traje HUD - Panel ",
          "Title": " Color del panel ",
          "File": "SuitHud",
          "Key": "x31|y31|z31",
          "Value": -12490271.0,
          "ValueType": "Color",
          "Type": "CustomColor",
          "Description": " Color personalizado para el panel a pie."
        },
        {
          "Category": "Traje HUD - Panel ",
          "Title": " Panel de opacidad ",
          "File": "SuitHud",
          "Key": "w31",
          "Value": 1.0,
          "ValueType": "Brightness",
          "Type": "2X",
          "Description": " Brillo para panel a pie."
        },
        {
          "Category": "Traje HUD - Panel ",
          "Title": " Paneles laterales de envío ",
          "File": "SuitHud",
          "Key": "x93",
          "Value": 0.0,
          "ValueType": "ONOFF",
          "Type": "ONOFF",
          "Description": " Opción para reemplazar elementos CIAN en los paneles laterales del nave. \r\n Al activar esta opción, se colorearán los íconos de rango cian y partes de los íconos en el Panel de navegación con su XML, y cian. \r\n También cambiará el color de los bloques cian en la pestaña Almacenamiento del panel de envío con el color XML de su panel."
        },
        {
          "Category": "Traje HUD - Escudo ",
          "Title": " Modo de escudo ",
          "File": "SuitHud",
          "Key": "y30",
          "Value": 100.0,
          "ValueType": "Preset",
          "Type": "AdvancedMode",
          "Description": " Modo de color para escudos"
        },
        {
          "Category": "Traje HUD - Escudo ",
          "Title": " Anillo interior ",
          "File": "SuitHud",
          "Key": "x32|y32|z32|w32",
          "Value": -12490271.0,
          "ValueType": "Color",
          "Type": "CustomColor",
          "Description": " Color personalizado para el anillo interior del escudo a pie (* alfa)."
        },
        {
          "Category": "Traje HUD - Escudo ",
          "Title": " Anillo medio ",
          "File": "SuitHud",
          "Key": "x33|y33|z33|w33",
          "Value": -12490271.0,
          "ValueType": "Color",
          "Type": "CustomColor",
          "Description": " Color personalizado para el anillo medio del escudo a pie (* alfa)."
        },
        {
          "Category": "Traje HUD - Escudo ",
          "Title": " Anillo exterior ",
          "File": "SuitHud",
          "Key": "x34|y34|z34|w34",
          "Value": -12490271.0,
          "ValueType": "Color",
          "Type": "CustomColor",
          "Description": " Color personalizado para el anillo exterior del escudo a pie (* alfa)."
        },
        {
          "Category": "Traje HUD - Escudo ",
          "Title": " Color de escudo hacia abajo ",
          "File": "SuitHud",
          "Key": "x35|y35|z35|w35",
          "Value": -12490271.0,
          "ValueType": "Color",
          "Type": "CustomColor",
          "Description": " Color personalizado para Escudo a pie hacia abajo (* alfa)."
        },
        {
          "Category": "Traje HUD - Escudo ",
          "Title": " Restauración de escudo ",
          "File": "SuitHud",
          "Key": "x36|y36|z36|w36",
          "Value": -12490271.0,
          "ValueType": "Color",
          "Type": "CustomColor",
          "Description": " Color personalizado para la animación de restauración de escudo a pie (* alfa)."
        },
        {
          "Category": "Traje HUD - Textos ",
          "Title": " Modo Textos ",
          "File": "SuitHud",
          "Key": "z30",
          "Value": 100.0,
          "ValueType": "Preset",
          "Type": "AdvancedMode",
          "Description": " Nota: XML (se simulará una base naranja para que coincida con el HUD del nave)."
        },
        {
          "Category": "Traje HUD - Textos ",
          "Title": " Color de textos ",
          "File": "SuitHud",
          "Key": "x37|y37|z37|w37",
          "Value": -12490271.0,
          "ValueType": "Color",
          "Type": "CustomColor",
          "Description": " Color personalizado para textos a pie. (*Alfa)"
        },
        {
          "Category": "Traje HUD - Textos ",
          "Title": " Modo resaltado ",
          "File": "SuitHud",
          "Key": "w30",
          "Value": 100.0,
          "ValueType": "Preset",
          "Type": "AdvancedMode",
          "Description": " Texto resaltado / invertido y color de icono."
        },
        {
          "Category": "Traje HUD - Textos ",
          "Title": " Color resaltado ",
          "File": "SuitHud",
          "Key": "x38|y38|z38|w38",
          "Value": -12490271.0,
          "ValueType": "Color",
          "Type": "CustomColor",
          "Description": " Color personalizado para textos resaltados a pie. (*Alfa)"
        }
      ]
    },
    {
      "Name": "ShieldsHolo",
      "Title": "Escudos y Holograma de Nave",
      "Elements": [
        {
          "Category": "Escudos ",
          "Title": " Modo de escudo ",
          "File": "Startup-Profile",
          "Key": "z105",
          "Value": 101.0,
          "ValueType": "Preset",
          "Type": "ShieldColor",
          "Description": " Nota: El escudo múltiple solo funciona a resoluciones> = 2560x1440, puede funcionar a 1920 x 1080. Aplicado a uno mismo y al objetivo."
        },
        {
          "Category": "Escudos ",
          "Title": " Porcentaje de escudo",
          "File": "Advanced",
          "Key": "x88|y88|z88",
          "Value": -12490271.0,
          "ValueType": "Color",
          "Type": "CustomColor",
          "Description": " Color personalizado para el porcentaje de escudo%"
        },
        {
          "Category": "Escudos ",
          "Title": " Porcentaje de escudo - Brillo ",
          "File": "Advanced",
          "Key": "w88",
          "Value": 1.0,
          "ValueType": "Brightness",
          "Type": "2X",
          "Description": " Brillo para texto de porcentaje de escudo"
        },
        {
          "Category": "Escudo Multicolor ",
          "Title": " Anillo interior ",
          "File": "Advanced",
          "Key": "x201|y201|z201|w201",
          "Value": -12490271.0,
          "ValueType": "Color",
          "Type": "CustomColor",
          "Description": " Color del anillo interior, solo para Multi-Shield. (Alfa)"
        },
        {
          "Category": "Escudo Multicolor ",
          "Title": " Anillo medio ",
          "File": "Advanced",
          "Key": "x202|y202|z202|w202",
          "Value": -12490271.0,
          "ValueType": "Color",
          "Type": "CustomColor",
          "Description": " Color del anillo medio, solo para Multi-Shield. (Alfa)"
        },
        {
          "Category": "Escudo Multicolor ",
          "Title": " Anillo exterior ",
          "File": "Advanced",
          "Key": "x203|y203|z203|w203",
          "Value": -12490271.0,
          "ValueType": "Color",
          "Type": "CustomColor",
          "Description": " Color del anillo exterior, solo para Multi-Shield. (Alfa)"
        },
        {
          "Category": "Escudo únicolor ",
          "Title": "Escudos Caidos",
          "File": "Advanced",
          "Key": "x87",
          "Value": 0.0,
          "ValueType": "Preset",
          "Type": "ShieldsDown",
          "Description": " Escudo de un solo color - Escudo abajo de color."
        },
        {
          "Category": "Escudo únicolor ",
          "Title": "Escudos Levantados",
          "File": "Advanced",
          "Key": "x228|y228|z228",
          "Value": -12490271.0,
          "ValueType": "Color",
          "Type": "CustomColor",
          "Description": " Shield Up Color (relativo al color de Shield Down)."
        },
        {
          "Category": "Escudo únicolor ",
          "Title": " Brillo ",
          "File": "Advanced",
          "Key": "w228",
          "Value": 1.0,
          "ValueType": "Brightness",
          "Type": "2X",
          "Description": " Escudos generales Brillo / Alfa (modo único)"
        },
        {
          "Category": "Escudo únicolor ",
          "Title": " Espesor del anillo ",
          "File": "Advanced",
          "Key": "y87",
          "Value": 1.0,
          "ValueType": "Brightness",
          "Type": "4X",
          "Description": " Escudos generales Brillo / Alfa (modo único)"
        },
        {
          "Category": "Remolinos circulares ",
          "Title": " Remolinos superiores - Modo ",
          "File": "Startup-Profile",
          "Key": "z133",
          "Value": 100.0,
          "ValueType": "Preset",
          "Type": "AdvancedMode",
          "Description": " Remolinos circulares debajo de Holos"
        },
        {
          "Category": "Remolinos circulares ",
          "Title": " Remolinos superiores - Color ",
          "File": "Advanced",
          "Key": "x226|y226|z226",
          "Value": -12490271.0,
          "ValueType": "Color",
          "Type": "CustomColor",
          "Description": " Color personalizado para remolinos circulares debajo de Holos"
        },
        {
          "Category": "Remolinos circulares ",
          "Title": " Remolinos superiores - Brillo ",
          "File": "Advanced",
          "Key": "w226",
          "Value": 1.5,
          "ValueType": "Brightness",
          "Type": "2X",
          "Description": " Brillo para remolinos superiores"
        },
        {
          "Category": "Remolinos circulares ",
          "Title": " Remolinos medios - Modo ",
          "File": "Startup-Profile",
          "Key": "x135",
          "Value": 100.0,
          "ValueType": "Preset",
          "Type": "AdvancedMode",
          "Description": " Barras de estado debajo del escudo"
        },
        {
          "Category": "Remolinos circulares ",
          "Title": " Remolinos medios - Color ",
          "File": "Advanced",
          "Key": "x215|y215|z215",
          "Value": -12490271.0,
          "ValueType": "Color",
          "Type": "CustomColor",
          "Description": " Color personalizado para barras de estado"
        },
        {
          "Category": "Remolinos circulares ",
          "Title": " Remolinos medios - Brillo ",
          "File": "Advanced",
          "Key": "w215",
          "Value": 1.0,
          "ValueType": "Brightness",
          "Type": "2X",
          "Description": " Barras de estado Brillo"
        },
        {
          "Category": "Remolinos circulares ",
          "Title": " Remolinos inferiores - Modo ",
          "File": "Startup-Profile",
          "Key": "x134",
          "Value": 100.0,
          "ValueType": "Preset",
          "Type": "AdvancedMode",
          "Description": " Semicírculos delgados en la parte inferior del holograma"
        },
        {
          "Category": "Remolinos circulares ",
          "Title": " Remolinos inferiores - Color ",
          "File": "Advanced",
          "Key": "x205|y205|z205|w205",
          "Value": -12490271.0,
          "ValueType": "Color",
          "Type": "CustomColor",
          "Description": " Color personalizado para semicírculos finos en la parte inferior del holograma. *Alfa"
        },
        {
          "Category": "Indicador de casco ",
          "Title": " Modo de color ",
          "File": "Startup-Profile",
          "Key": "y134",
          "Value": 100.0,
          "ValueType": "Preset",
          "Type": "AdvancedMode",
          "Description": " Bloques para la salud del casco, incluido el objetivo"
        },
        {
          "Category": "Indicador de casco ",
          "Title": " Color personalizado ",
          "File": "Advanced",
          "Key": "x212|y212|z212",
          "Value": -12490271.0,
          "ValueType": "Color",
          "Type": "CustomColor",
          "Description": " Color personalizado para bloques debajo del escudo, incluido el objetivo."
        },
        {
          "Category": "Indicador de casco ",
          "Title": " Brillo ",
          "File": "Advanced",
          "Key": "w212",
          "Value": 1.5,
          "ValueType": "Brightness",
          "Type": "2X",
          "Description": " Brillo para bloques debajo del escudo"
        },
        {
          "Category": "Indicador de casco ",
          "Title": " Calibre de casco - Sombreado ",
          "File": "Advanced",
          "Key": "w213",
          "Value": 4.0,
          "ValueType": "Brightness",
          "Type": "4X_Min",
          "Description": " Multiplicador de sombreado (solo se aplica al modo sombreado)"
        },
        {
          "Category": "Indicador de casco ",
          "Title": " Casco afectado por cáusticos ",
          "File": "Startup-Profile",
          "Key": "w170",
          "Value": 0.0,
          "ValueType": "Preset",
          "Type": "CausticEffect",
          "Description": " Bloques para la salud del casco, incluido el objetivo"
        },
        {
          "Category": "Indicador de casco ",
          "Title": " Color de casco afectado por cáusticos ",
          "File": "Advanced",
          "Key": "x170|y170|z170",
          "Value": -12490271.0,
          "ValueType": "Color",
          "Type": "CustomColor",
          "Description": " Color personalizado para barras de casco afectadas por cáusticos."
        },
        {
          "Category": "Holograma de Nave ",
          "Title": " Holograma - Modo ",
          "File": "Startup-Profile",
          "Key": "y101",
          "Value": 100.0,
          "ValueType": "Preset",
          "Type": "AdvancedMode",
          "Description": " Modo OwnShip Hologram \r\n También incluye holograma de aterrizaje, holograma SRV, terreno SRV en radar"
        },
        {
          "Category": "Holograma de Nave ",
          "Title": " Holograma - Color ",
          "File": "Advanced",
          "Key": "x248|y248|z248",
          "Value": -12490271.0,
          "ValueType": "Color",
          "Type": "CustomColor",
          "Description": " Color personalizado para OwnShip Hologram"
        },
        {
          "Category": "Holograma de Nave ",
          "Title": " Holograma - Brillo ",
          "File": "Advanced",
          "Key": "x132",
          "Value": 0.5,
          "ValueType": "Brightness",
          "Type": "2X",
          "Description": " Brillo para el casco del holograma \r\n Para Ultra-tron, establezca el brillo del casco bajo (por ejemplo, 0) y las líneas exteriores florecen alto (por ejemplo, 0,5)"
        },
        {
          "Category": "Holograma de Nave ",
          "Title": " Holograma - Bloom ",
          "File": "Advanced",
          "Key": "y132",
          "Value": 1.0,
          "ValueType": "Brightness",
          "Type": "2X",
          "Description": " Holo bloom / glow"
        },
        {
          "Category": "Holograma de Nave ",
          "Title": " Las líneas externas florecen ",
          "File": "Advanced",
          "Key": "z132",
          "Value": 1.0,
          "ValueType": "Brightness",
          "Type": "2X",
          "Description": " Las líneas externas florecen / brillan (predeterminado = 0) (Este valor puede ser negativo, como -0,5)"
        },
        {
          "Category": "Holograma de Nave ",
          "Title": " Brillo general ",
          "File": "Advanced",
          "Key": "z101",
          "Value": 1.0,
          "ValueType": "Brightness",
          "Type": "2X",
          "Description": " Brillo general del holograma"
        },
        {
          "Category": "Holograma de Nave ",
          "Title": " Líneas brillantes ",
          "File": "Advanced",
          "Key": "z109",
          "Value": 1.0,
          "ValueType": "ONOFF",
          "Type": "ONOFF",
          "Description": " Interruptor para OwnShip Hologram Shimmer"
        },
        {
          "Category": "Holograma de Nave objetivo ",
          "Title": " Blanco neutral ",
          "File": "Advanced",
          "Key": "x72|y72|z72",
          "Value": -12490271.0,
          "ValueType": "Color",
          "Type": "CustomColor",
          "Description": " Color personalizado para el holograma OwnShip"
        },
        {
          "Category": "Holograma de Nave objetivo ",
          "Title": " Objetivo neutral - Brillo ",
          "File": "Advanced",
          "Key": "x72",
          "Value": 1.0,
          "ValueType": "Brightness",
          "Type": "2X",
          "Description": " Brillo para el casco del holograma \r\n Para Ultra-tron, configure el brillo del casco bajo (por ejemplo, 0) y las líneas exteriores florecen alto (por ejemplo, 0,5)"
        },
        {
          "Category": "Holograma de Nave objetivo ",
          "Title": " Brillo general ",
          "File": "Advanced",
          "Key": "y73",
          "Value": 0.5,
          "ValueType": "Brightness",
          "Type": "2X",
          "Description": " Brillo para holograma"
        },
        {
          "Category": "Holograma de Nave objetivo ",
          "Title": " Brillo del blanco verde ",
          "File": "Advanced",
          "Key": "z73",
          "Value": 0.5,
          "ValueType": "Brightness",
          "Type": "2X",
          "Description": " Brillo del holo del blanco verde brillante (algunos hologramas verdes tienen un brillo excesivo)"
        },
        {
          "Category": "Holograma de Nave objetivo ",
          "Title": " Líneas brillantes ",
          "File": "Advanced",
          "Key": "x73",
          "Value": 1.0,
          "ValueType": "ONOFF",
          "Type": "ONOFF",
          "Description": " Interruptor para Target Hologram Shimmer"
        },
        {
          "Category": "Holograma de aterrizaje ",
          "Title": " Fuera del sitio de aterrizaje ",
          "File": "Advanced",
          "Key": "x254|y254|z254",
          "Value": -12490271.0,
          "ValueType": "Color",
          "Type": "CustomColor",
          "Description": " Color personalizado para el holograma de aterrizaje"
        },
        {
          "Category": "Holograma de aterrizaje ",
          "Title": " EN el sitio de aterrizaje ",
          "File": "Advanced",
          "Key": "x249|y249|z249",
          "Value": -12490271.0,
          "ValueType": "Color",
          "Type": "CustomColor",
          "Description": " Color personalizado para EN el sitio de aterrizaje"
        },
        {
          "Category": "Holograma de aterrizaje ",
          "Title": " Brillo ",
          "File": "Advanced",
          "Key": "w254",
          "Value": 1.0,
          "ValueType": "Brightness",
          "Type": "2X",
          "Description": " Brillo para holograma de aterrizaje"
        },
        {
          "Category": "Retícula de aterrizaje planetario ",
          "Title": " Modo de color ",
          "File": "Startup-Profile",
          "Key": "z107",
          "Value": 100.0,
          "ValueType": "Preset",
          "Type": "AdvancedMode",
          "Description": " Retícula de aterrizaje planetario - Barras de ángulo de rumbo y descenso"
        },
        {
          "Category": "Retícula de aterrizaje planetario ",
          "Title": " Color personalizado ",
          "File": "Advanced",
          "Key": "x209|y209|z209|w209",
          "Value": -12490271.0,
          "ValueType": "Color",
          "Type": "CustomColor",
          "Description": " Color personalizado para la retícula de aterrizaje planetario."
        },
        {
          "Category": "Retícula de aterrizaje planetario ",
          "Title": " Línea de aterrizaje y posavasos ",
          "File": "Advanced",
          "Key": "x255|y255|z255|w255",
          "Value": -12490271.0,
          "ValueType": "Color",
          "Type": "CustomColor",
          "Description": " Color personalizado para la línea de aterrizaje y la montaña rusa (naranja) * Alfa"
        },
        {
          "Category": "Retícula de aterrizaje planetario ",
          "Title": " Barra de altitud ",
          "File": "Advanced",
          "Key": "x96|y96|z96|w96",
          "Value": -12490271.0,
          "ValueType": "Color",
          "Type": "CustomColor",
          "Description": " Color personalizado para línea de aterrizaje y montaña rusa (naranja) * Alfa"
        },
        {
          "Category": "Retícula de aterrizaje planetario ",
          "Title": " Color de texto ",
          "File": "Advanced",
          "Key": "x95|y95|z95|w95",
          "Value": -12490271.0,
          "ValueType": "Color",
          "Type": "CustomColor",
          "Description": " Color personalizado para texto en cajas de retícula * Alfa"
        },
        {
          "Category": "Retícula de aterrizaje planetario ",
          "Title": " Brillo del texto ",
          "File": "Advanced",
          "Key": "x97",
          "Value": 1.0,
          "ValueType": "Brightness",
          "Type": "2X",
          "Description": " Brillo del texto a lo largo de la barra de altitud (tiende a extenderse alrededor de la retícula)"
        },
        {
          "Category": "Retícula de aterrizaje planetario ",
          "Title": " Brillo del texto ",
          "File": "Advanced",
          "Key": "y97",
          "Value": 1.0,
          "ValueType": "Brightness",
          "Type": "2X",
          "Description": " Brillo del texto para coordenadas de longitud / latitud, gravedad"
        },
        {
          "Category": "Holograma SRV ",
          "Title": " Holograma SRV - Principal ",
          "File": "Advanced",
          "Key": "x250|y250|z250|w250",
          "Value": -12490271.0,
          "ValueType": "Color",
          "Type": "CustomColor",
          "Description": " ** (DESACTIVADO) ** Color personalizado para holograma SRV (* Alfa)"
        },
        {
          "Category": "Holograma SRV ",
          "Title": " Holograma SRV - Pequeño ",
          "File": "Advanced",
          "Key": "x251|y251|z251|w251",
          "Value": -12490271.0,
          "ValueType": "Color",
          "Type": "CustomColor",
          "Description": " Color personalizado para el holograma SRV. \r\n Alfa (es un% del holograma principal alfa)"
        }
      ]
    },
    {
      "Name": "RadarHUD",
      "Title": "Radar y grupo común",
      "Elements": [
        {
          "Category": "Radar de la Nave",
          "Title": " Modo Radar ",
          "File": "Startup-Profile",
          "Key": "y106",
          "Value": 100.0,
          "ValueType": "Preset",
          "Type": "AdvancedMode",
          "Description": " Modo Radar"
        },
        {
          "Category": "Radar de la Nave",
          "Title": " Borde exterior del radar ",
          "File": "Advanced",
          "Key": "x236|y236|z236",
          "Value": -12490271.0,
          "ValueType": "Color",
          "Type": "CustomColor",
          "Description": " Componentes del radar exterior Color personalizado."
        },
        {
          "Category": "Radar de la Nave",
          "Title": " Brillo del borde exterior ",
          "File": "Advanced",
          "Key": "w236",
          "Value": 1.0,
          "ValueType": "Brightness",
          "Type": "2X",
          "Description": " Brillo del radar exterior (el rango normal está entre 0.3 y 1.0, pero puede ir más alto)"
        },
        {
          "Category": "Cuadrícula de radar ",
          "Title": " Color ",
          "File": "Advanced",
          "Key": "x237|y237|z237",
          "Value": -12490271.0,
          "ValueType": "Color",
          "Type": "CustomColor",
          "Description": " Color personalizado para cuadrícula de radar."
        },
        {
          "Category": "Cuadrícula de radar ",
          "Title": " Brillo ",
          "File": "Advanced",
          "Key": "w237",
          "Value": 0.8,
          "ValueType": "Brightness",
          "Type": "2X",
          "Description": " Brillo para cuadrícula de radar"
        },
        {
          "Category": "Widget de triángulo de radar ",
          "Title": " Modo ",
          "File": "Startup-Profile",
          "Key": "x138",
          "Value": 100.0,
          "ValueType": "Preset",
          "Type": "AdvancedMode",
          "Description": " Modo de widget de triángulo de radar"
        },
        {
          "Category": "Widget de triángulo de radar ",
          "Title": " Color personalizado ",
          "File": "Advanced",
          "Key": "x239|y239|z239|w239",
          "Value": -12490271.0,
          "ValueType": "Color",
          "Type": "CustomColor",
          "Description": " Color personalizado para el widget de radar de triángulo. (*Alfa)"
        },
        {
          "Category": "Widget de zoom de radar ",
          "Title": " Modo ",
          "File": "Startup-Profile",
          "Key": "w136",
          "Value": 100.0,
          "ValueType": "Preset",
          "Type": "AdvancedMode",
          "Description": " Modo para líneas de nivel de zoom de radar"
        },
        {
          "Category": "Widget de zoom de radar ",
          "Title": " Color personalizado ",
          "File": "Advanced",
          "Key": "x240|y240|z240|w240",
          "Value": -12490271.0,
          "ValueType": "Color",
          "Type": "CustomColor",
          "Description": " Color personalizado para el widget de zoom de radar. (*Alfa)"
        },
        {
          "Category": "Widget de zoom de radar ",
          "Title": " Líneas de nivel ",
          "File": "Advanced",
          "Key": "x231|y231|z231",
          "Value": -12490271.0,
          "ValueType": "Color",
          "Type": "CustomColor",
          "Description": " Líneas de nivel de zoom de radar Color personalizado."
        },
        {
          "Category": "Widget de zoom de radar ",
          "Title": " Brillo de líneas de nivel ",
          "File": "Advanced",
          "Key": "w231",
          "Value": 1.2,
          "ValueType": "Brightness",
          "Type": "2X",
          "Description": " Brillo de líneas de nivel de zoom de radar"
        },
        {
          "Category": "Objetos de radar - Supercruice ",
          "Title": " Cuerpos de radar en Supercruice ",
          "File": "Startup-Profile",
          "Key": "z138",
          "Value": 100.0,
          "ValueType": "Preset",
          "Type": "AdvancedMode",
          "Description": " Modo para cuerpos de radar en Supercruice"
        },
        {
          "Category": "Objetos de radar - Supercrucero ",
          "Title": " Radar - Planetas ",
          "File": "Advanced",
          "Key": "x241|y241|z241|w241",
          "Value": -12490271.0,
          "ValueType": "Color",
          "Type": "CustomColor",
          "Description": " Color personalizado para cuerpos de radar en Supercrucero. (* Con Alpha)"
        },
        {
          "Category": "Objetos de radar - Supercrucero ",
          "Title": " Radar - Lunas ",
          "File": "Advanced",
          "Key": "x242|y242|z242|w242",
          "Value": -12490271.0,
          "ValueType": "Color",
          "Type": "CustomColor",
          "Description": " Color personalizado para cuerpos de radar en Supercrucero. (* Con Alpha)"
        },
        {
          "Category": "Objetos de radar - Supercrucero ",
          "Title": " Radar - Estrellas ",
          "File": "Advanced",
          "Key": "x243|y243|z243|w243",
          "Value": -12490271.0,
          "ValueType": "Color",
          "Type": "CustomColor",
          "Description": " Color personalizado para cuerpos de radar en Supercrucero. (* Con Alpha)"
        },
        {
          "Category": "Objetos de radar - Supercruice ",
          "Title": " Objetivos neutrales - Líneas ",
          "File": "Advanced",
          "Key": "x244|y244|z244|w244",
          "Value": -12490271.0,
          "ValueType": "Color",
          "Type": "CustomColor",
          "Description": " Color personalizado para líneas de objetos y posavasos en Supercruise."
        },
        {
          "Category": "Objetos de radar ",
          "Title": " Objetos de radar ",
          "File": "Startup-Profile",
          "Key": "y139",
          "Value": 100.0,
          "ValueType": "Preset",
          "Type": "AdvancedMode",
          "Description": " Modo para objetos de radar en vuelo normal"
        },
        {
          "Category": "Objetos de radar ",
          "Title": " Eliminar objetos blancos ",
          "File": "Startup-Profile",
          "Key": "x115",
          "Value": 0.0,
          "ValueType": "ONOFF",
          "Type": "ONOFF",
          "Description": " Cambiar para Eliminar objetos blancos en el radar (estelas, materiales, salvamento, etc.) en vuelo estándar (no supercrucero)"
        },
        {
          "Category": "Objetos de radar ",
          "Title": " Radar - Objetivos neutrales ",
          "File": "Advanced",
          "Key": "x245|y245|z245|w245",
          "Value": -12490271.0,
          "ValueType": "Color",
          "Type": "CustomColor",
          "Description": " NARANJA Cuadrados en ambos modos de vuelo; Líneas de objetos naranjas y montañas rusas en vuelo normal. \r\n * Alfa"
        },
        {
          "Category": "Objetos de radar ",
          "Title": " Objetivos amigables con el radar ",
          "File": "Advanced",
          "Key": "x246|y246|z246|w246",
          "Value": -12490271.0,
          "ValueType": "Color",
          "Type": "CustomColor",
          "Description": " Cuadrados, líneas y posavasos VERDES en ambos modos de vuelo. \r\n * Alfa"
        },
        {
          "Category": "Objetos de radar ",
          "Title": " Radar - Objetivos hostiles ",
          "File": "Advanced",
          "Key": "x247|y247|z247|w247",
          "Value": -12490271.0,
          "ValueType": "Color",
          "Type": "CustomColor",
          "Description": " Cuadrados, líneas y posavasos ROJOS en ambos modos de vuelo. \r\n * Alfa"
        },
        {
          "Category": "Componentes externos del radar ",
          "Title": " Modo de color ",
          "File": "Startup-Profile",
          "Key": "x136",
          "Value": 100.0,
          "ValueType": "Preset",
          "Type": "AdvancedMode",
          "Description": " Modo para barra de calor y barra de velocidad"
        },
        {
          "Category": "Componentes externos del radar ",
          "Title": " Color personalizado ",
          "File": "Advanced",
          "Key": "x221|y221|z221",
          "Value": -12490271.0,
          "ValueType": "Color",
          "Type": "CustomColor",
          "Description": " Componentes externos del radar Color personalizado."
        },
        {
          "Category": "Componentes externos del radar ",
          "Title": " Amplificador de barra ",
          "File": "Advanced",
          "Key": "w221",
          "Value": 1.0,
          "ValueType": "Brightness",
          "Type": "2X",
          "Description": " Amplificador de barra (aumenta el brillo del fondo principal de las barras de velocidad y calor)"
        },
        {
          "Category": "Componentes externos del radar ",
          "Title": " Brillo ",
          "File": "Advanced",
          "Key": "w222",
          "Value": 1.0,
          "ValueType": "Brightness",
          "Type": "2X",
          "Description": " Brillo general (de todos los componentes externos del radar)"
        },
        {
          "Category": "Barra de velocidad óptima ",
          "Title": " Color personalizado ",
          "File": "Advanced",
          "Key": "x222|y222|z222",
          "Value": -12490271.0,
          "ValueType": "Color",
          "Type": "CustomColor",
          "Description": " Color de barra de velocidad óptima (los valores son relativos al color principal; puede ser negativo para reducir un color del color principal)"
        },
        {
          "Category": "Objetos de radar ",
          "Title": " Objetos de radar - Aterrizaje ",
          "File": "Startup-Profile",
          "Key": "x139",
          "Value": 100.0,
          "ValueType": "Preset",
          "Type": "AdvancedMode",
          "Description": " Modo para objetos de radar mientras aterriza, línea y montaña rusa"
        },
        {
          "Category": "Objetos de radar ",
          "Title": " Objetos de radar - Aterrizaje ",
          "File": "Advanced",
          "Key": "x253|y253|z253|w253",
          "Value": -12490271.0,
          "ValueType": "Color",
          "Type": "CustomColor",
          "Description": " Color personalizado para el terreno mientras aterriza en un planeta."
        },
        {
          "Category": "Escáner SRV ",
          "Title": " SRV Scanner ",
          "File": "Startup-Profile",
          "Key": "w210",
          "Value": 100.0,
          "ValueType": "Preset",
          "Type": "AdvancedMode",
          "Description": " SRV Scanner Color"
        },
        {
          "Category": "Escáner SRV ",
          "Title": " SRV Scanner - Color primario ",
          "File": "Advanced",
          "Key": "x210|y210|z210",
          "Value": -12490271.0,
          "ValueType": "Color",
          "Type": "CustomColor",
          "Description": " SRV Scanner Color primario, color de detección de objetos."
        },
        {
          "Category": "Escáner SRV ",
          "Title": " SRV Scanner - Color secundario ",
          "File": "Advanced",
          "Key": "x211|y211|z211",
          "Value": -12490271.0,
          "ValueType": "Color",
          "Type": "CustomColor",
          "Description": " SRV Scanner Color secundario, color de barrido del escáner."
        },
        {
          "Category": "Escáner SRV ",
          "Title": " Alfa general ",
          "File": "Advanced",
          "Key": "w211",
          "Value": 1.0,
          "ValueType": "Brightness",
          "Type": "2X",
          "Description": " Escáner SRV - Alfa general"
        },
        {
          "Category": "Escáner SRV ",
          "Title": " Holograma de terreno en el radar ",
          "File": "Advanced",
          "Key": "x252|y252|z252|w252",
          "Value": -12490271.0,
          "ValueType": "Color",
          "Type": "CustomColor",
          "Description": " Color personalizado para el holograma de terreno en el radar (en SRV)."
        },
        {
          "Category": "Escáner SRV ",
          "Title": " SRV Scanner Elevation ",
          "File": "Startup-Profile",
          "Key": "z139",
          "Value": 100.0,
          "ValueType": "Preset",
          "Type": "AdvancedMode",
          "Description": " Modo para líneas diagonales de elevación de radar SRV"
        },
        {
          "Category": "Escáner SRV ",
          "Title": " SRV Scanner Elevation ",
          "File": "Advanced",
          "Key": "x50|y50|z50|w50",
          "Value": -12490271.0,
          "ValueType": "Color",
          "Type": "CustomColor",
          "Description": " Color personalizado para líneas diagonales SRV Radar Elevation. *Alfa*"
        },
        {
          "Category": "Escáner SRV ",
          "Title": " Modo Torreta SRV ",
          "File": "Startup-Profile",
          "Key": "w73",
          "Value": 100.0,
          "ValueType": "Preset",
          "Type": "AdvancedMode",
          "Description": " Torreta SRV, Imagen pequeña de SRV en el radar, además de varios elementos"
        },
        {
          "Category": "Escáner SRV ",
          "Title": " SRV Turret Color ",
          "File": "Advanced",
          "Key": "x147|y147|z147|w147",
          "Value": -12490271.0,
          "ValueType": "Color",
          "Type": "CustomColor",
          "Description": " Color personalizado para SRV Turret, imagen pequeña de SRV en el radar, además de varios elementos. *Alfa*"
        },
        {
          "Category": "Escáner SRV ",
          "Title": " Brillo ",
          "File": "Advanced",
          "Key": "w70",
          "Value": 1.1,
          "ValueType": "Brightness",
          "Type": "2X",
          "Description": " Torreta SRV, Aumento de brillo del distribuidor. \r\n FDev aplica un filtro de atenuación de color extraño a la pantalla de la torreta SRV. \r\n Use este valor para aumentar el color del distribuidor (no se verá exactamente igual como distribuidor de nave / SRV debido al filtro)"
        },
        {
          "Category": "Brújula ",
          "Title": " Modo de color ",
          "File": "Startup-Profile",
          "Key": "w135",
          "Value": 100.0,
          "ValueType": "Preset",
          "Type": "AdvancedMode",
          "Description": " Color de la brújula"
        },
        {
          "Category": "Brújula ",
          "Title": " Color personalizado ",
          "File": "Advanced",
          "Key": "x219|y219|z219",
          "Value": -12490271.0,
          "ValueType": "Color",
          "Type": "CustomColor",
          "Description": " Color personalizado de la brújula."
        },
        {
          "Category": "Brújula ",
          "Title": " Brillo ",
          "File": "Advanced",
          "Key": "w219",
          "Value": 1.0,
          "ValueType": "Brightness",
          "Type": "2X",
          "Description": " Amplificador de fondo de la brújula"
        },
        {
          "Category": "Brújula ",
          "Title": " Punto de la brújula ",
          "File": "Advanced",
          "Key": "x220|y220|z220",
          "Value": -12490271.0,
          "ValueType": "Color",
          "Type": "CustomColor",
          "Description": " Color personalizado del punto de la brújula."
        },
        {
          "Category": "Brújula ",
          "Title": " Brillo del punto de la brújula ",
          "File": "Advanced",
          "Key": "w220",
          "Value": 1.0,
          "ValueType": "Brightness",
          "Type": "2X",
          "Description": " Brillo del punto de la brújula \r\n (Nota: este elemento se comporta un poco diferente a los demás. El mínimo recomendado es 0,7 de brillo)"
        }
      ]
    },
    {
      "Name": "Power_Distributor",
      "Title": "Distribuidor de energía",
      "Elements": [
        {
          "Category": "Distribuidor de energía ",
          "Title": " Modo ",
          "File": "Startup-Profile",
          "Key": "y136",
          "Value": 101.0,
          "ValueType": "Preset",
          "Type": "PowerDistributor",
          "Description": " Modo de distribuidor de energía"
        },
        {
          "Category": "Distribuidor de energía ",
          "Title": " Color del bloque superior ",
          "File": "Advanced",
          "Key": "x223|y223|z223",
          "Value": -12490271.0,
          "ValueType": "Color",
          "Type": "CustomColor",
          "Description": " Color personalizado para el bloque superior del distribuidor tricolor, o estándar (color único)"
        },
        {
          "Category": "Distribuidor de energía ",
          "Title": " Brillo del bloque superior ",
          "File": "Advanced",
          "Key": "w223",
          "Value": 1.0,
          "ValueType": "Brightness",
          "Type": "2X",
          "Description": " Brillo para el bloque superior del distribuidor tricolor, o estándar (un solo color)"
        },
        {
          "Category": "Distribuidor tricolor ",
          "Title": " Color del bloque medio ",
          "File": "Advanced",
          "Key": "x224|y224|z224",
          "Value": -12490271.0,
          "ValueType": "Color",
          "Type": "CustomColor",
          "Description": " Valores de color personalizados para el bloque medio del Tri-Distributor."
        },
        {
          "Category": "Distribuidor tricolor ",
          "Title": " Brillo del bloque medio ",
          "File": "Advanced",
          "Key": "w224",
          "Value": 1.0,
          "ValueType": "Brightness",
          "Type": "2X",
          "Description": " Brillo (alfa) para el bloque medio"
        },
        {
          "Category": "Distribuidor tricolor ",
          "Title": " Color del bloque inferior ",
          "File": "Advanced",
          "Key": "x225|y225|z225",
          "Value": -12490271.0,
          "ValueType": "Color",
          "Type": "CustomColor",
          "Description": " Valores de color personalizados para el bloque inferior del Tri-Distributor."
        },
        {
          "Category": "Distribuidor tricolor ",
          "Title": " Brillo del bloque inferior ",
          "File": "Advanced",
          "Key": "w225",
          "Value": 1.0,
          "ValueType": "Brightness",
          "Type": "2X",
          "Description": " Brillo del bloque inferior"
        },
        {
          "Category": "Distribuidor de degradado ",
          "Title": " Color 1 ",
          "File": "Advanced",
          "Key": "x47|y47|z47",
          "Value": -12490271.0,
          "ValueType": "Color",
          "Type": "CustomColor",
          "Description": " Color personalizado para el color 1: Color superior del distribuidor de degradado."
        },
        {
          "Category": "Distribuidor de gradiente ",
          "Title": " Dominancia 1 ",
          "File": "Advanced",
          "Key": "w47",
          "Value": 1.0,
          "ValueType": "Brightness",
          "Type": "4X",
          "Description": " Dominio del color 1 (los valores> 1.0 aumentarán el dominio, los valores <1.0 disminuirán el dominio)"
        },
        {
          "Category": "Distribuidor de degradado ",
          "Title": " Color 2 ",
          "File": "Advanced",
          "Key": "x46|y46|z46",
          "Value": -12490271.0,
          "ValueType": "Color",
          "Type": "CustomColor",
          "Description": " Color personalizado para el color 2: color inferior del distribuidor de degradado."
        },
        {
          "Category": "Distribuidor de degradado ",
          "Title": " Brillo ",
          "File": "Advanced",
          "Key": "w46",
          "Value": 1.0,
          "ValueType": "Brightness",
          "Type": "2X",
          "Description": " Brillo general del distribuidor de degradado"
        },
        {
          "Category": "Distribuidor de energía - Pips ",
          "Title": " Modo Pips ",
          "File": "Startup-Profile",
          "Key": "w134",
          "Value": 100.0,
          "ValueType": "Preset",
          "Type": "AdvancedMode",
          "Description": " Modo Pips del distribuidor de energía"
        },
        {
          "Category": "Distribuidor de energía - Pips ",
          "Title": " Color de pips ",
          "File": "Advanced",
          "Key": "x214|y214|z214",
          "Value": -12490271.0,
          "ValueType": "Color",
          "Type": "CustomColor",
          "Description": " Color personalizado para distribuidor de energía Pipsr."
        },
        {
          "Category": "Distribuidor de energía - Pips ",
          "Title": " Brillo ",
          "File": "Advanced",
          "Key": "w214",
          "Value": 1.0,
          "ValueType": "Brightness",
          "Type": "2X",
          "Description": " Brillo para Pips del distribuidor de energía"
        },
        {
          "Category": "Distribuidor de energía - Pips ",
          "Title": " Amplificador de pip no activo ",
          "File": "Advanced",
          "Key": "z134",
          "Value": 1.0,
          "ValueType": "Brightness",
          "Type": "2X",
          "Description": " Brillo para Pips inactivos."
        },
        {
          "Category": "Bloques de selección ",
          "Title": " Modo ",
          "File": "Startup-Profile",
          "Key": "z136",
          "Value": 100.0,
          "ValueType": "Preset",
          "Type": "AdvancedMode",
          "Description": " Modo de bloques de selección de distribuidor"
        },
        {
          "Category": "Bloques de selección ",
          "Title": " Color personalizado ",
          "File": "Advanced",
          "Key": "x230|y230|z230",
          "Value": -12490271.0,
          "ValueType": "Color",
          "Type": "CustomColor",
          "Description": " Color personalizado para bloques de selección de distribuidor."
        },
        {
          "Category": "Bloques de selección ",
          "Title": " Brillo ",
          "File": "Advanced",
          "Key": "w230",
          "Value": 1.0,
          "ValueType": "Brightness",
          "Type": "2X",
          "Description": " Brillo para bloques de selección de distribuidor"
        },
        {
          "Category": "Barras RST (Reset) ",
          "Title": " Modo ",
          "File": "Startup-Profile",
          "Key": "w133",
          "Value": 100.0,
          "ValueType": "Preset",
          "Type": "AdvancedMode",
          "Description": " Barras RST [..] debajo del distribuidor"
        },
        {
          "Category": "Barras RST (Reset) ",
          "Title": " Color personalizado ",
          "File": "Advanced",
          "Key": "x227|y227|z227",
          "Value": -12490271.0,
          "ValueType": "Color",
          "Type": "CustomColor",
          "Description": " Color personalizado para barras RST debajo del distribuidor."
        },
        {
          "Category": "Barras RST (reinicio) ",
          "Title": " Brillo ",
          "File": "Advanced",
          "Key": "w227",
          "Value": 1.0,
          "ValueType": "Brightness",
          "Type": "2X",
          "Description": " Brillo para barras RST"
        }
      ]
    },
    {
      "Name": "FuelBars",
      "Title": "Barras de combustible y Firma de Calor",
      "Elements": [
        {
          "Category": "Barra de firma ",
          "Title": " Modo ",
          "File": "Startup-Profile",
          "Key": "w106",
          "Value": 100.0,
          "ValueType": "Preset",
          "Type": "AdvancedMode",
          "Description": " Modo de barra de firma"
        },
        {
          "Category": "Barra de firma ",
          "Title": " Color primario ",
          "File": "Advanced",
          "Key": "x206|y206|z206",
          "Value": -12490271.0,
          "ValueType": "Color",
          "Type": "CustomColor",
          "Description": " Color primario, parte exterior de la señal"
        },
        {
          "Category": "Barra de firma ",
          "Title": " Color secundario ",
          "File": "Advanced",
          "Key": "x207|y207|z207",
          "Value": -12490271.0,
          "ValueType": "Color",
          "Type": "CustomColor",
          "Description": " Color secundario, en el medio de la señal (en relación con el color primario)"
        },
        {
          "Category": "Barra de firma ",
          "Title": " Alfa general ",
          "File": "Advanced",
          "Key": "w207",
          "Value": 1.0,
          "ValueType": "Brightness",
          "Type": "2X",
          "Description": " Alfa general (transparencia) para la barra de firma"
        },
        {
          "Category": "Barra de combustible ",
          "Title": " Modo de barra de combustible ",
          "File": "Startup-Profile",
          "Key": "y135",
          "Value": 100.0,
          "ValueType": "Preset",
          "Type": "AdvancedMode",
          "Description": " Modo de barra de combustible"
        },
        {
          "Category": "Barra de combustible ",
          "Title": " Color personalizado ",
          "File": "Advanced",
          "Key": "x216|y216|z216",
          "Value": -12490271.0,
          "ValueType": "Color",
          "Type": "CustomColor",
          "Description": " Color personalizado para barra de combustible"
        },
        {
          "Category": "Barra de combustible ",
          "Title": " Brillo ",
          "File": "Advanced",
          "Key": "w216",
          "Value": 1.0,
          "ValueType": "Brightness",
          "Type": "2X",
          "Description": " Brillo para la barra de combustible"
        },
        {
          "Category": "Barra de combustible ",
          "Title": " Combustible para el próximo salto ",
          "File": "Advanced",
          "Key": "x94|y94|z94",
          "Value": -12490271.0,
          "ValueType": "Color",
          "Type": "CustomColor",
          "Description": " (debe tener un sistema programado en su computadora Nav para ver este elemento)"
        },
        {
          "Category": "Barra de combustible ",
          "Title": " Brillo del siguiente salto ",
          "File": "Advanced",
          "Key": "w94",
          "Value": 1.0,
          "ValueType": "Brightness",
          "Type": "2X",
          "Description": " Brillo para el siguiente salto (no se puede hacer invisible, se vuelve negro a 0.0)"
        },
        {
          "Category": "Barra de combustible ",
          "Title": " Modo de recogida de combustible ",
          "File": "Startup-Profile",
          "Key": "x133",
          "Value": 200.0,
          "ValueType": "Preset",
          "Type": "AdvancedMode",
          "Description": " Modo para la tasa / cantidad de recogida, no el nivel de calor"
        },
        {
          "Category": "Barra de combustible ",
          "Title": " Color de la pala de combustible ",
          "File": "Advanced",
          "Key": "x145|y145|z145|w145",
          "Value": -12490271.0,
          "ValueType": "Color",
          "Type": "CustomColor",
          "Description": " Color personalizado para la pala de combustible * Alpha"
        },
        {
          "Category": "Luces de estado ",
          "Title": " Modo ",
          "File": "Startup-Profile",
          "Key": "z135",
          "Value": 100.0,
          "ValueType": "Preset",
          "Type": "AdvancedMode",
          "Description": " Modo para luces de estado (bloqueo masivo, tren de aterrizaje, pala de carga)."
        },
        {
          "Category": "Luces de estado ",
          "Title": " Color apagado ",
          "File": "Advanced",
          "Key": "x217|y217|z217",
          "Value": -12490271.0,
          "ValueType": "Color",
          "Type": "CustomColor",
          "Description": " Color personalizado para estado de luz apagada."
        },
        {
          "Category": "Luces de estado ",
          "Title": " Color ENCENDIDO ",
          "File": "Advanced",
          "Key": "x218|y218|z218",
          "Value": -12490271.0,
          "ValueType": "Color",
          "Type": "CustomColor",
          "Description": " Color personalizado para estado de luz ENCENDIDA."
        },
        {
          "Category": "Luces de estado ",
          "Title": " Brillo ",
          "File": "Advanced",
          "Key": "w217",
          "Value": 1.0,
          "ValueType": "Brightness",
          "Type": "2X",
          "Description": " Brillo para luces de estado"
        }
      ]
    },
    {
      "Name": "StationsPanels",
      "Title": "Paneles de Naves y Estaciones ",
      "Elements": [

      ]
    }
  ],
  "Presets": [
    {
      "Type": "AdvancedMode",
      "Name": "Custom Color",
      "Index": 100.0
    },
    {
      "Type": "AdvancedMode",
      "Name": "XML (User Defined)",
      "Index": 199.0
    },
    {
      "Type": "AdvancedMode",
      "Name": "Elite Default",
      "Index": 200.0
    },
    {
      "Type": "ShortMode",
      "Name": "Custom Color",
      "Index": 100.0
    },
    {
      "Type": "ShortMode",
      "Name": "Elite Default",
      "Index": 200.0
    },
    {
      "Type": "NavPanel",
      "Name": "Custom Color",
      "Index": 100.0
    },
    {
      "Type": "NavPanel",
      "Name": "Elite Default",
      "Index": 200.0
    },
    {
      "Type": "AmbientLights",
      "Name": "Custom Single Color",
      "Index": 100.0
    },
    {
      "Type": "AmbientLights",
      "Name": "Custom Bi-colour",
      "Index": 101.0
    },
    {
      "Type": "AmbientLights",
      "Name": "XML (User Defined)",
      "Index": 199.0
    },
    {
      "Type": "AmbientLights",
      "Name": "Elite default",
      "Index": 200.0
    },
    {
      "Type": "CabinLightingStyle",
      "Name": "Restricted",
      "Index": 0.0
    },
    {
      "Type": "CabinLightingStyle",
      "Name": "Full",
      "Index": 1.0
    },
    {
      "Type": "CabinLightingStyle",
      "Name": "Complete",
      "Index": 2.0
    },
    {
      "Type": "CabinLightingStyle",
      "Name": "Space Disco",
      "Index": 3.0
    },
    {
      "Type": "ShipPanelOpacity",
      "Name": "Custom Color",
      "Index": 100.0
    },
    {
      "Type": "ShipPanelOpacity",
      "Name": "Space Grey (dark)",
      "Index": 101.0
    },
    {
      "Type": "ShipPanelOpacity",
      "Name": "XML (User Defined)",
      "Index": 199.0
    },
    {
      "Type": "ShipPanelOpacity",
      "Name": "Elite Default",
      "Index": 200.0
    },
    {
      "Type": "AHUDText",
      "Name": "Use Main Text Color",
      "Index": 100.0
    },
    {
      "Type": "AHUDText",
      "Name": "Custom",
      "Index": 101.0
    },
    {
      "Type": "AHUDText",
      "Name": "Elite Default",
      "Index": 200.0
    },
    {
      "Type": "ShieldColor",
      "Name": "Custom Multi-Shield",
      "Index": 100.0
    },
    {
      "Type": "ShieldColor",
      "Name": "Custom Single Color",
      "Index": 101.0
    },
    {
      "Type": "ShieldColor",
      "Name": "XML (User Defined)",
      "Index": 199.0
    },
    {
      "Type": "ShieldColor",
      "Name": "Elite default",
      "Index": 200.0
    },
    {
      "Type": "ShieldsDown",
      "Name": "Red - Default Elite",
      "Index": 0.0
    },
    {
      "Type": "ShieldsDown",
      "Name": "Black - Custom",
      "Index": 1.0
    },
    {
      "Type": "PowerDistributor",
      "Name": "Custom Single Color",
      "Index": 100.0
    },
    {
      "Type": "PowerDistributor",
      "Name": "Custom Gradient",
      "Index": 101.0
    },
    {
      "Type": "PowerDistributor",
      "Name": "Custom Tri-colour",
      "Index": 102.0
    },
    {
      "Type": "PowerDistributor",
      "Name": "XML (User Defined)",
      "Index": 199.0
    },
    {
      "Type": "PowerDistributor",
      "Name": "Elite default",
      "Index": 200.0
    },
    {
      "Type": "CausticEffect",
      "Name": "Original Elite yellow/green colour",
      "Index": 0.0
    },
    {
      "Type": "CausticEffect",
      "Name": "Custom Color",
      "Index": 1.0
    },
    {
      "Type": "RankIcon",
      "Name": "Use Main Text Color",
      "Index": 100.0
    },
    {
      "Type": "RankIcon",
      "Name": "Neutral target holo colour",
      "Index": 101.0
    },
    {
      "Type": "RankIcon",
      "Name": "XML (User Defined)",
      "Index": 199.0
    },
    {
      "Type": "RankIcon",
      "Name": "Elite Default",
      "Index": 200.0
    }
  ]
}