{"language":"fr","game":"ED_Odissey","version":"10.1","name":null,"author":"Blue Mystic","ui_groups":[{"Name":"Panel_UP","Title":"Panneau (supérieur)","Elements":[{"Category":"Panneau de chat","Title":"Lignes du panneau de chat","File":"Startup-Profile","Section":"Constants","Key":"x137","Value":100.0,"ValueType":"Preset","Type":"AdvancedMode","Description":"Mode pour les lignes du panneau de chat (côté supérieur gauche)\r\nRemarque : les couleurs seront légèrement différentes des lignes du panneau d'informations car les couleurs Elite d'origine sont différentes."},{"Category":"Panneau de chat","Title":"Couleur personnalisée","File":"Advanced","Section":"Constants","Key":"x232|y232|z232|w232","Value":-12490271.0,"ValueType":"Color","Type":"CustomColor","Description":"Couleur personnalisée pour les lignes du panneau de chat. (*Alpha)"},{"Category":"Panneau de chat","Title":"Icônes du panneau de chat","File":"Startup-Profile","Section":"Constants","Key":"y137","Value":100.0,"ValueType":"Preset","Type":"AdvancedMode","Description":"Mode pour les icônes du panneau de chat."},{"Category":"Panneau de chat","Title":"Couleur personnalisée","File":"Advanced","Section":"Constants","Key":"x233|y233|z233|w233","Value":-12490271.0,"ValueType":"Color","Type":"CustomColor","Description":"Couleur personnalisée pour les icônes du panneau de chat. (*Alpha)"},{"Category":"Panneau d'informations","Title":"Lignes du panneau d'informations","File":"Startup-Profile","Section":"Constants","Key":"w206","Value":100.0,"ValueType":"Preset","Type":"AdvancedMode","Description":"Mode pour les lignes du panneau d'informations (côté supérieur droit)"},{"Category":"Panneau d'informations","Title":"Lignes du panneau d'informations","File":"Advanced","Section":"Constants","Key":"x208|y208|z208|w208","Value":-12490271.0,"ValueType":"Color","Type":"CustomColor","Description":"Couleur personnalisée pour les lignes du panneau d'informations. (*Alpha)"},{"Category":"Panneau d'information","Title":"Nom du navire","File":"Startup-Profile","Section":"Constants","Key":"z137","Value":100.0,"ValueType":"Preset","Type":"AdvancedMode","Description":"Couleur du texte pour le nom du navire."},{"Category":"Panneau d'information","Title":"Nom du navire","File":"Advanced","Section":"Constants","Key":"x235|y235|z235","Value":-12490271.0,"ValueType":"Color","Type":"CustomColor","Description":"Couleur personnalisée pour le nom du navire."},{"Category":"Panneau d'informations","Title":"Luminosité du nom du navire","File":"Advanced","Section":"Constants","Key":"w235","Value":1.0,"ValueType":"Brightness","Type":"2X","Description":"Luminosité du nom du navire"},{"Category":"Panneau d'information","Title":"Lumeur d'arrière-plan du nom du navire","File":"Advanced","Section":"Constants","Key":"x183|y183|z183","Value":-12490271.0,"ValueType":"Color","Type":"CustomColor","Description":"Couleur personnalisée pour la lueur d'arrière-plan du nom du navire"},{"Category":"Panneau d'informations","Title":"Lumière d'arrière-plan du nom du navire","File":"Advanced","Section":"Constants","Key":"w183","Value":1.0,"ValueType":"Brightness","Type":"2X","Description":"Lumière d'arrière-plan du nom du navire"}]},{"Name":"Reticle","Title":"Réticule de ciblage","Elements":[{"Category":"Réticule de ciblage","Title":"Réticule de ciblage","File":"Startup-Profile","Section":"Constants","Key":"y141","Value":100.0,"ValueType":"Preset","Type":"AdvancedMode","Description":"Mode pour le réticule de ciblage"},{"Category":"Réticule de ciblage","Title":"Icône de rang","File":"Startup-Profile","Section":"Constants","Key":"w141","Value":100.0,"ValueType":"Preset","Type":"RankIcon","Description":"Icône de rang qui apparaît à côté du navire ciblé (neutre / orange uniquement)"},{"Category":"Réticule de ciblage - Composants","Title":"Grandes barres triangulaires","File":"Advanced","Section":"Constants","Key":"x56|y56|z56|w56","Value":-12490271.0,"ValueType":"Color","Type":"CustomColor","Description":"Couleur personnalisée pour les grandes barres triangulaires (une verticale en haut, deux diagonales en bas). (*Alpha)"},{"Category":"Réticule de ciblage - Composants","Title":"Petits Tri-barres","File":"Advanced","Section":"Constants","Key":"x57|y57|z57|w57","Value":-12490271.0,"ValueType":"Color","Type":"CustomColor","Description":"Couleur personnalisée pour les petits Tri-barres. (*Alpha)"},{"Category":"Réticule de ciblage - Composants","Title":"Grand cercle","File":"Advanced","Section":"Constants","Key":"x58|y58|z58|w58","Value":-12490271.0,"ValueType":"Color","Type":"CustomColor","Description":"Couleur personnalisée pour le grand cercle. (*Alpha)"},{"Category":"Réticule de ciblage - Composants","Title":"Cercle principal","File":"Advanced","Section":"Constants","Key":"x59|y59|z59|w59","Value":-12490271.0,"ValueType":"Color","Type":"CustomColor","Description":"Couleur personnalisée pour le cercle principal. (*Alpha)"},{"Category":"Réticule de ciblage - Composants","Title":"Points d'arme","File":"Advanced","Section":"Constants","Key":"x60|y60|z60|w60","Value":-12490271.0,"ValueType":"Color","Type":"CustomColor","Description":"Couleur personnalisée pour les points d'arme. (*Alpha)"},{"Category":"Réticule de ciblage - Composants","Title":"Point de souris","File":"Advanced","Section":"Constants","Key":"x61|y61|z61|w61","Value":-12490271.0,"ValueType":"Color","Type":"CustomColor","Description":"Couleur personnalisée pour le point de souris. (*Alpha)"},{"Category":"Réticule de ciblage - Composants","Title":"Verrouillage des missiles","File":"Advanced","Section":"Constants","Key":"x62|y62|z62|w62","Value":-12490271.0,"ValueType":"Color","Type":"CustomColor","Description":"Couleur personnalisée pour le verrouillage des missiles (également Décollage de l'animation de la planète) *Alpha"},{"Category":"Cibles environnementales et de destination","Title":"Mode","File":"Startup-Profile","Section":"Constants","Key":"z141","Value":100.0,"ValueType":"Preset","Type":"AdvancedMode","Description":"Mode Cibles environnementales et de destination (et verrouillage des missiles)"},{"Category":"Cibles environnementales et de destination","Title":"Cible de navire possible","File":"Advanced","Section":"Constants","Key":"x64|y64|z64|w64","Value":-12490271.0,"ValueType":"Color","Type":"CustomColor","Description":"Couleur personnalisée pour la cible de navire possible (non sélectionnée). (*Alpha)"},{"Category":"Cibles environnementales et de destination","Title":"Cible de destination possible","File":"Advanced","Section":"Constants","Key":"x65|y65|z65|w65","Value":-12490271.0,"ValueType":"Color","Type":"CustomColor","Description":"Couleur personnalisée pour la cible de destination possible et la flèche relative de la souris. (*Alpha)"},{"Category":"Cibles environnementales et de destination","Title":"Cercle cible Supercruise possible","File":"Advanced","Section":"Constants","Key":"x66|y66|z66|w66","Value":-12490271.0,"ValueType":"Color","Type":"CustomColor","Description":"Couleur personnalisée pour le cercle cible Supercruise possible. (*Alpha)"},{"Category":"Cibles environnementales et de destination","Title":"Cercle cible de destination","File":"Advanced","Section":"Constants","Key":"x67|y67|z67|w67","Value":-12490271.0,"ValueType":"Color","Type":"CustomColor","Description":"Couleur personnalisée pour le cercle cible de destination. (*Alpha)"},{"Category":"Cibles environnementales et de destination","Title":"Luminosité du texte","File":"Advanced","Section":"Constants","Key":"w68","Value":0.4,"ValueType":"Brightness","Type":"2X","Description":"Cible de destination Luminosité du texte (le texte à droite du cercle)"},{"Category":"Cibles environnementales et de destination","Title":"Mode losange gris","File":"Startup-Profile","Section":"Constants","Key":"x107","Value":100.0,"ValueType":"Preset","Type":"AdvancedMode","Description":"Mode pour losange gris (cible potentielle non biologique dans l'environnement)"},{"Category":"Cibles environnementales et de destination","Title":"Couleur grise du losange","File":"Advanced","Section":"Constants","Key":"x171|y171|z171","Value":-12490271.0,"ValueType":"Color","Type":"CustomColor","Description":"Couleur personnalisée pour le losange gris (cible potentielle non biologique dans l'environnement)."},{"Category":"Cibles environnementales et de destination","Title":"Luminosité du losange","File":"Advanced","Section":"Constants","Key":"w171","Value":1.0,"ValueType":"Brightness","Type":"2X","Description":"Luminosité du losange gris (cible potentielle non biologique dans l'environnement)."},{"Category":"Cibles environnementales et de destination","Title":"Grey Rhombus Boost","File":"Advanced","Section":"Constants","Key":"y107","Value":1.0,"ValueType":"ONOFF","Type":"ONOFF","Description":"Opacity Boost in SRV\r\nUn booster pour le SRV a été ajouté car le losange gris sur une surface planétaire est très faible."},{"Category":"Atterrissage planétaire du navire","Title":"Mode texte","File":"Startup-Profile","Section":"Constants","Key":"w229","Value":200.0,"ValueType":"Preset","Type":"PlanetaryLandingMode","Description":"Mode pour le texte atterri (généralement bleu)"},{"Category":"Ship Planetary Landing","Title":"Luminosité du texte","File":"Advanced","Section":"Constants","Key":"w107","Value":0.4,"ValueType":"Brightness","Type":"2X","Description":"Dans Elite par défaut, le texte bleu \"Ship Secured\" lors de l'atterrissage est soufflé.\r\nIci, vous pouvez réduire la luminosité de ce texte (recommandé de 0,4 à 0,6)"}]},{"Name":"Settings","Title":"Paramètres de l'HUD","Elements":[{"Category":"Texte principal","Title":"Mode texte","File":"Startup-Profile","Section":"Constants","Key":"w75","Value":100.0,"ValueType":"Preset","Type":"AdvancedMode","Description":"Échange de couleur de texte orange (la majorité du texte)."},{"Category":"Texte principal","Title":"Couleur du texte","File":"Advanced","Section":"Constants","Key":"x77|y77|z77|w77","Value":-12490271.0,"ValueType":"Color","Type":"CustomColour","Description":"Couleur personnalisée pour le texte global. *Alpha*"},{"Category":"Texte principal","Title":"Mode de texte en surbrillance","File":"Startup-Profile","Section":"Constants","Key":"z87","Value":200.0,"ValueType":"Preset","Type":"ShortMode","Description":"Mode pour le texte en surbrillance dans tous les panneaux."},{"Category":"Texte principal","Title":"Couleur du texte en surbrillance","File":"Advanced","Section":"Constants","Key":"x143|y143|z143|w143","Value":-12490271.0,"ValueType":"Color","Type":"CustomColour","Description":"Couleur personnalisée pour le texte en surbrillance dans tous les panneaux. *Alpha*"},{"Category":"Textes secondaires","Title":"Mode texte","File":"Startup-Profile","Section":"Constants","Key":"y78","Value":200.0,"ValueType":"Preset","Type":"AdvancedMode","Description":"Échange de couleur de texte bleu (autour de l'AHUD et du texte de mission, entre autres)."},{"Category":"Textes secondaires","Title":"Couleur du texte","File":"Advanced","Section":"Constants","Key":"x82|y82|z82|w82","Value":-12490271.0,"ValueType":"Color","Type":"CustomColour","Description":"Couleur personnalisée pour les textes secondaires. *Alpha*"},{"Category":"Textes tertiaires","Title":"Mode texte","File":"Startup-Profile","Section":"Constants","Key":"z78","Value":200.0,"ValueType":"Preset","Type":"AdvancedMode","Description":"Échange de couleur de texte jaune (surbrillance OwnCarrier, texte du réticule d'atterrissage, entre autres)."},{"Category":"Textes tertiaires","Title":"Couleur du texte","File":"Advanced","Section":"Constants","Key":"x80|y80|z80|w80","Value":-12490271.0,"ValueType":"Color","Type":"CustomColour","Description":"Couleur personnalisée pour les textes tertiaires. *Alpha*"},{"Category":"Galaxy Map","Title":"Icon Mode","File":"Startup-Profile","Section":"Constants","Key":"y84","Value":199.0,"ValueType":"Preset","Type":"AdvancedMode","Description":"GalMap Icon Color (hors Ingénierie) et Travel Line colour."},{"Category":"Carte de la galaxie","Title":"Couleur de l'icône","File":"Advanced","Section":"Constants","Key":"x85|y85|z85|w85","Value":-12490271.0,"ValueType":"Color","Type":"CustomColor","Description":"Couleur personnalisée pour la couleur de l'icône GalMap. *Alpha*"},{"Category":"Carte de la galaxie","Title":"Mode icône d'ingénierie","File":"Startup-Profile","Section":"Constants","Key":"z84","Value":100.0,"ValueType":"Preset","Type":"AdvancedMode","Description":"Mode icône d'ingénierie GalMap"},{"Category":"Galaxy Map","Title":"Couleur de l'icône d'ingénierie","File":"Advanced","Section":"Constants","Key":"x86|y86|z86|w86","Value":-12490271.0,"ValueType":"Color","Type":"CustomColor","Description":"Couleur personnalisée pour la couleur de l'icône d'ingénierie de GalMap. *Alpha*"},{"Category":"Galaxy Map","Title":"Lignes de connexion du système","File":"Startup-Profile","Section":"Constants","Key":"y89","Value":100.0,"ValueType":"Preset","Type":"GalaxyMapMode","Description":"Mode pour les lignes de connexion du système.\r\nRemarque : Vous pouvez les désactiver dans les options d'affichage de GalMap (dans le jeu) - Rangée d'icônes en bas à gauche."},{"Category":"Galaxy Map","Title":"Lignes de connexion du système","File":"Advanced","Section":"Constants","Key":"x179|y179|z179|w179","Value":-12490271.0,"ValueType":"Color","Type":"CustomColor","Description":"Couleur personnalisée pour les lignes de connexion du système. *Alpha*"},{"Category":"Galaxy Map","Title":"System Hats","File":"Startup-Profile","Section":"Constants","Key":"w97","Value":1.0,"ValueType":"ONOFF","Type":"ONOFF","Description":"Toogle pour GalMap System Hats (demi-cercles au-dessus des images d'étoiles)."},{"Category":"Puissances et GalNet","Title":"Mode de couleur d'arrière-plan","File":"Startup-Profile","Section":"Constants","Key":"x99","Value":100.0,"ValueType":"Preset","Type":"GalaxyMapMode","Description":"Mode pour les puissances et la couleur d'arrière-plan GalNet."},{"Category":"Pouvoirs et GalNet","Title":"Couleur du filtre d'image Galnet","File":"Startup-Profile","Section":"Constants","Key":"w104","Value":100.0,"ValueType":"Preset","Type":"GalaxyMapMode","Description":"Mode pour la couleur du filtre d'image Galnet."},{"Category":"Pouvoirs et GalNet","Title":"Couleur personnalisée","File":"Advanced","Section":"Constants","Key":"x180|y180|z180|w180","Value":-12490271.0,"ValueType":"Color","Type":"CustomColor","Description":"Couleur personnalisée pour les pouvoirs et la couleur d'arrière-plan GalNet. *Alpha*"},{"Category":"Pouvoirs et GalNet","Title":"Filtre Codex Couleur","File":"Startup-Profile","Section":"Constants","Key":"w81","Value":100.0,"ValueType":"Preset","Type":"GalaxyMapMode","Description":"Mode pour le filtre Codex (également pour les missions passagers) Couleur."},{"Category":"Pouvoirs et GalNet","Title":"Couleur personnalisée","File":"Advanced","Section":"Constants","Key":"x181|y181|z181|w181","Value":-12490271.0,"ValueType":"Color","Type":"CustomColor","Description":"Couleur personnalisée fou Codex, Galnet et Powers filter Couleur personnalisée. *Alpha*"},{"Category":"Pouvoirs et GalNet","Title":"Powers Panel Portrait","File":"Startup-Profile","Section":"Constants","Key":"y99","Value":100.0,"ValueType":"Preset","Type":"PowersMode","Description":"Mode pour le filtre Powers Panel Portrait et le filtre d'image Galnet.\r\nRemarque : lorsque vous changez de mode, vous devez déplacer votre curseur sur l'écran (dans le jeu) pour mettre à jour.\r\nRemarque : si 'True power colors' est sélectionné pour le filtre Powers Panel, le filtre Galnet utilisera la couleur personnalisée."},{"Category":"Avertissements - Excès de vitesse","Title":"Mode couleur","File":"Startup-Profile","Section":"Constants","Key":"y104","Value":100.0,"ValueType":"Preset","Type":"AdvancedMode","Description":"Mode d'avertissement d'excès de vitesse (lignes uniquement)"},{"Category":"Avertissements - Excès de vitesse","Title":"Couleur personnalisée","File":"Advanced","Section":"Constants","Key":"x172|y172|z172","Value":-12490271.0,"ValueType":"Color","Type":"CustomColor","Description":"Couleur personnalisée pour l'avertissement d'excès de vitesse (lignes uniquement)"},{"Category":"Avertissements - Excès de vitesse","Title":"Luminosité","File":"Advanced","Section":"Constants","Key":"w172","Value":1.1,"ValueType":"Brightness","Type":"2X","Description":"Luminosité pour avertissement d'excès de vitesse (lignes uniquement)."},{"Category":"Avertissements - Flac de libération à distance","Title":"Mode couleur","File":"Startup-Profile","Section":"Constants","Key":"w174","Value":100.0,"ValueType":"Preset","Type":"AdvancedMode","Description":"Mode pour Flac de libération à distance / lanceur de fléchettes"},{"Category":"Avertissements - Remote Release Flac","Title":"Custom Color","File":"Advanced","Section":"Constants","Key":"x173|y173|z173","Value":-12490271.0,"ValueType":"Color","Type":"CustomColor","Description":"Custom Color for Remote Release Flac / Flechette Launcher.\r\nRemarque : Le signal de déclenchement rouge ne peut pas être modifié pour le moment.\r\nLes commandes de luminosité ne sont pas disponibles car cela provoque un problème entre le Éléments extérieurs et de proximité ; Pour réduire la luminosité, réduisez simplement vos valeurs RVB du même pourcentage"},{"Category":"Avertissements - Remote Release Flac","Title":"Target Proximity colour","File":"Advanced","Section":"Constants","Key":"x174|y174|z174","Value":-12490271.0,"ValueType":"Color","Type":"CustomColor","Description":"Custom Color for Remote Release Flac / Flechette Launcher.\r\nRemarque : Le signal de déclenchement rouge ne peut pas être modifié pour le moment.\r\nLes commandes de luminosité ne sont pas disponibles car elles provoquent un problème entre les éléments Extérieur et Proximité ; Pour réduire la luminosité, réduisez simplement vos valeurs RVB du même pourcentage"},{"Category":"Avertissements - SuperCruice","Title":"Barre de chargement FSD","File":"Startup-Profile","Section":"Constants","Key":"y133","Value":100.0,"ValueType":"Preset","Type":"AdvancedMode","Description":"Mode pour la barre de chargement FSD."},{"Category":"Avertissements - SuperCruice","Title":"Barre de chargement FSD","File":"Advanced","Section":"Constants","Key":"x182|y182|z182|w182","Value":-12490271.0,"ValueType":"Color","Type":"CustomColor","Description":"Couleur personnalisée pour la barre de chargement FSD (*Alpha)."},{"Category":"Protection des couleurs","Title":"Protection jaune vif","File":"Startup-Profile","Section":"Constants","Key":"z3","Value":1.0,"ValueType":"ONOFF","Type":"ONOFF","Description":"Le mod protège certaines couleurs Elite par défaut pour ajouter de la variété au panneau et aux écrans interactifs (sinon ils deviennent tous colorés avec votre XML) Vous pouvez remplacer la protection des couleurs ci-dessous.\r\nVeuillez noter : cette version d'EDHM a été conçu avec une protection des couleurs, il est donc recommandé de laisser ce paramètre activé (ou éventuellement de supprimer les jaunes vifs).\r\nIl s'agit d'une nouvelle fonctionnalité expérimentale, et si vous remarquez des problèmes, veuillez me le faire savoir Certaines icônes ne sont pas protégées par la couleur , ils ne sont tout simplement pas modifiés."},{"Category":"Protection des couleurs","Title":"Protection jaune générale","File":"Startup-Profile","Section":"Constants","Key":"y4","Value":1.0,"ValueType":"ONOFF","Type":"ONOFF","Description":"Le mod protège certaines couleurs Elite par défaut pour ajouter de la variété au panneau et aux écrans interactifs (sinon ils deviennent tous colorés avec votre XML) Vous pouvez remplacer la protection des couleurs ci-dessous.\r\nVeuillez noter : Cette version d'EDHM a été conçu avec une protection des couleurs, il est donc recommandé de laisser ce paramètre activé (ou éventuellement de supprimer les jaunes vifs).\r\nIl s'agit d'une nouvelle fonctionnalité expérimentale, et si vous remarquez des problèmes, veuillez me le faire savoir Certaines icônes ne sont pas protégées par la couleur , ils ne sont tout simplement pas modifiés."},{"Category":"Protection des couleurs","Title":"Protection des blancs","File":"Startup-Profile","Section":"Constants","Key":"z4","Value":1.0,"ValueType":"ONOFF","Type":"ONOFF","Description":"Le mod protège certaines couleurs Elite par défaut pour ajouter de la variété au panneau et aux écrans interactifs (sinon ils deviennent tous colorés avec votre XML) Vous pouvez remplacer la protection des couleurs ci-dessous.\r\nVeuillez noter : cette version d'EDHM a été conçu avec une protection des couleurs, il est donc recommandé de laisser ce paramètre activé (ou éventuellement de supprimer les jaunes vifs).\r\nIl s'agit d'une nouvelle fonctionnalité expérimentale, et si vous remarquez des problèmes, veuillez me le faire savoir Certaines icônes ne sont pas protégées par la couleur, ils ne sont tout simplement pas modifiés."},{"Category":"Protection des couleurs","Title":"Protection verte","File":"Startup-Profile","Section":"Constants","Key":"w4","Value":1.0,"ValueType":"ONOFF","Type":"ONOFF","Description":"Le mod protège certaines couleurs Elite par défaut pour ajouter de la variété au panneau et aux écrans interactifs (sinon ils deviennent tous colorés avec votre XML) Vous pouvez remplacer la protection des couleurs ci-dessous.\r\nVeuillez noter : Cette version d'EDHM a été conçu avec une protection des couleurs, il est donc recommandé de laisser ce paramètre activé (ou éventuellement de supprimer les jaunes vifs).\r\nIl s'agit d'une nouvelle fonctionnalité expérimentale, et si vous remarquez des problèmes, veuillez me le faire savoir Certaines icônes ne sont pas protégées par la couleur, ils ne sont tout simplement pas modifiés."},{"Category":"Protection des couleurs","Title":"Protection rouge","File":"Startup-Profile","Section":"Constants","Key":"x5","Value":1.0,"ValueType":"ONOFF","Type":"ONOFF","Description":"Le mod protège certaines couleurs Elite par défaut pour ajouter de la variété au panneau et aux écrans interactifs (sinon ils deviennent tous colorés avec votre XML) Vous pouvez remplacer la protection des couleurs ci-dessous.\r\nVeuillez noter : Cette version d'EDHM a été conçu avec une protection des couleurs, il est donc recommandé de laisser ce paramètre activé (ou éventuellement de supprimer les jaunes vifs).\r\nIl s'agit d'une nouvelle fonctionnalité expérimentale, et si vous remarquez des problèmes, veuillez me le faire savoir Certaines icônes ne sont pas protégées par la couleur, ils ne sont tout simplement pas modifiés."},{"Category":"Protection des couleurs","Title":"Protection cyan / bleu","File":"Startup-Profile","Section":"Constants","Key":"y5","Value":1.0,"ValueType":"ONOFF","Type":"ONOFF","Description":"Le mod protège certaines couleurs Elite par défaut pour ajouter de la variété au panneau et aux écrans interactifs (sinon ils deviennent tous colorés avec votre XML) Vous pouvez remplacer la protection des couleurs ci-dessous.\r\nVeuillez noter : cette version de EDHM a été conçu avec une protection des couleurs, il est donc recommandé de laisser ce paramètre activé (ou éventuellement de supprimer les jaunes vifs).\r\nIl s'agit d'une nouvelle fonctionnalité expérimentale, et si vous remarquez des problèmes, veuillez me le faire savoir Certaines icônes ne sont pas colorées protégés, ils ne sont tout simplement pas modifiés."},{"Category":"Protection des couleurs","Title":"SuperPowers / Powers Icon Protection","File":"Startup-Profile","Section":"Constants","Key":"z5","Value":1.0,"ValueType":"ONOFF","Type":"ONOFF","Description":"Le mod protège certaines couleurs Elite par défaut pour ajouter de la variété au panneau et aux écrans interactifs (sinon ils deviennent tous colorés avec votre XML) Vous pouvez remplacer la protection des couleurs ci-dessous.\r\nVeuillez noter : Cette version d'EDHM a été conçu avec une protection des couleurs, il est donc recommandé de laisser ce paramètre activé (ou éventuellement de supprimer les jaunes vifs). couleur protégée, ils ne sont tout simplement pas modifiés."}]},{"Name":"Panel_Lower","Title":"Panneaux de navire","Elements":[{"Category":"Panneau inférieur","Title":"Lignes de panneau (inférieur)","File":"Startup-Profile","Section":"Constants","Key":"z104","Value":100.0,"ValueType":"Preset","Type":"AdvancedMode","Description":"valeur pour votre couleur préférée de lignes de panneau inférieur."},{"Category":"Panneau inférieur","Title":"Lignes du panneau inférieur","File":"Advanced","Section":"Constants","Key":"x204|y204|z204|w204","Value":-12490271.0,"ValueType":"Color","Type":"CustomColor","Description":"(*Alpha) ** (si votre couleur personnalisée est proche de l'orange, ajoutez un peu de bleu (par exemple, 0,1) pour éviter un problème sur le panneau de ciblage. Le panneau de ciblage utilise une technique d'échange de couleurs qui recherche bleu = 0)."},{"Category":"Panneau de ciblage","Title":"Mode","File":"Startup-Profile","Section":"Constants","Key":"x140","Value":100.0,"ValueType":"Preset","Type":"AdvancedMode","Description":"Vitesse/Distance/Alignement en Supercruise. À l'exclusion des lignes du panneau inférieur et de la couleur du texte. \r\n Si la couleur que vous avez choisie pour les éléments Supercruise Speed/Distance est proche de l'orange (rouge vif, vert moyen), ajoutez 0,1 bleu pour éviter un problème"},{"Category":"Panneau de ciblage","Title":"Alignement cible correct (blocs)","File":"Advanced","Section":"Constants","Key":"x51|y51|z51","Value":-12490271.0,"ValueType":"Color","Type":"CustomColor","Description":"Couleur personnalisée pour les blocs d'alignement cible (correct), la barre et le voyant lumineux (sections bleues dans l'Elite d'origine)."},{"Category":"Panneau de ciblage","Title":"Luminosité","File":"Advanced","Section":"Constants","Key":"w51","Value":1.0,"ValueType":"Brightness","Type":"2X","Description":"Luminosité pour l'alignement de la cible (correct)"},{"Category":"Panneau de ciblage","Title":"Mode de lignes de séparation","File":"Startup-Profile","Section":"Constants","Key":"x78","Value":100.0,"ValueType":"Preset","Type":"AdvancedMode","Description":"Lignes de séparation sur le panneau de ciblage dans Supercruise"},{"Category":"Panneau de ciblage","Title":"Couleur des lignes de séparation","File":"Advanced","Section":"Constants","Key":"x79|y79|z79","Value":-12490271.0,"ValueType":"Color","Type":"CustomColor","Description":"Couleur personnalisée pour les lignes de séparation sur le panneau de ciblage dans Supercruise"},{"Category":"Panneau de ciblage","Title":"Luminosité des lignes de séparation","File":"Advanced","Section":"Constants","Key":"w79","Value":1.0,"ValueType":"Brightness","Type":"2X","Description":"Luminosité des icônes du panneau de navigation et du panneau de ciblage"},{"Category":"Panneau de ciblage","Title":"Alignement de cible incorrect (blocs)","File":"Advanced","Section":"Constants","Key":"x52|y52|z52","Value":-12490271.0,"ValueType":"Color","Type":"CustomColor","Description":"Couleur personnalisée pour les blocs d'alignement de cible (incorrects/non alignés) et le voyant lumineux(sections oranges dans Elite d'origine)."},{"Category":"Panneau de ciblage","Title":"Luminosité","File":"Advanced","Section":"Constants","Key":"w52","Value":1.0,"ValueType":"Brightness","Type":"2X","Description":"Luminosité pour l'alignement de la cible (incorrect)"},{"Category":"Panneau de ciblage","Title":"Alignement de cible incorrect (barre)","File":"Advanced","Section":"Constants","Key":"x53|y53|z53","Value":-12490271.0,"ValueType":"Color","Type":"CustomColor","Description":"Couleur personnalisée pour la barre d'alignement de cible Supercruise (incorrecte), lignes de séparation (entre distance / vitesse / alignement), icônes. Ceux-ci ne peuvent plus être séparés.."},{"Category":"Panneaux de ciblage et de navigation","Title":"Mode icônes","File":"Startup-Profile","Section":"Constants","Key":"z75","Value":100.0,"ValueType":"Preset","Type":"AdvancedMode","Description":"Icônes sur divers panneaux"},{"Category":"Panneaux de ciblage et de navigation","Title":"Couleur des icônes","File":"Advanced","Section":"Constants","Key":"x53|y53|z53","Value":-12490271.0,"ValueType":"Color","Type":"CustomColor","Description":"Couleur personnalisée pour les icônes du panneau de navigation et du panneau de ciblage"},{"Category":"Panneaux de ciblage et de navigation","Title":"Couleur des icônes (secondaire)","File":"Advanced","Section":"Constants","Key":"x178|y178|z178","Value":-12490271.0,"ValueType":"Color","Type":"CustomColor","Description":"Appliquée aux icônes et aux parties d'icônes du panneau de navigation qui étaient cyan dans Elite par défaut"},{"Category":"Panneaux de ciblage et de navigation","Title":"Luminosité des icônes","File":"Advanced","Section":"Constants","Key":"w53","Value":1.0,"ValueType":"Brightness","Type":"2X","Description":"Luminosité globale de la couleur des icônes"},{"Category":"Panneau de navigation","Title":"Mode du panneau de navigation","File":"Startup-Profile","Section":"Constants","Key":"z97","Value":100.0,"ValueType":"Preset","Type":"ShortMode","Description":"Épingle/coin d'emplacement actuel (seul l'épingle d'emplacement actuel peut être modifiée avec une couleur personnalisée. L'épingle de destination est connectée à d'autres éléments/lignes sur le panneau du navire)"},{"Category":"Panneau de navigation","Title":"Couleur personnalisée","File":"Advanced","Section":"Constants","Key":"x98|y98|z98|w98","Value":-12490271.0,"ValueType":"Color","Type":"CustomColor","Description":"Couleur personnalisée pour la couleur de l'icône GalMap Engineering. *Alpha*"},{"Category":"Panneau du milieu","Title":"Avatar du panneau du milieu","File":"Advanced","Section":"Constants","Key":"y157","Value":1.0,"ValueType":"Brightness","Type":"2X","Description":"Luminosité / Transparence de l'avatar dans le panneau du milieu (3)"},{"Category":"Surbrillance du panneau","Title":"Mode de surbrillance du panneau","File":"Startup-Profile","Section":"Constants","Key":"z68","Value":100.0,"ValueType":"Preset","Type":"AdvancedMode","Description":"(Remarque : cela colore également l'indicateur de vitesse actuelle, la barre d'alignement supercruise (lorsqu'elle n'est pas alignée), le carburant actif sur la barre de carburant. Il ne peut malheureusement pas être séparé, mais vous pouvez choisir la couleur. Je recommande XML."},{"Category":"Surbrillance du panneau","Title":"Couleur personnalisée","File":"Advanced","Section":"Constants","Key":"x74|y74|z74","Value":-12490271.0,"ValueType":"Color","Type":"CustomColor","Description":"Couleur personnalisée pour les blocs d'alignement cible (correct), la barre et le voyant lumineux (sections bleues dans l'Elite d'origine)."},{"Category":"Surbrillance du panneau","Title":"Luminosité","File":"Advanced","Section":"Constants","Key":"w74","Value":1.0,"ValueType":"Brightness","Type":"2X","Description":"Luminosité de la surbrillance du panneau."},{"Category":"Panneaux latéraux","Title":"Lignes principales","File":"Startup-Profile","Section":"Constants","Key":"x75","Value":100.0,"ValueType":"Preset","Type":"AdvancedMode","Description":"(Remarque : cela colore également l'indicateur de vitesse actuelle, la barre d'alignement supercruise (lorsqu'elle n'est pas alignée), le carburant actif sur la barre de carburant. Il ne peut malheureusement pas être séparé, mais vous pouvez choisir la couleur. I recommande XML."},{"Category":"Panneaux latéraux","Title":"Couleur personnalisée","File":"Advanced","Section":"Constants","Key":"x76|y76|z76","Value":-12490271.0,"ValueType":"Color","Type":"CustomColor","Description":"Couleur personnalisée pour les blocs d'alignement cible (correct), la barre et le voyant lumineux (sections bleues dans l'Elite d'origine)."},{"Category":"Panneaux latéraux","Title":"Luminosité","File":"Advanced","Section":"Constants","Key":"w76","Value":1.0,"ValueType":"Brightness","Type":"2X","Description":"Luminosité des lignes principales des panneaux latéraux."},{"Category":"Panneaux du navire","Title":"Ombres du panneau du navire","File":"Startup-Profile","Section":"Constants","Key":"x89","Value":100.0,"ValueType":"Preset","Type":"ShipPanelOpacity","Description":"Mode pour l'arrière-plan des panneaux du navire (ombres)"},{"Category":"Panneaux du navire","Title":"Ombres du panneau du navire","File":"Advanced","Section":"Constants","Key":"x90|y90|z90","Value":-12490271.0,"ValueType":"Color","Type":"CustomColor","Description":"Couleur personnalisée pour l'arrière-plan des panneaux du navire (ombres)"},{"Category":"Panneaux de navire","Title":"Ombres de panneau","File":"Advanced","Section":"Constants","Key":"w90","Value":1.0,"ValueType":"Brightness","Type":"Brightness","Description":"Opacité (Alpha) pour l'arrière-plan des panneaux de navire."},{"Category":"Panneaux du navire","Title":"Panneaux latéraux du navire","File":"SuitHud","Section":"Constants","Key":"x93","Value":1.0,"ValueType":"ONOFF","Type":"ONOFF","Description":"Option pour remplacer les éléments CYAN sur les panneaux latéraux du navire.\r\nL'activation de cette option colorera les icônes de rang cyan et des parties des icônes sur le panneau de navigation avec votre XML et le cyan.\r\nCela changez également la couleur des blocs cyan sur l'onglet Ship Panel Storage avec la couleur XML de votre panneau."},{"Category":"Panneaux de gare","Title":"Dessins de panneaux","File":"Startup-Profile","Section":"Constants","Key":"w89","Value":100.0,"ValueType":"Preset","Type":"AdvancedMode","Description":"Art et croquis sur panneaux"},{"Category":"Panneaux de station","Title":"Dessins de panneau","File":"Advanced","Section":"Constants","Key":"x92|y92|z92|w92","Value":-12490271.0,"ValueType":"Color","Type":"CustomColor","Description":"Couleur personnalisée pour les dessins de panneau. *Alpha*"},{"Category":"Panneau de mission","Title":"Mode panneau de mission","File":"Startup-Profile","Section":"Constants","Key":"z89","Value":200.0,"ValueType":"Preset","Type":"ShortMode","Description":"Affecte la couleur des panneaux de mission sur le panneau de navigation, ainsi que l'icône de mission sur l'écran de sélection de mission)"},{"Category":"Panneau de mission","Title":"Couleur personnalisée","File":"Advanced","Section":"Constants","Key":"x91|y91|z91","Value":-12490271.0,"ValueType":"Color","Type":"CustomColor","Description":"Couleur personnalisée pour les panneaux de mission sur le panneau de navigation, plus l'icône de mission sur l'écran de sélection de mission."},{"Category":"Panneau de mission","Title":"Luminosité","File":"Advanced","Section":"Constants","Key":"w91","Value":1.0,"ValueType":"Brightness","Type":"2X","Description":"Luminosité du panneau de mission."},{"Category":"Panneau de mission","Title":"Mode texte","File":"Startup-Profile","Section":"Constants","Key":"z81","Value":200.0,"ValueType":"Preset","Type":"TextModeShort","Description":"Ligne de mission sur le panneau de navigation Couleur du texte"},{"Category":"Panneau de maintenance","Title":"Croquis du navire","File":"Startup-Profile","Section":"Constants","Key":"w78","Value":200.0,"ValueType":"Preset","Type":"AdvancedMode","Description":"Croquis du navire sur le panneau de maintenance avancée (Station/Transporteur)"},{"Category":"Panneau de maintenance","Title":"Couleur personnalisée","File":"Advanced","Section":"Constants","Key":"x146|y146|z146|w146","Value":-12490271.0,"ValueType":"Color","Type":"CustomColor","Description":"Couleur personnalisée pour le croquis du navire. *Alpha"},{"Category":"Panneau de navigation OwnCarrier","Title":"Mode panneau","File":"Startup-Profile","Section":"Constants","Key":"x81","Value":200.0,"ValueType":"Preset","Type":"ShortMode","Description":"Remarque : Cela changera également la couleur de la \"Confirmation du transfert d'articles\" dans l'onglet Inventaire du panneau d'expédition."},{"Category":"Panneau de navigation OwnCarrier","Title":"Couleur personnalisée","File":"Advanced","Section":"Constants","Key":"x177|y177|z177","Value":-12490271.0,"ValueType":"Color","Type":"CustomColor","Description":"Couleur personnalisée pour les panneaux de mission sur le panneau de navigation, plus l'icône de mission sur l'écran de sélection de mission."},{"Category":"Panneau de navigation OwnCarrier","Title":"Luminosité","File":"Advanced","Section":"Constants","Key":"w177","Value":1.0,"ValueType":"Brightness","Type":"2X","Description":"Luminosité des lignes principales des panneaux latéraux."},{"Category":"Panneau de navigation OwnCarrier","Title":"Mode texte","File":"Startup-Profile","Section":"Constants","Key":"y81","Value":100.0,"ValueType":"Preset","Type":"TextModeShort","Description":"Remarque : Cela changera également la couleur de la \"Confirmation du transfert d'articles\" dans l'onglet Inventaire du panneau d'expédition."},{"Category":"Panneau de navigation OwnCarrier","Title":"Couleur du texte","File":"Advanced","Section":"Constants","Key":"x177|y177|z177","Value":-12490271.0,"ValueType":"Color","Type":"CustomColor","Description":"Couleur personnalisée pour les panneaux de mission sur le panneau de navigation, plus l'icône de mission sur l'écran de sélection de mission."}]},{"Name":"Lighting","Title":"Éclairage de la cabine","Elements":[{"Category":"Cabine - Éclairage du cockpit","Title":"Mode couleur","File":"Startup-Profile","Section":"Constants","Key":"y68","Value":100.0,"ValueType":"Preset","Type":"AmbientLights","Description":"Mode pour l'éclairage de la cabine/du cockpit"},{"Category":"Cabine - Éclairage du poste de pilotage","Title":"Style d'éclairage","File":"Advanced","Section":"Constants","Key":"x68","Value":2.0,"ValueType":"Preset","Type":"CabinLightingStyle","Description":"0 = Restreint (proche de la norme Elite, l'éclairage de la cabine ne couvre pas tout le cockpit)\r\n1 = Complet (couvre une plus grande partie du cockpit, par rapport à \"restreint\", mais exclura les zones de lumière blanche)\r\n2 = Complète (couvre les zones \"complètes\", plus certaines zones de lumière blanche. Utilisez le mode XML (dans Startup-Profile.ini) pour voir la lumière multicolore sur certains navires (les zones orange et les zones blanches réagiront différemment à votre XML)\r\n3 = Space Disco (projecteur avec contamination de la peau, cabine entière)."},{"Category":"Cabine - Éclairage du cockpit","Title":"Couleur personnalisée","File":"Advanced","Section":"Constants","Key":"x69|y69|z69","Value":-12490271.0,"ValueType":"Color","Type":"CustomColor","Description":"Couleur personnalisée pour la cabine - Éclairage du cockpit."},{"Category":"AmbientLights - Bicolore","Title":"Couleur gauche","File":"Advanced","Section":"Constants","Key":"x70|y70|z70","Value":-12490271.0,"ValueType":"Color","Type":"CustomColor","Description":"(Expérimental) - Idéal pour une utilisation en mode d'éclairage PLEIN."},{"Category":"AmbientLights - Bi-color","Title":"Right Color","File":"Advanced","Section":"Constants","Key":"x71|y71|z71","Value":-12490271.0,"ValueType":"Color","Type":"CustomColor","Description":"Deuxième couleur (cette couleur est ajoutée à la couleur de base sur le côté droit du cockpit."},{"Category":"Cabine - Éclairage du cockpit","Title":"Luminosité globale","File":"Advanced","Section":"Constants","Key":"w69","Value":0.3,"ValueType":"Brightness","Type":"2X","Description":"Luminosité globale (pour tous les styles d'éclairage)."}]},{"Name":"SpecialFX","Title":"Effets spéciaux","Elements":[{"Category":"Space FX","Title":"Supercruise SideLines","File":"Startup-Profile","Section":"Constants","Key":"w120","Value":200.0,"ValueType":"Preset","Type":"SC_SideLines","Description":"Commutateur pour supprimer Supercruise SideLines"},{"Category":"Space FX","Title":"SC_SideLines Color","File":"Advanced","Section":"Constants","Key":"x176|y176|z176","Value":-12490271.0,"ValueType":"Color","Type":"CustomColor","Description":"Couleur personnalisée pour Supercruise SideLines."},{"Category":"Space FX","Title":"SC_SideLines Brightness","File":"Advanced","Section":"Constants","Key":"w176","Value":0.3,"ValueType":"Brightness","Type":"2X","Description":"Luminosité pour Supercruise SideLines."},{"Category":"Space FX","Title":"Supercruise Snow","File":"Startup-Profile","Section":"Constants","Key":"y121","Value":0.0,"ValueType":"ONOFF","Type":"ONOFF","Description":"Commutateur pour supprimer Supercruise Snow"},{"Category":"Space FX","Title":"Space Dust","File":"Startup-Profile","Section":"Constants","Key":"z121","Value":0.0,"ValueType":"ONOFF","Type":"ONOFF","Description":"Passer à Space Dust (alias Snow en vol normal)"},{"Category":"Orbital / Gravity / Exclusion zone Lines","Title":"Mode Orbital Lines","File":"Startup-Profile","Section":"Constants","Key":"y75","Value":0.0,"ValueType":"Preset","Type":"AdvancedMode","Description":"Mode pour Orbital, Gravity et Exclusion zone Lines"},{"Category":"Orbital / Gravity / Lignes de zone d'exclusion","Title":"Couleur des lignes d'orbite","File":"Advanced","Section":"Constants","Key":"x39|y39|z39","Value":-12490271.0,"ValueType":"Color","Type":"CustomColor","Description":"Couleur personnalisée pour les lignes d'orbite."},{"Category":"Orbital / Gravity / Zone d'exclusion Lignes","Title":"Luminosité des lignes d'orbite","File":"Advanced","Section":"Constants","Key":"w39","Value":0.8,"ValueType":"Brightness","Type":"2X","Description":"Luminosité des lignes d'orbite."},{"Category":"Orbital / Gravity / Exclusion zone Lines","Title":"Gravity Well Lines Color","File":"Advanced","Section":"Constants","Key":"x40|y40|z40","Value":-12490271.0,"ValueType":"Color","Type":"CustomColor","Description":"Couleur personnalisée pour Gravity Well Lines."},{"Category":"Orbital / Gravity / Zone d'exclusion Lignes","Title":"Lignes de puits de gravité Luminosité","File":"Advanced","Section":"Constants","Key":"w40","Value":0.8,"ValueType":"Brightness","Type":"2X","Description":"Luminosité pour les lignes de puits de gravité."},{"Category":"Orbitale / Gravité / Lignes de zone d'exclusion","Title":"Couleur des lignes de zone d'exclusion","File":"Advanced","Section":"Constants","Key":"x44|y44|z44","Value":-12490271.0,"ValueType":"Color","Type":"CustomColor","Description":"Couleur personnalisée pour les lignes de zone d'exclusion."},{"Category":"Orbitale / Gravité / Lignes de zone d'exclusion","Title":"Luminosité des lignes de zone d'exclusion","File":"Advanced","Section":"Constants","Key":"w44","Value":0.8,"ValueType":"Brightness","Type":"2X","Description":"Luminosité des lignes de zone d'exclusion."},{"Category":"Orbital / Gravity / Zone d'exclusion Lignes","Title":"Couleur des lignes de croisière orbitales","File":"Advanced","Section":"Constants","Key":"x29|y29|z29","Value":-12490271.0,"ValueType":"Color","Type":"CustomColor","Description":"Couleur personnalisée pour les lignes de croisière orbitales."},{"Category":"Orbital / Gravity / Zone d'exclusion Lignes","Title":"Orbital Cruise Lines Luminosité","File":"Advanced","Section":"Constants","Key":"w29","Value":0.8,"ValueType":"Brightness","Type":"2X","Description":"Luminosité pour Orbital Cruise Lines."},{"Category":"Vision nocturne","Title":"Mode vision nocturne","File":"Startup-Profile","Section":"Constants","Key":"y93","Value":0.0,"ValueType":"Preset","Type":"ShortMode","Description":"Mode vision nocturne"},{"Category":"Vision nocturne","Title":"Couleur de vision nocturne","File":"Advanced","Section":"Constants","Key":"x43|y43|z43","Value":-12490271.0,"ValueType":"Color","Type":"CustomColor","Description":"Couleur personnalisée pour la vision nocturne."},{"Category":"Vision nocturne","Title":"Luminosité de la vision nocturne","File":"Advanced","Section":"Constants","Key":"w43","Value":0.8,"ValueType":"Brightness","Type":"2X","Description":"Luminosité pour la vision nocturne."},{"Category":"Vision nocturne","Title":"Mode PWA Asteroid Glow","File":"Startup-Profile","Section":"Constants","Key":"z93","Value":0.0,"ValueType":"Preset","Type":"ShortMode","Description":"Mode pour analyseur d'onde de pouls Asteroid Glow"},{"Category":"Vision nocturne","Title":"PWA Asteroid Glow Color","File":"Advanced","Section":"Constants","Key":"x41|y41|z41","Value":-12490271.0,"ValueType":"Color","Type":"CustomColor","Description":"Couleur personnalisée pour PWA Asteroid Glow."},{"Category":"Vision nocturne","Title":"PWA Asteroid Glow Brightness","File":"Advanced","Section":"Constants","Key":"w41","Value":0.8,"ValueType":"Brightness","Type":"2X","Description":"Luminosité pour PWA Asteroid Glow."},{"Category":"Vision nocturne","Title":"Mode de front d'onde PWA","File":"Startup-Profile","Section":"Constants","Key":"w93","Value":0.0,"ValueType":"Preset","Type":"ShortMode","Description":"Mode pour le front d'onde de l'analyseur d'onde de pouls"},{"Category":"Vision nocturne","Title":"Couleur du front d'onde PWA","File":"Advanced","Section":"Constants","Key":"x42|y42|z42","Value":-12490271.0,"ValueType":"Color","Type":"CustomColor","Description":"Couleur personnalisée pour le front d'onde PWA."},{"Category":"Vision nocturne","Title":"Luminosité du front d'onde PWA","File":"Advanced","Section":"Constants","Key":"w42","Value":0.8,"ValueType":"Brightness","Type":"2X","Description":"Luminosité pour le front d'onde PWA."}]},{"Name":"CHUD_AHUD","Title":"HUD de combat et d'analyse","Elements":[{"Category":"HUD de combat","Title":"Mode HUD de combat","File":"Startup-Profile","Section":"Constants","Key":"x141","Value":100.0,"ValueType":"Preset","Type":"AdvancedMode","Description":"** MODE HUD de combat (CHUD) ** \r\n Pour un CHUD standard, définissez la couleur 2 RVB (0,0,0) et l'intensité du fondu = 0\r\n Pour un oiseau d'une seule couleur- of-Prey CHUD, réglez la couleur 2 RVB (0,0,0) et votre force de fondu préférée (0,7 est un bon équilibre)\r\n Pour un CHUD synthwave (bicolore), réglez la couleur 2 RVB selon vos préférences, et Force de fondu = 1"},{"Category":"HUD de combat","Title":"Couleur 1","File":"Advanced","Section":"Constants","Key":"x55|y55|z55","Value":-12490271.0,"ValueType":"Color","Type":"CustomColor","Description":"Couleur personnalisée pour HUD de combat - Couleur 1 (couleur supérieure)."},{"Category":"Combat HUD","Title":"Couleur 1 - Luminosité","File":"Advanced","Section":"Constants","Key":"w55","Value":1.0,"ValueType":"Brightness","Type":"2X","Description":"Luminosité pour la couleur 1 (couleur du haut)."},{"Category":"HUD de combat","Title":"Couleur 2","File":"Advanced","Section":"Constants","Key":"x48|y48|z48","Value":-12490271.0,"ValueType":"Color","Type":"CustomColor","Description":"Couleur personnalisée pour HUD de combat - Couleur 2 (couleur du bas)."},{"Category":"HUD de combat","Title":"Intensité du fondu","File":"Advanced","Section":"Constants","Key":"w48","Value":1.0,"ValueType":"Brightness","Type":"2X","Description":"Intensité du fondu (ou balance des couleurs Synthwave : > 1 = plus de deuxième couleur, < 1 = moins de deuxième couleur)."},{"Category":"HUD de combat","Title":"Couleur des munitions","File":"Advanced","Section":"Constants","Key":"x45|y45|z45","Value":-12490271.0,"ValueType":"Color","Type":"CustomColor","Description":"Couleur personnalisée pour le HUD de combat - Munitions."},{"Category":"HUD de combat","Title":"Luminosité des munitions","File":"Advanced","Section":"Constants","Key":"w45","Value":1.0,"ValueType":"Brightness","Type":"2X","Description":"Luminositéess pour les munitions."},{"Category":"HUD de combat","Title":"Armes hors de portée (texte rouge)","File":"Advanced","Section":"Constants","Key":"w111","Value":1.6,"ValueType":"Brightness","Type":"4X","Description":"CHUD / AHUD Red Text Alpha boost (par défaut = 1)"},{"Category":"HUD d'analyse","Title":"Mode HUD d'analyse","File":"Startup-Profile","Section":"Constants","Key":"w140","Value":100.0,"ValueType":"Preset","Type":"AdvancedMode","Description":"Mode radar"},{"Category":"Analyse HUD","Title":"Analyse HUD","File":"Advanced","Section":"Constants","Key":"x54|y54|z54|w54","Value":-12490271.0,"ValueType":"Color","Type":"CustomColor","Description":"Couleur personnalisée pour l'analyse HUD. (*Alpha)"},{"Category":"HUD d'analyse","Title":"Réticule de ciblage","File":"Advanced","Section":"Constants","Key":"x63|y63|z63|w63","Value":-12490271.0,"ValueType":"Color","Type":"CustomColor","Description":"Couleur personnalisée pour le réticule du mode Analyse en mode Combat. (*Alpha)"},{"Category":"HUD d'analyse","Title":"Mode texte AHUD","File":"Startup-Profile","Section":"Constants","Key":"w87","Value":100.0,"ValueType":"Preset","Type":"AHUDText","Description":"Mode pour les textes autour d'AHUD."},{"Category":"HUD d'analyse","Title":"Couleur du texte AHUD","File":"Advanced","Section":"Constants","Key":"x144|y144|z144|w144","Value":-12490271.0,"ValueType":"Color","Type":"CustomColor","Description":"Couleur personnalisée pour les textes autour d'AHUD. *Alpha*"}]},{"Name":"Foot_HUD","Title":"HUD à pied","Elements":[{"Category":"Suit HUD - Panel","Title":"Panel Mode","File":"SuitHud","Section":"Constants","Key":"x30","Value":199.0,"ValueType":"Preset","Type":"AdvancedMode","Description":"Remarque : XML (sera simulé une base orange pour correspondre au HUD du navire)."},{"Category":"Suit HUD - Panneau","Title":"Couleur du panneau","File":"SuitHud","Section":"Constants","Key":"x31|y31|z31","Value":-12490271.0,"ValueType":"Color","Type":"CustomColor","Description":"Couleur personnalisée pour le panneau sur pied."},{"Category":"Suit HUD - Panneau","Title":"Opacité du panneau","File":"SuitHud","Section":"Constants","Key":"w31","Value":1.0,"ValueType":"Brightness","Type":"2X","Description":"Luminosité pour le panneau sur pied."},{"Category":"Suit HUD - Bouclier","Title":"Mode bouclier","File":"SuitHud","Section":"Constants","Key":"y30","Value":100.0,"ValueType":"Preset","Type":"AdvancedMode","Description":"Mode couleur pour les boucliers"},{"Category":"Suit HUD - Bouclier","Title":"Anneau intérieur","File":"SuitHud","Section":"Constants","Key":"x32|y32|z32|w32","Value":-12490271.0,"ValueType":"Color","Type":"CustomColor","Description":"Couleur personnalisée pour l'anneau intérieur du bouclier sur le pied (* alpha)."},{"Category":"HUD de costume - Bouclier","Title":"Anneau central","File":"SuitHud","Section":"Constants","Key":"x33|y33|z33|w33","Value":-12490271.0,"ValueType":"Color","Type":"CustomColor","Description":"Couleur personnalisée pour l'anneau central du bouclier à pied (* alpha)."},{"Category":"Suit HUD - Bouclier","Title":"Anneau extérieur","File":"SuitHud","Section":"Constants","Key":"x34|y34|z34|w34","Value":-12490271.0,"ValueType":"Color","Type":"CustomColor","Description":"Couleur personnalisée pour l'anneau extérieur du bouclier à pied (* alpha)."},{"Category":"HUD de costume - Bouclier","Title":"Couleur du bas du bouclier","File":"SuitHud","Section":"Constants","Key":"x35|y35|z35|w35","Value":-12490271.0,"ValueType":"Color","Type":"CustomColor","Description":"Couleur personnalisée pour le bas du bouclier sur le pied (*alpha)."},{"Category":"HUD de costume - Bouclier","Title":"Restauration de bouclier","File":"SuitHud","Section":"Constants","Key":"x36|y36|z36|w36","Value":-12490271.0,"ValueType":"Color","Type":"CustomColor","Description":"Couleur personnalisée pour l'animation de restauration de bouclier à pied (* alpha)."},{"Category":"Suit HUD - Textes","Title":"Mode Textes","File":"SuitHud","Section":"Constants","Key":"z30","Value":100.0,"ValueType":"Preset","Type":"AdvancedMode","Description":"Remarque : XML (sera simulé une base orange pour correspondre au HUD du navire)."},{"Category":"Suit HUD - Textes","Title":"Couleur des textes","File":"SuitHud","Section":"Constants","Key":"x37|y37|z37|w37","Value":-12490271.0,"ValueType":"Color","Type":"CustomColor","Description":"Couleur personnalisée pour les textes à pied. (*Alpha)"},{"Category":"Suit HUD - Textes","Title":"Mode en surbrillance","File":"SuitHud","Section":"Constants","Key":"w30","Value":100.0,"ValueType":"Preset","Type":"AdvancedMode","Description":"Texte en surbrillance / inversé et couleur des icônes."},{"Category":"Suit HUD - Textes","Title":"Couleur en surbrillance","File":"SuitHud","Section":"Constants","Key":"x38|y38|z38|w38","Value":-12490271.0,"ValueType":"Color","Type":"CustomColor","Description":"Couleur personnalisée pour les textes en surbrillance à pied. (*Alpha)"}]},{"Name":"ShieldsHolo","Title":"Bouclier et Holo Navire","Elements":[{"Category":"Boucliers","Title":"Mode Bouclier","File":"Startup-Profile","Section":"Constants","Key":"z105","Value":101.0,"ValueType":"Preset","Type":"ShieldColor","Description":"Remarque : le multi-bouclier ne fonctionne qu'à des résolutions >= 2560x1440, peut fonctionner à 1920x1080. Appliqué à soi et à la cible."},{"Category":"Boucliers","Title":"Shield Pourcentage % Couleur","File":"Advanced","Section":"Constants","Key":"x88|y88|z88","Value":-12490271.0,"ValueType":"Color","Type":"CustomColor","Description":"Couleur personnalisée pour Shield Pourcentage %"},{"Category":"Multi-Shield","Title":"Anneau intérieur","File":"Advanced","Section":"Constants","Key":"x201|y201|z201|w201","Value":-12490271.0,"ValueType":"Color","Type":"CustomColor","Description":"Couleur de l'anneau intérieur, uniquement pour Multi-Shield. (Alpha)"},{"Category":"Multi-Shield","Title":"Anneau central","File":"Advanced","Section":"Constants","Key":"x202|y202|z202|w202","Value":-12490271.0,"ValueType":"Color","Type":"CustomColor","Description":"Couleur de l'anneau central, uniquement pour Multi-Shield. (Alpha)"},{"Category":"Multi-Shield","Title":"Anneau extérieur","File":"Advanced","Section":"Constants","Key":"x203|y203|z203|w203","Value":-12490271.0,"ValueType":"Color","Type":"CustomColor","Description":"Couleur de l'anneau extérieur, uniquement pour Multi-Shield. (Alpha)"},{"Category":"Bouclier unique","Title":"Boucliers vers le bas","File":"Advanced","Section":"Constants","Key":"x87","Value":0.0,"ValueType":"Preset","Type":"ShieldsDown","Description":"Bouclier à une seule couleur - Couleur du bouclier vers le bas ."},{"Category":"Single-Shield","Title":"Shields Up","File":"Advanced","Section":"Constants","Key":"x228|y228|z228","Value":-12490271.0,"ValueType":"Color","Type":"CustomColor","Description":"Shield Up Color (par rapport à la couleur Shield Down)."},{"Category":"Bouclier unique","Title":"Luminosité","File":"Advanced","Section":"Constants","Key":"w228","Value":1.0,"ValueType":"Brightness","Type":"2X","Description":"Luminosité globale des boucliers/Alpha (mode unique)"},{"Category":"Écran unique","Title":"Épaisseur de l'anneau","File":"Advanced","Section":"Constants","Key":"y87","Value":1.0,"ValueType":"Brightness","Type":"4X","Description":"Luminosité globale des écrans/Alpha (mode unique)"},{"Category":"Tourbillons circulaires","Title":"Tourbillons supérieurs - Mode","File":"Startup-Profile","Section":"Constants","Key":"z133","Value":100.0,"ValueType":"Preset","Type":"AdvancedMode","Description":"Tourbillons circulaires sous Holos"},{"Category":"Tourbillons circulaires","Title":"Tourbillons supérieurs - Couleur","File":"Advanced","Section":"Constants","Key":"x226|y226|z226","Value":-12490271.0,"ValueType":"Color","Type":"CustomColor","Description":"Couleur personnalisée pour les tourbillons circulaires sous Holos"},{"Category":"Tourbillons circulaires","Title":"Tourbillons supérieurs - Luminosité","File":"Advanced","Section":"Constants","Key":"w226","Value":1.5,"ValueType":"Brightness","Type":"2X","Description":"Luminosité des tourbillons supérieurs"},{"Category":"Tourbillons circulaires","Title":"Tourbillons du milieu - Mode","File":"Startup-Profile","Section":"Constants","Key":"x135","Value":100.0,"ValueType":"Preset","Type":"AdvancedMode","Description":"Barres d'état sous le bouclier"},{"Category":"Tourbillons circulaires","Title":"Tourbillons du milieu - Couleur","File":"Advanced","Section":"Constants","Key":"x215|y215|z215","Value":-12490271.0,"ValueType":"Color","Type":"CustomColor","Description":"Couleur personnalisée pour les barres d'état"},{"Category":"Tourbillons circulaires","Title":"Tourbillons moyens - Luminosité","File":"Advanced","Section":"Constants","Key":"w215","Value":1.0,"ValueType":"Brightness","Type":"2X","Description":"Luminosité des barres d'état"},{"Category":"Tourbillons circulaires","Title":"Tourbillons inférieurs - Mode","File":"Startup-Profile","Section":"Constants","Key":"x134","Value":100.0,"ValueType":"Preset","Type":"AdvancedMode","Description":"Demi-cercles fins au bas de l'hologramme"},{"Category":"Tourbillons circulaires","Title":"Tourbillons inférieurs - Couleur","File":"Advanced","Section":"Constants","Key":"x205|y205|z205|w205","Value":-12490271.0,"ValueType":"Color","Type":"CustomColor","Description":"Couleur personnalisée pour les demi-cercles fins au bas de l'hologramme. *Alpha"},{"Category":"Jauge de coque","Title":"Mode couleur","File":"Startup-Profile","Section":"Constants","Key":"y134","Value":100.0,"ValueType":"Preset","Type":"AdvancedMode","Description":"Blocs pour la santé de la coque, y compris la cible"},{"Category":"Jauge de coque","Title":"Couleur personnalisée","File":"Advanced","Section":"Constants","Key":"x212|y212|z212","Value":-12490271.0,"ValueType":"Color","Type":"CustomColor","Description":"Couleur personnalisée pour les blocs sous le bouclier, y compris la cible."},{"Category":"Jauge de coque","Title":"Luminosité","File":"Advanced","Section":"Constants","Key":"w212","Value":1.5,"ValueType":"Brightness","Type":"2X","Description":"Luminosité pour les blocs sous le bouclier"},{"Category":"Jauge de coque","Title":"Jauge de coque - Ombrage","File":"Advanced","Section":"Constants","Key":"w213","Value":4.0,"ValueType":"Brightness","Type":"4X_Min","Description":"Multiplicateur d'ombrage (s'applique uniquement au mode ombré)"},{"Category":"Jauge de coque","Title":"Coque affectée caustique","File":"Startup-Profile","Section":"Constants","Key":"w170","Value":0.0,"ValueType":"Preset","Type":"CausticEffect","Description":"Blocs pour la santé de la coque, y compris la cible"},{"Category":"Jauge de coque","Title":"Couleur de la coque affectée par les caustiques","File":"Advanced","Section":"Constants","Key":"x170|y170|z170","Value":-12490271.0,"ValueType":"Color","Type":"CustomColor","Description":"Couleur personnalisée pour les barres de coque affectées par les caustiques."},{"Category":"Hologramme OwnShip","Title":"Hologramme - Mode","File":"Startup-Profile","Section":"Constants","Key":"y101","Value":100.0,"ValueType":"Preset","Type":"AdvancedMode","Description":"Mode Hologramme OwnShip\r\nComprend également l'hologramme d'atterrissage, l'hologramme SRV, le terrain SRV sur le radar"},{"Category":"Hologramme OwnShip","Title":"Hologramme - Couleur","File":"Advanced","Section":"Constants","Key":"x248|y248|z248","Value":-12490271.0,"ValueType":"Color","Type":"CustomColor","Description":"Couleur personnalisée pour l'hologramme OwnShip"},{"Category":"Hologramme OwnShip","Title":"Hologramme - Luminosité","File":"Advanced","Section":"Constants","Key":"x132","Value":0.5,"ValueType":"Brightness","Type":"2X","Description":"Luminosité de la coque de l'hologramme\r\nPour Ultra-tron, réglez la luminosité de la coque sur une valeur faible (par exemple, 0) et les lignes extérieures fleurissent sur une valeur élevée (par exemple, 0,5)"},{"Category":"Hologramme OwnShip","Title":"Hologramme - Bloom","File":"Advanced","Section":"Constants","Key":"y132","Value":1.0,"ValueType":"Brightness","Type":"2X","Description":"Holo bloom / lueur"},{"Category":"OwnShip Hologram","Title":"Outer Lines bloom","File":"Advanced","Section":"Constants","Key":"z132","Value":1.0,"ValueType":"Brightness","Type":"2X","Description":"Outer Lines bloom/glow (par défaut = 0) (Cette valeur peut être négative, telle que -0,5)"},{"Category":"Hologramme OwnShip","Title":"Luminosité globale","File":"Advanced","Section":"Constants","Key":"z101","Value":1.0,"ValueType":"Brightness","Type":"2X","Description":"Luminosité globale de l'hologramme"},{"Category":"Hologramme OwnShip","Title":"Lignes scintillantes","File":"Advanced","Section":"Constants","Key":"z109","Value":1.0,"ValueType":"ONOFF","Type":"ONOFF","Description":"Commutateur pour hologramme OwnShip Shimmer"},{"Category":"Hologramme de navire cible","Title":"Cible neutre","File":"Advanced","Section":"Constants","Key":"x72|y72|z72","Value":-12490271.0,"ValueType":"Color","Type":"CustomColor","Description":"Couleur personnalisée pour l'hologramme OwnShip"},{"Category":"Hologramme du vaisseau cible","Title":"Cible neutre - Luminosité","File":"Advanced","Section":"Constants","Key":"x72","Value":1.0,"ValueType":"Brightness","Type":"2X","Description":"Luminosité de la coque de l'hologramme\r\nPour Ultra-tron, réglez la luminosité de la coque sur une valeur faible (par exemple, 0) et les lignes extérieures fleurissent sur une valeur élevée (par exemple, 0,5)"},{"Category":"Hologramme du vaisseau cible","Title":"Luminosité globale","File":"Advanced","Section":"Constants","Key":"y73","Value":0.5,"ValueType":"Brightness","Type":"2X","Description":"Luminosité de l'hologramme"},{"Category":"Hologramme du vaisseau cible","Title":"Luminosité de la cible verte","File":"Advanced","Section":"Constants","Key":"z73","Value":0.5,"ValueType":"Brightness","Type":"2X","Description":"Luminosité de l'holo de la cible verte brillante (certains hologrammes verts ont une luminosité excessive)"},{"Category":"Hologramme de vaisseau cible","Title":"Lignes scintillantes","File":"Advanced","Section":"Constants","Key":"x73","Value":1.0,"ValueType":"ONOFF","Type":"ONOFF","Description":"Commutateur pour le miroitement de l'hologramme cible"},{"Category":"Hologramme d'atterrissage","Title":"Site d'atterrissage OFF","File":"Advanced","Section":"Constants","Key":"x254|y254|z254","Value":-12490271.0,"ValueType":"Color","Type":"CustomColor","Description":"Couleur personnalisée pour l'hologramme d'atterrissage"},{"Category":"Hologramme d'atterrissage","Title":"Site d'atterrissage ON","File":"Advanced","Section":"Constants","Key":"x249|y249|z249","Value":-12490271.0,"ValueType":"Color","Type":"CustomColor","Description":"Couleur personnalisée pour le site d'atterrissage ON"},{"Category":"Hologramme d'atterrissage","Title":"Luminosité","File":"Advanced","Section":"Constants","Key":"w254","Value":1.0,"ValueType":"Brightness","Type":"2X","Description":"Luminosité pour l'hologramme d'atterrissage"},{"Category":"Réticule d'atterrissage planétaire","Title":"Mode couleur","File":"Startup-Profile","Section":"Constants","Key":"z107","Value":100.0,"ValueType":"Preset","Type":"AdvancedMode","Description":"Réticule d'atterrissage planétaire - Barres d'angle de relèvement et de descente, plus texte"},{"Category":"Réticule d'atterrissage planétaire","Title":"Couleur personnalisée","File":"Advanced","Section":"Constants","Key":"x209|y209|z209|w209","Value":-12490271.0,"ValueType":"Color","Type":"CustomColor","Description":"Couleur personnalisée pour le réticule d'atterrissage planétaire. *Alpha"},{"Category":"Réticule d'atterrissage planétaire","Title":"Ligne d'atterrissage et dessous de verre","File":"Advanced","Section":"Constants","Key":"x255|y255|z255|w255","Value":-12490271.0,"ValueType":"Color","Type":"CustomColor","Description":"Couleur personnalisée pour la ligne d'atterrissage et le dessous de verre (orange)*Alpha"},{"Category":"Réticule d'atterrissage planétaire","Title":"Barre d'altitude","File":"Advanced","Section":"Constants","Key":"x96|y96|z96|w96","Value":-12490271.0,"ValueType":"Color","Type":"CustomColor","Description":"Couleur personnalisée pour la barre d'altitude * Alpha"},{"Category":"Réticule d'atterrissage planétaire","Title":"Texte dans les boîtes de réticule","File":"Advanced","Section":"Constants","Key":"x95|y95|z95|w95","Value":-12490271.0,"ValueType":"Color","Type":"CustomColor","Description":"Couleur personnalisée pour le texte dans les boîtes de réticule *Alpha"},{"Category":"Réticule d'atterrissage planétaire","Title":"Texte le long des barres d'altitude","File":"Advanced","Section":"Constants","Key":"w101","Value":101.0,"ValueType":"Preset","Type":"AltitudeBarText","Description":"Couleur personnalisée pour le texte le long de la barre d'altitude"},{"Category":"Réticule d'atterrissage planétaire","Title":"Luminosité du texte de la barre d'altitude","File":"Advanced","Section":"Constants","Key":"x97","Value":1.0,"ValueType":"Brightness","Type":"2X","Description":"Luminosité du texte de la barre d'altitude"},{"Category":"Réticule d'atterrissage planétaire","Title":"Coordonnées et couleur du texte de gravité","File":"Advanced","Section":"Constants","Key":"x185|y185|z185|w185","Value":-12490271.0,"ValueType":"Color","Type":"CustomColor","Description":"Couleur personnalisée pour les coordonnées de latitude / longitude et couleur du texte de gravité * Alpha"},{"Category":"Réticule d'atterrissage planétaire","Title":"Arrière-plan du texte : ombres/ Glow","File":"Advanced","Section":"Constants","Key":"y109","Value":0.0,"ValueType":"Preset","Type":"TextBackgroundShadowsGlow","Description":"Mode pour l'arrière-plan du texte : Ombres / Glow \r\nS'applique à : Texte dans les boîtes de réticule, Texte sur la barre d'altitude, Texte Lat / Long & Gravity."},{"Category":"Réticule d'atterrissage planétaire","Title":"Text Background Shadow / Glow Boost","File":"Advanced","Section":"Constants","Key":"y97","Value":1.0,"ValueType":"Brightness","Type":"2X","Description":"Text Background Shadow / Glow Boost\r\nRemarque : pour la couleur du texte \"Glow mode\", recommandé 0,5"},{"Category":"Hologramme SRV","Title":"Hologramme SRV - Principal","File":"Advanced","Section":"Constants","Key":"x250|y250|z250|w250","Value":-12490271.0,"ValueType":"Color","Type":"CustomColor","Description":"**(DÉSACTIVÉ)** Couleur personnalisée pour l'hologramme SRV (*Alpha)"},{"Category":"Hologramme SRV","Title":"Hologramme SRV - Petit","File":"Advanced","Section":"Constants","Key":"x251|y251|z251|w251","Value":-12490271.0,"ValueType":"Color","Type":"CustomColor","Description":"Couleur personnalisée pour l'hologramme SRV.\r\nAlpha (est un % de l'hologramme principal alpha)"}]},{"Name":"RadarHUD","Title":"Radar et groupe commun","Elements":[{"Category":"Radar de navire","Title":"Mode radar","File":"Startup-Profile","Section":"Constants","Key":"y106","Value":100.0,"ValueType":"Preset","Type":"AdvancedMode","Description":"Mode radar"},{"Category":"Radar de navire","Title":"Bord extérieur du radar","File":"Advanced","Section":"Constants","Key":"x236|y236|z236","Value":-12490271.0,"ValueType":"Color","Type":"CustomColor","Description":"Composants du radar extérieur Couleur personnalisée."},{"Category":"Radar du navire","Title":"Luminosité du bord extérieur","File":"Advanced","Section":"Constants","Key":"w236","Value":1.0,"ValueType":"Brightness","Type":"2X","Description":"Luminosité du radar extérieur (la plage normale est comprise entre 0,3 et 1,0, mais vous pouvez aller plus haut)"},{"Category":"Grille radar","Title":"Couleur","File":"Advanced","Section":"Constants","Key":"x237|y237|z237","Value":-12490271.0,"ValueType":"Color","Type":"CustomColor","Description":"Couleur personnalisée pour la grille radar ."},{"Category":"Grille radar","Title":"Luminosité","File":"Advanced","Section":"Constants","Key":"w237","Value":0.8,"ValueType":"Brightness","Type":"2X","Description":"Luminosité de la grille radar"},{"Category":"Widget Triangle Radar","Title":"Mode","File":"Startup-Profile","Section":"Constants","Key":"x138","Value":100.0,"ValueType":"Preset","Type":"AdvancedMode","Description":"Mode Widget Triangle Radar"},{"Category":"Widget Triangle Radar","Title":"Couleur personnalisée","File":"Advanced","Section":"Constants","Key":"x239|y239|z239|w239","Value":-12490271.0,"ValueType":"Color","Type":"CustomColor","Description":"Couleur personnalisée pour le widget Radar Triangle. (*Alpha)"},{"Category":"Widget de zoom radar","Title":"Mode","File":"Startup-Profile","Section":"Constants","Key":"w136","Value":100.0,"ValueType":"Preset","Type":"AdvancedMode","Description":"Mode pour les lignes de niveau de zoom radar"},{"Category":"Widget de zoom radar","Title":"Couleur personnalisée","File":"Advanced","Section":"Constants","Key":"x240|y240|z240|w240","Value":-12490271.0,"ValueType":"Color","Type":"CustomColor","Description":"Couleur personnalisée pour le widget de zoom radar. (*Alpha)"},{"Category":"Widget de zoom radar","Title":"Lignes de niveau","File":"Advanced","Section":"Constants","Key":"x231|y231|z231","Value":-12490271.0,"ValueType":"Color","Type":"CustomColor","Description":"Lignes de niveau de zoom radar Couleur personnalisée."},{"Category":"Widget de zoom radar","Title":"Lignes de niveau Luminosité","File":"Advanced","Section":"Constants","Key":"w231","Value":1.2,"ValueType":"Brightness","Type":"2X","Description":"Lignes de niveau de zoom radar Luminosité"},{"Category":"Objets radar - Supercruice","Title":"Corps radar dans Supercruice","File":"Startup-Profile","Section":"Constants","Key":"z138","Value":100.0,"ValueType":"Preset","Type":"AdvancedMode","Description":"Mode pour les corps radar dans Supercruice"},{"Category":"Objets radar - Supercruice","Title":"Radar - Planètes","File":"Advanced","Section":"Constants","Key":"x241|y241|z241|w241","Value":-12490271.0,"ValueType":"Color","Type":"CustomColor","Description":"Couleur personnalisée pour les corps radar dans Supercruise. (* Avec Alpha)"},{"Category":"Objets radar - Supercruice","Title":"Radar - Lunes","File":"Advanced","Section":"Constants","Key":"x242|y242|z242|w242","Value":-12490271.0,"ValueType":"Color","Type":"CustomColor","Description":"Couleur personnalisée pour les corps radar dans Supercruise. (* Avec Alpha)"},{"Category":"Objets radar - Supercruice","Title":"Radar - Étoiles","File":"Advanced","Section":"Constants","Key":"x243|y243|z243|w243","Value":-12490271.0,"ValueType":"Color","Type":"CustomColor","Description":"Couleur personnalisée pour les corps radar dans Supercruise. (* Avec Alpha)"},{"Category":"Objets radar - Supercruice","Title":"Cibles neutres - Lignes","File":"Advanced","Section":"Constants","Key":"x244|y244|z244|w244","Value":-12490271.0,"ValueType":"Color","Type":"CustomColor","Description":"Couleur personnalisée pour les lignes d'objets et les sous-verres dans Supercruise."},{"Category":"Objets radar","Title":"Objets radar","File":"Startup-Profile","Section":"Constants","Key":"y139","Value":100.0,"ValueType":"Preset","Type":"AdvancedMode","Description":"Mode pour les objets radar en vol normal"},{"Category":"Objets radar","Title":"Objets blancs","File":"Startup-Profile","Section":"Constants","Key":"x115","Value":0.0,"ValueType":"ONOFF","Type":"ONOFF","Description":"Commutateur pour les objets blancs sur le radar (sillages, matériaux, récupération, etc.) en vol standard (pas en super croisière)"},{"Category":"Objets radar","Title":"Radar - Cibles neutres","File":"Advanced","Section":"Constants","Key":"x245|y245|z245|w245","Value":-12490271.0,"ValueType":"Color","Type":"CustomColor","Description":"Carrés ORANGE dans les deux modes de vol ; Lignes d'objets orange et sous-verres en vol normal.\r\n* Alpha"},{"Category":"Objets radar","Title":"Radar - Cibles amies","File":"Advanced","Section":"Constants","Key":"x246|y246|z246|w246","Value":-12490271.0,"ValueType":"Color","Type":"CustomColor","Description":"Carrés, lignes et sous-verres VERTS dans les deux modes de vol.\r\n* Alpha"},{"Category":"Objets radar","Title":"Radar - Cibles hostiles","File":"Advanced","Section":"Constants","Key":"x247|y247|z247|w247","Value":-12490271.0,"ValueType":"Color","Type":"CustomColor","Description":"Carrés, lignes et sous-verres ROUGES dans les deux modes de vol.\r\n* Alpha"},{"Category":"Composants externes du radar","Title":"Mode couleur","File":"Startup-Profile","Section":"Constants","Key":"x136","Value":100.0,"ValueType":"Preset","Type":"AdvancedMode","Description":"Mode pour la barre de chaleur et la barre de vitesse"},{"Category":"Composants externes du radar","Title":"Couleur personnalisée","File":"Advanced","Section":"Constants","Key":"x221|y221|z221","Value":-12490271.0,"ValueType":"Color","Type":"CustomColor","Description":"Couleur personnalisée des composants du radar externe."},{"Category":"Composants externes du radar","Title":"Bar Booster","File":"Advanced","Section":"Constants","Key":"w221","Value":1.0,"ValueType":"Brightness","Type":"2X","Description":"Bar Booster (augmente la luminosité de l'arrière-plan des barres de vitesse et de chaleur principales)"},{"Category":"Composants externes du radar","Title":"Luminosité","File":"Advanced","Section":"Constants","Key":"w222","Value":1.0,"ValueType":"Brightness","Type":"2X","Description":"Luminosité globale (de tous les composants externes du radar)"},{"Category":"Barre de vitesse optimale","Title":"Couleur personnalisée","File":"Advanced","Section":"Constants","Key":"x222|y222|z222","Value":-12490271.0,"ValueType":"Color","Type":"CustomColor","Description":"Couleur de la barre de vitesse optimale (les valeurs sont relatives à la couleur principale ; peuvent être négatives pour réduire une couleur de la couleur principale)"},{"Category":"Objets radar","Title":"Objets radar - Atterrissage","File":"Startup-Profile","Section":"Constants","Key":"x139","Value":100.0,"ValueType":"Preset","Type":"AdvancedMode","Description":"Mode pour les objets radar lors de l'atterrissage, de la ligne et des montagnes russes"},{"Category":"Objets radar","Title":"Objets radar - Atterrissage","File":"Advanced","Section":"Constants","Key":"x253|y253|z253|w253","Value":-12490271.0,"ValueType":"Color","Type":"CustomColor","Description":"Couleur personnalisée pour le terrain Lors de l'atterrissage sur une planète."},{"Category":"Scanner SRV","Title":"Scanner SRV","File":"Startup-Profile","Section":"Constants","Key":"w210","Value":100.0,"ValueType":"Preset","Type":"AdvancedMode","Description":"Couleur du scanner SRV"},{"Category":"Scanner SRV","Title":"Scanner SRV - Couleur primaire","File":"Advanced","Section":"Constants","Key":"x210|y210|z210","Value":-12490271.0,"ValueType":"Color","Type":"CustomColor","Description":"Scanner SRV Couleur primaire, couleur de détection d'objet."},{"Category":"Scanner SRV","Title":"Scanner SRV - Couleur secondaire","File":"Advanced","Section":"Constants","Key":"x211|y211|z211","Value":-12490271.0,"ValueType":"Color","Type":"CustomColor","Description":"Scanner SRV Couleur secondaire, couleur de balayage du scanner."},{"Category":"Scanner SRV","Title":"Alpha global","File":"Advanced","Section":"Constants","Key":"w211","Value":1.0,"ValueType":"Brightness","Type":"2X","Description":"Scanner SRV - Alpha global"},{"Category":"Scanner SRV","Title":"Hologramme de terrain sur radar","File":"Advanced","Section":"Constants","Key":"x252|y252|z252|w252","Value":-12490271.0,"ValueType":"Color","Type":"CustomColor","Description":"Couleur personnalisée pour l'hologramme de terrain sur radar (en SRV)."},{"Category":"Scanner SRV","Title":"Élévation du scanner SRV","File":"Startup-Profile","Section":"Constants","Key":"z139","Value":100.0,"ValueType":"Preset","Type":"AdvancedMode","Description":"Mode pour les lignes diagonales d'élévation du radar SRV"},{"Category":"Scanner SRV","Title":"Élévation du scanner SRV","File":"Advanced","Section":"Constants","Key":"x50|y50|z50|w50","Value":-12490271.0,"ValueType":"Color","Type":"CustomColor","Description":"Couleur personnalisée pour les lignes diagonales d'élévation du radar SRV. *Alpha*"},{"Category":"Scanner SRV","Title":"Mode tourelle SRV","File":"Startup-Profile","Section":"Constants","Key":"w73","Value":100.0,"ValueType":"Preset","Type":"AdvancedMode","Description":"Tourelle SRV, petite image du SRV sur le radar, plus divers éléments"},{"Category":"Scanner SRV","Title":"Couleur de la tourelle SRV","File":"Advanced","Section":"Constants","Key":"x147|y147|z147|w147","Value":-12490271.0,"ValueType":"Color","Type":"CustomColor","Description":"Couleur personnalisée pour la tourelle SRV, petite image du SRV sur le radar, plus divers éléments. *Alpha*"},{"Category":"Scanner SRV","Title":"Luminosité","File":"Advanced","Section":"Constants","Key":"w70","Value":1.1,"ValueType":"Brightness","Type":"2X","Description":"Tourelle SRV, Amplification de la luminosité du distributeur.\r\nFDev applique un filtre d'atténuation des couleurs impaires à l'écran de la tourelle SRV.\r\nUtilisez cette valeur pour augmenter la couleur du distributeur (il ne sera pas exactement le même en tant que distributeur navire/SRV en raison du filtre)"},{"Category":"Boussole","Title":"Mode couleur","File":"Startup-Profile","Section":"Constants","Key":"w135","Value":100.0,"ValueType":"Preset","Type":"AdvancedMode","Description":"Couleur de la boussole"},{"Category":"Boussole","Title":"Couleur personnalisée","File":"Advanced","Section":"Constants","Key":"x219|y219|z219","Value":-12490271.0,"ValueType":"Color","Type":"CustomColor","Description":"Couleur personnalisée de la boussole."},{"Category":"Boussole","Title":"Luminosité","File":"Advanced","Section":"Constants","Key":"w219","Value":1.0,"ValueType":"Brightness","Type":"2X","Description":"Amplificateur d'arrière-plan de la boussole"},{"Category":"Boussole","Title":"Point de boussole","File":"Advanced","Section":"Constants","Key":"x220|y220|z220","Value":-12490271.0,"ValueType":"Color","Type":"CustomColor","Description":"Couleur personnalisée de point de boussole."},{"Category":"Boussole","Title":"Luminosité du point de la boussole","File":"Advanced","Section":"Constants","Key":"w220","Value":1.0,"ValueType":"Brightness","Type":"2X","Description":"Luminosité du point de la boussole\r\n(Remarque : cet élément se comporte un peu différemment des autres. La luminosité minimale recommandée est de 0,7)"},{"Category":"Station Mid-HUD et atterrissage/décollage de transporteur","Title":"Texte et barres Mid-HUD","File":"Startup-Profile","Section":"Constants","Key":"w138","Value":200.0,"ValueType":"Preset","Type":"AdvancedMode","Description":"Mode pour Station Mid-HUD et atterrissage/décollage de transporteur, plus Supercruise Drop, texte et barres"},{"Category":"Mid-HUD Station & Carrier Landing / Take-off","Title":"Mid-HUD Custom Color","File":"Advanced","Section":"Constants","Key":"x184|y184|z184|w184","Value":-12490271.0,"ValueType":"Color","Type":"CustomColor","Description":"Couleur personnalisée pour Mid-HUD Station & Carrier Landing / Take-off, plus Supercruise Drop, Text and Bars. (*ALPHA)"}]},{"Name":"Power_Distributor","Title":"Distributeur de puissance","Elements":[{"Category":"Distributeur d'alimentation","Title":"Mode","File":"Startup-Profile","Section":"Constants","Key":"y136","Value":101.0,"ValueType":"Preset","Type":"PowerDistributor","Description":"Mode de distribution d'alimentation"},{"Category":"Distributeur d'alimentation","Title":"Couleur du bloc supérieur","File":"Advanced","Section":"Constants","Key":"x223|y223|z223","Value":-12490271.0,"ValueType":"Color","Type":"CustomColor","Description":"Couleur personnalisée pour le bloc supérieur du distributeur tricolore ou Standard (couleur unique)"},{"Category":"Distributeur d'alimentation","Title":"Luminosité du bloc supérieur","File":"Advanced","Section":"Constants","Key":"w223","Value":1.0,"ValueType":"Brightness","Type":"2X","Description":"Luminosité du bloc supérieur du distributeur tricolore ou standard (couleur unique)"},{"Category":"Distributeur tricolore","Title":"Couleur du bloc intermédiaire","File":"Advanced","Section":"Constants","Key":"x224|y224|z224","Value":-12490271.0,"ValueType":"Color","Type":"CustomColor","Description":"Valeurs de couleur personnalisées pour le bloc intermédiaire du distributeur tricolore."},{"Category":"Distributeur tricolore","Title":"Luminosité du bloc central","File":"Advanced","Section":"Constants","Key":"w224","Value":1.0,"ValueType":"Brightness","Type":"2X","Description":"Luminosité (alpha) pour le bloc central"},{"Category":"Distributeur tricolore","Title":"Couleur du bloc inférieur","File":"Advanced","Section":"Constants","Key":"x225|y225|z225","Value":-12490271.0,"ValueType":"Color","Type":"CustomColor","Description":"Valeurs de couleur personnalisées pour le bloc inférieur du distributeur tricolore."},{"Category":"Distributeur tricolore","Title":"Luminosité du bloc inférieur","File":"Advanced","Section":"Constants","Key":"w225","Value":1.0,"ValueType":"Brightness","Type":"2X","Description":"Luminositépour bloc inférieur"},{"Category":"Distributeur de dégradés","Title":"Couleur 1","File":"Advanced","Section":"Constants","Key":"x47|y47|z47","Value":-12490271.0,"ValueType":"Color","Type":"CustomColor","Description":"Couleur personnalisée pour la couleur 1 : couleur supérieure du distributeur de dégradés."},{"Category":"Distributeur de dégradé","Title":"Dominance 1","File":"Advanced","Section":"Constants","Key":"w47","Value":1.0,"ValueType":"Brightness","Type":"4X","Description":"Dominance de la couleur 1 (les valeurs > 1,0 augmenteront la dominance, les valeurs < 1,0 diminueront la dominance)"},{"Category":"Distributeur de dégradés","Title":"Couleur 2","File":"Advanced","Section":"Constants","Key":"x46|y46|z46","Value":-12490271.0,"ValueType":"Color","Type":"CustomColor","Description":"Couleur personnalisée pour la couleur 2 : couleur inférieure du distributeur de dégradés."},{"Category":"Distributeur de dégradé","Title":"Luminosité","File":"Advanced","Section":"Constants","Key":"w46","Value":1.0,"ValueType":"Brightness","Type":"2X","Description":"Luminosité globale du distributeur de dégradé"},{"Category":"Distributeur de puissance - Pips","Title":"Mode Pips","File":"Startup-Profile","Section":"Constants","Key":"w134","Value":100.0,"ValueType":"Preset","Type":"AdvancedMode","Description":"Mode Pips du distributeur de puissance"},{"Category":"Distributeur d'alimentation - Pips","Title":"Couleur Pips","File":"Advanced","Section":"Constants","Key":"x214|y214|z214","Value":-12490271.0,"ValueType":"Color","Type":"CustomColor","Description":"Couleur personnalisée pour le distributeur d'alimentation Pipsr."},{"Category":"Distributeur d'alimentation - Pips","Title":"Luminosité","File":"Advanced","Section":"Constants","Key":"w214","Value":1.0,"ValueType":"Brightness","Type":"2X","Description":"Luminosité pour les pips du distributeur d'alimentation"},{"Category":"Distributeur d'alimentation - Pips","Title":"Amplificateur de pip non actif","File":"Advanced","Section":"Constants","Key":"z134","Value":1.0,"ValueType":"Brightness","Type":"2X","Description":"Luminosité pour les Pips inactifs."},{"Category":"Blocs de sélection","Title":"Mode","File":"Startup-Profile","Section":"Constants","Key":"z136","Value":100.0,"ValueType":"Preset","Type":"AdvancedMode","Description":"Mode Blocs de sélection du distributeur"},{"Category":"Blocs de sélection","Title":"Couleur personnalisée","File":"Advanced","Section":"Constants","Key":"x230|y230|z230","Value":-12490271.0,"ValueType":"Color","Type":"CustomColor","Description":"Couleur personnalisée pour les blocs de sélection du distributeur."},{"Category":"Blocs de sélection","Title":"Luminosité","File":"Advanced","Section":"Constants","Key":"w230","Value":1.0,"ValueType":"Brightness","Type":"2X","Description":"Luminosité des blocs de sélection du distributeur"},{"Category":"Barres RST (Reset)","Title":"Mode","File":"Startup-Profile","Section":"Constants","Key":"w133","Value":100.0,"ValueType":"Preset","Type":"AdvancedMode","Description":"Barres RST [..] sous distributeur"},{"Category":"Barres RST (Réinitialiser)","Title":"Couleur personnalisée","File":"Advanced","Section":"Constants","Key":"x227|y227|z227","Value":-12490271.0,"ValueType":"Color","Type":"CustomColor","Description":"Couleur personnalisée pour les barres RST sous le distributeur."},{"Category":"Barres RST (réinitialiser)","Title":"Luminosité","File":"Advanced","Section":"Constants","Key":"w227","Value":1.0,"ValueType":"Brightness","Type":"2X","Description":"Luminosité des barres RST"}]},{"Name":"FuelBars","Title":"Barres de signature et de carburant","Elements":[{"Category":"Barre de signature","Title":"Mode","File":"Startup-Profile","Section":"Constants","Key":"w106","Value":100.0,"ValueType":"Preset","Type":"AdvancedMode","Description":"Mode Barre de signature"},{"Category":"Barre de signature","Title":"Couleur primaire","File":"Advanced","Section":"Constants","Key":"x206|y206|z206","Value":-12490271.0,"ValueType":"Color","Type":"CustomColor","Description":"Couleur primaire, partie extérieure du signal"},{"Category":"Barre de signature","Title":"Couleur secondaire","File":"Advanced","Section":"Constants","Key":"x207|y207|z207","Value":-12490271.0,"ValueType":"Color","Type":"CustomColor","Description":"Couleur secondaire, milieu du signal (par rapport à la couleur primaire)"},{"Category":"Barre de signature","Title":"Alpha global","File":"Advanced","Section":"Constants","Key":"w207","Value":1.0,"ValueType":"Brightness","Type":"2X","Description":"Alpha global (transparence) pour la barre de signature"},{"Category":"Barre de carburant","Title":"Mode de barre de carburant","File":"Startup-Profile","Section":"Constants","Key":"y135","Value":100.0,"ValueType":"Preset","Type":"AdvancedMode","Description":"Mode de barre de carburant"},{"Category":"Barre de carburant","Title":"Couleur personnalisée","File":"Advanced","Section":"Constants","Key":"x216|y216|z216","Value":-12490271.0,"ValueType":"Color","Type":"CustomColor","Description":"Couleur personnalisée pour la barre de carburant"},{"Category":"Barre de carburant","Title":"Luminosité","File":"Advanced","Section":"Constants","Key":"w216","Value":1.0,"ValueType":"Brightness","Type":"2X","Description":"Luminosité de la barre de carburant"},{"Category":"Barre de carburant","Title":"Carburant pour le prochain saut","File":"Advanced","Section":"Constants","Key":"x94|y94|z94","Value":-12490271.0,"ValueType":"Color","Type":"CustomColor","Description":"(doit avoir un système programmé dans votre ordinateur Nav pour voir cet élément)"},{"Category":"Barre de carburant","Title":"Luminosité du saut suivant","File":"Advanced","Section":"Constants","Key":"w94","Value":1.0,"ValueType":"Brightness","Type":"2X","Description":"Luminosité pour le saut suivant, (ne peut pas rendre invisible, devient noir à 0,0)"},{"Category":"Barre de carburant","Title":"Mode écope de carburant","File":"Startup-Profile","Section":"Constants","Key":"x133","Value":200.0,"ValueType":"Preset","Type":"AdvancedMode","Description":"Mode pour le taux/quantité d'écopage, pas le niveau de chaleur"},{"Category":"Barre de carburant","Title":"Couleur de la prise de carburant","File":"Advanced","Section":"Constants","Key":"x145|y145|z145|w145","Value":-12490271.0,"ValueType":"Color","Type":"CustomColor","Description":"Couleur personnalisée pour la prise de carburant *Alpha"},{"Category":"Feux d'état","Title":"Mode","File":"Startup-Profile","Section":"Constants","Key":"z135","Value":100.0,"ValueType":"Preset","Type":"AdvancedMode","Description":"Mode pour les feux d'état (Mass Lock, Landing Gear, Cargo Scoop)."},{"Category":"Voyants d'état","Title":"Couleur éteinte","File":"Advanced","Section":"Constants","Key":"x217|y217|z217","Value":-12490271.0,"ValueType":"Color","Type":"CustomColor","Description":"Couleur personnalisée pour l'état de la lumière éteinte."},{"Category":"Voyants d'état","Title":"Couleur ON","File":"Advanced","Section":"Constants","Key":"x218|y218|z218","Value":-12490271.0,"ValueType":"Color","Type":"CustomColor","Description":"Couleur personnalisée pour l'état Light ON."}]},{"Name":"StationsPanels","Title":"Panneaux de navires et de stations","Elements":null}],"Presets":[{"Type":"AdvancedMode","Name":"Custom Color","Index":100.0},{"Type":"AdvancedMode","Name":"XML (User Defined)","Index":199.0},{"Type":"AdvancedMode","Name":"Elite Default","Index":200.0},{"Type":"ShortMode","Name":"Custom Color","Index":100.0},{"Type":"ShortMode","Name":"Elite Default","Index":200.0},{"Type":"TextModeShort","Name":"Use Custom Colour","Index":100.0},{"Type":"TextModeShort","Name":"Use Main Text on panel colour","Index":101.0},{"Type":"PlanetaryLandingMode","Name":"Same as Custom Main Text (orange text swap)","Index":101.0},{"Type":"PlanetaryLandingMode","Name":"Same as Custom Blue Text Colour Swap","Index":102.0},{"Type":"PlanetaryLandingMode","Name":"Same as Custom AHUD Text colour","Index":103.0},{"Type":"PlanetaryLandingMode","Name":"XML","Index":199.0},{"Type":"PlanetaryLandingMode","Name":"Elite Default","Index":200.0},{"Type":"AltitudeBarText","Name":"Same as Custom Main Text Color","Index":101.0},{"Type":"AltitudeBarText","Name":"Same as Latitude / Longitude Coordinates Text Colour","Index":102.0},{"Type":"TextBackgroundShadowsGlow","Name":"Black","Index":0.0},{"Type":"TextBackgroundShadowsGlow","Name":"Text colour Glow (default)","Index":1.0},{"Type":"GalaxyMapMode","Name":"Custom Color","Index":100.0},{"Type":"GalaxyMapMode","Name":"Grey","Index":101.0},{"Type":"GalaxyMapMode","Name":"XML (User Defined)","Index":199.0},{"Type":"GalaxyMapMode","Name":"Elite Default","Index":200.0},{"Type":"PowersMode","Name":"Custom Color","Index":100.0},{"Type":"PowersMode","Name":"Grey","Index":101.0},{"Type":"PowersMode","Name":"True powers colours","Index":102.0},{"Type":"PowersMode","Name":"XML (User Defined)","Index":199.0},{"Type":"PowersMode","Name":"Elite Default","Index":200.0},{"Type":"AmbientLights","Name":"Custom Single Color","Index":100.0},{"Type":"AmbientLights","Name":"Custom Bi-colour","Index":101.0},{"Type":"AmbientLights","Name":"XML (User Defined)","Index":199.0},{"Type":"AmbientLights","Name":"Elite default","Index":200.0},{"Type":"CabinLightingStyle","Name":"Restricted","Index":0.0},{"Type":"CabinLightingStyle","Name":"Full","Index":1.0},{"Type":"CabinLightingStyle","Name":"Complete","Index":2.0},{"Type":"CabinLightingStyle","Name":"Space Disco","Index":3.0},{"Type":"ShipPanelOpacity","Name":"Custom Color","Index":100.0},{"Type":"ShipPanelOpacity","Name":"Space Grey (dark)","Index":101.0},{"Type":"ShipPanelOpacity","Name":"XML (User Defined)","Index":199.0},{"Type":"ShipPanelOpacity","Name":"Elite Default","Index":200.0},{"Type":"AHUDText","Name":"Use Main Text Color","Index":100.0},{"Type":"AHUDText","Name":"Custom","Index":101.0},{"Type":"AHUDText","Name":"Elite Default","Index":200.0},{"Type":"ShieldColor","Name":"Custom Multi-Shield","Index":100.0},{"Type":"ShieldColor","Name":"Custom Single Color","Index":101.0},{"Type":"ShieldColor","Name":"XML (User Defined)","Index":199.0},{"Type":"ShieldColor","Name":"Elite default","Index":200.0},{"Type":"ShieldsDown","Name":"Red - Default Elite","Index":0.0},{"Type":"ShieldsDown","Name":"Black - Custom","Index":1.0},{"Type":"PowerDistributor","Name":"Custom Single Color","Index":100.0},{"Type":"PowerDistributor","Name":"Custom Gradient","Index":101.0},{"Type":"PowerDistributor","Name":"Custom Tri-colour","Index":102.0},{"Type":"PowerDistributor","Name":"XML (User Defined)","Index":199.0},{"Type":"PowerDistributor","Name":"Elite default","Index":200.0},{"Type":"CausticEffect","Name":"Original Elite yellow/green colour","Index":0.0},{"Type":"CausticEffect","Name":"Custom Color","Index":1.0},{"Type":"RankIcon","Name":"Use Main Text Color","Index":100.0},{"Type":"RankIcon","Name":"Neutral target holo colour","Index":101.0},{"Type":"RankIcon","Name":"XML (User Defined)","Index":199.0},{"Type":"RankIcon","Name":"Elite Default","Index":200.0},{"Type":"SC_SideLines","Name":"Off","Index":0.0},{"Type":"SC_SideLines","Name":"Custom Color","Index":100.0},{"Type":"SC_SideLines","Name":"XML (User Defined)","Index":199.0},{"Type":"SC_SideLines","Name":"Elite Default","Index":200.0}],"xml_profile":[{"key":"x150","value":1.0},{"key":"y150","value":0.0},{"key":"z150","value":0.0},{"key":"x151","value":0.0},{"key":"y151","value":1.0},{"key":"z151","value":0.0},{"key":"x152","value":0.0},{"key":"y152","value":0.0},{"key":"z152","value":1.0}]}