[

  {
    "Type": "AdvancedMode",
    "Name": "Custom Color",
    "Index": 100
  },
  {
    "Type": "AdvancedMode",
    "Name": "XML (User Defined)",
    "Index": 199
  },
  {
    "Type": "AdvancedMode",
    "Name": "Elite Default",
    "Index": 200
  },

  {
    "Type": "ShortMode",
    "Name": "Custom Color",
    "Index": 100
  },
  {
    "Type": "ShortMode",
    "Name": "Elite Default",
    "Index": 200
  },

  {
    "Type": "AHUDText",
    "Name": "Use Main Text Color",
    "Index": 100
  },
  {
    "Type": "AHUDText",
    "Name": "Custom",
    "Index": 101
  },
  {
    "Type": "AHUDText",
    "Name": "Elite Default",
    "Index": 200
  },

  {
    "Type": "ShieldBlocks",
    "Name": "Custom Color",
    "Index": 100
  },
  {
    "Type": "ShieldBlocks",
    "Name": "Custom Shaded",
    "Index": 101
  },
  {
    "Type": "ShieldBlocks",
    "Name": "XML (User Defined)",
    "Index": 199
  },
  {
    "Type": "ShieldBlocks",
    "Name": "Elite Default",
    "Index": 200
  },

  {
    "Type": "ShieldColor",
    "Name": "Custom Multi-Shield",
    "Index": 100
  },
  {
    "Type": "ShieldColor",
    "Name": "Custom Single Color",
    "Index": 101
  },
  {
    "Type": "ShieldColor",
    "Name": "XML (User Defined)",
    "Index": 199
  },
  {
    "Type": "ShieldColor",
    "Name": "Elite default",
    "Index": 200
  },

  {
    "Type": "PowerDistributor",
    "Name": "Custom Single Color",
    "Index": 100
  },
  {
    "Type": "PowerDistributor",
    "Name": "Custom Gradient",
    "Index": 101
  },
  {
    "Type": "PowerDistributor",
    "Name": "Custom Tri-colour",
    "Index": 102
  },
  {
    "Type": "PowerDistributor",
    "Name": "XML (User Defined)",
    "Index": 199
  },
  {
    "Type": "PowerDistributor",
    "Name": "Elite default",
    "Index": 200
  },


  {
    "Type": "AmbientLights",
    "Name": "Custom Single Color",
    "Index": 100
  },
  {
    "Type": "AmbientLights",
    "Name": "Custom Bi-colour",
    "Index": 101
  },
  {
    "Type": "AmbientLights",
    "Name": "XML (User Defined)",
    "Index": 199
  },
  {
    "Type": "AmbientLights",
    "Name": "Elite default",
    "Index": 200
  },

  {
    "Type": "CabinLightingStyle",
    "Name": "Full",
    "Index": 1
  },
  {
    "Type": "CabinLightingStyle",
    "Name": "Restricted",
    "Index": 0
  },


  {
    "Type": "ShipPanelOpacity",
    "Name": "Custom Color",
    "Index": 100
  },
  {
    "Type": "ShipPanelOpacity",
    "Name": "Space Grey (dark)",
    "Index": 101
  },
  {
    "Type": "ShipPanelOpacity",
    "Name": "XML (User Defined)",
    "Index": 199
  },
  {
    "Type": "ShipPanelOpacity",
    "Name": "Elite Default",
    "Index": 200
  },

  {
    "Type": "NavPanel",
    "Name": "Custom Color",
    "Index": 100
  },
  {
    "Type": "NavPanel",
    "Name": "Elite Default",
    "Index": 200
  },

  {
    "Type": "SpeedBarGlitchFix",
    "Name": "Manual Mode 1: Adjustment in Advanced.ini (brightness of the fix)",
    "Index": 100
  },
  {
    "Type": "SpeedBarGlitchFix",
    "Name": "Manual Mode 2: Adjustment in Advanced.ini (brightness and RGB of the fix)",
    "Index": 101
  },

  {
    "Type": "ShieldsDown",
    "Name": "Red - Default Elite",
    "Index": 0
  },
  {
    "Type": "ShieldsDown",
    "Name": "Black - Custom",
    "Index": 1
  }

]