{"language":"it","game":"ED_Odissey","version":"10.1","name":null,"author":"Blue Mystic","ui_groups":[{"Name":"Panel_UP","Title":"Pannello (superiore)","Elements":[{"Category":"Pannello della chat","Title":"Linee del pannello della chat","File":"Startup-Profile","Section":"Constants","Key":"x137","Value":100.0,"ValueType":"Preset","Type":"AdvancedMode","Description":"Modalità per le linee del pannello della chat (in alto a sinistra)\r\nNota: i colori appariranno leggermente diversi dalle linee del pannello delle informazioni perché i colori Elite originali sono diversi."},{"Category":"Pannello della chat","Title":"Colore personalizzato","File":"Advanced","Section":"Constants","Key":"x232|y232|z232|w232","Value":-12490271.0,"ValueType":"Color","Type":"CustomColor","Description":"Colore personalizzato per le linee del pannello della chat. (*Alfa)"},{"Category":"Pannello della chat","Title":"Icone del pannello della chat","File":"Startup-Profile","Section":"Constants","Key":"y137","Value":100.0,"ValueType":"Preset","Type":"AdvancedMode","Description":"Modalità per le icone del pannello della chat."},{"Category":"Pannello della chat","Title":"Colore personalizzato","File":"Advanced","Section":"Constants","Key":"x233|y233|z233|w233","Value":-12490271.0,"ValueType":"Color","Type":"CustomColor","Description":"Colore personalizzato per le icone del pannello della chat. (*Alfa)"},{"Category":"Pannello informazioni","Title":"Righe pannello informazioni","File":"Startup-Profile","Section":"Constants","Key":"w206","Value":100.0,"ValueType":"Preset","Type":"AdvancedMode","Description":"Modalità per linee pannello informazioni (lato in alto a destra)"},{"Category":"Pannello informazioni","Title":"Linee pannello informazioni","File":"Advanced","Section":"Constants","Key":"x208|y208|z208|w208","Value":-12490271.0,"ValueType":"Color","Type":"CustomColor","Description":"Colore personalizzato per le linee pannello informazioni. (*Alfa)"},{"Category":"Pannello informazioni","Title":"Nome nave","File":"Startup-Profile","Section":"Constants","Key":"z137","Value":100.0,"ValueType":"Preset","Type":"AdvancedMode","Description":"Colore del testo per il nome della nave."},{"Category":"Pannello informazioni","Title":"Nome nave","File":"Advanced","Section":"Constants","Key":"x235|y235|z235","Value":-12490271.0,"ValueType":"Color","Type":"CustomColor","Description":"Colore personalizzato per il nome della nave."},{"Category":"Pannello informazioni","Title":"Luminosità nome nave","File":"Advanced","Section":"Constants","Key":"w235","Value":1.0,"ValueType":"Brightness","Type":"2X","Description":"Luminosità nome nave"},{"Category":"Pannello informazioni","Title":"Bagliore di sfondo del nome della nave","File":"Advanced","Section":"Constants","Key":"x183|y183|z183","Value":-12490271.0,"ValueType":"Color","Type":"CustomColor","Description":"Colore personalizzato per il bagliore di sfondo del nome della nave"},{"Category":"Pannello informazioni","Title":"Bagliore sfondo nome nave","File":"Advanced","Section":"Constants","Key":"w183","Value":1.0,"ValueType":"Brightness","Type":"2X","Description":"Bagliore sfondo nome nave"}]},{"Name":"Reticle","Title":"Reticolo di puntamento","Elements":[{"Category":"Reticolo di puntamento","Title":"Reticolo di puntamento","File":"Startup-Profile","Section":"Constants","Key":"y141","Value":100.0,"ValueType":"Preset","Type":"AdvancedMode","Description":"Modalità per il reticolo di puntamento"},{"Category":"Reticolo di puntamento","Title":"Icona del grado","File":"Startup-Profile","Section":"Constants","Key":"w141","Value":100.0,"ValueType":"Preset","Type":"RankIcon","Description":"Icona del grado che appare accanto alla nave presa di mira (neutrale/solo arancione)"},{"Category":"Reticolo di puntamento - Componenti","Title":"Tri-bar grandi","File":"Advanced","Section":"Constants","Key":"x56|y56|z56|w56","Value":-12490271.0,"ValueType":"Color","Type":"CustomColor","Description":"Colore personalizzato per Tri-bar grandi (una verticale in alto, due diagonali in basso). (*Alfa)"},{"Category":"Reticolo di puntamento - Componenti","Title":"Barre tridimensionali piccole","File":"Advanced","Section":"Constants","Key":"x57|y57|z57|w57","Value":-12490271.0,"ValueType":"Color","Type":"CustomColor","Description":"Colore personalizzato per barre tridimensionali piccole. (*Alfa)"},{"Category":"Reticolo di puntamento - Componenti","Title":"Cerchio grande","File":"Advanced","Section":"Constants","Key":"x58|y58|z58|w58","Value":-12490271.0,"ValueType":"Color","Type":"CustomColor","Description":"Colore personalizzato per cerchio grande. (*Alfa)"},{"Category":"Reticolo di puntamento - Componenti","Title":"Cerchio principale","File":"Advanced","Section":"Constants","Key":"x59|y59|z59|w59","Value":-12490271.0,"ValueType":"Color","Type":"CustomColor","Description":"Colore personalizzato per il cerchio principale. (*Alfa)"},{"Category":"Reticolo di puntamento - Componenti","Title":"Punti delle armi","File":"Advanced","Section":"Constants","Key":"x60|y60|z60|w60","Value":-12490271.0,"ValueType":"Color","Type":"CustomColor","Description":"Colore personalizzato per i punti delle armi. (*Alfa)"},{"Category":"Reticolo di puntamento - Componenti","Title":"Punto del mouse","File":"Advanced","Section":"Constants","Key":"x61|y61|z61|w61","Value":-12490271.0,"ValueType":"Color","Type":"CustomColor","Description":"Colore personalizzato per il punto del mouse. (*Alfa)"},{"Category":"Reticolo di puntamento - Componenti","Title":"Blocco del missile","File":"Advanced","Section":"Constants","Key":"x62|y62|z62|w62","Value":-12490271.0,"ValueType":"Color","Type":"CustomColor","Description":"Colore personalizzato per il blocco del missile (anche decolla dall'animazione del pianeta) *Alfa"},{"Category":"Obiettivi ambientali e di destinazione","Title":"Modalità","File":"Startup-Profile","Section":"Constants","Key":"z141","Value":100.0,"ValueType":"Preset","Type":"AdvancedMode","Description":"Modalità obiettivi ambientali e di destinazione (e blocco missilistico)."},{"Category":"Obiettivi ambientali e di destinazione","Title":"Possibile destinazione della nave","File":"Advanced","Section":"Constants","Key":"x64|y64|z64|w64","Value":-12490271.0,"ValueType":"Color","Type":"CustomColor","Description":"Colore personalizzato per la possibile destinazione della nave (non selezionato). (*Alfa)"},{"Category":"Obiettivi ambientali e di destinazione","Title":"Possibile destinazione destinazione","File":"Advanced","Section":"Constants","Key":"x65|y65|z65|w65","Value":-12490271.0,"ValueType":"Color","Type":"CustomColor","Description":"Colore personalizzato per Possibile destinazione destinazione e relativa freccia del mouse. (*Alfa)"},{"Category":"Obiettivi ambientali e di destinazione","Title":"Possibile cerchio target Supercruise","File":"Advanced","Section":"Constants","Key":"x66|y66|z66|w66","Value":-12490271.0,"ValueType":"Color","Type":"CustomColor","Description":"Colore personalizzato per Possibile cerchio target Supercruise. (*Alfa)"},{"Category":"Obiettivi ambientali e di destinazione","Title":"Cerchio target di destinazione","File":"Advanced","Section":"Constants","Key":"x67|y67|z67|w67","Value":-12490271.0,"ValueType":"Color","Type":"CustomColor","Description":"Colore personalizzato per cerchio target di destinazione. (*Alfa)"},{"Category":"Obiettivi ambientali e di destinazione","Title":"Luminosità del testo","File":"Advanced","Section":"Constants","Key":"w68","Value":0.4,"ValueType":"Brightness","Type":"2X","Description":"Obiettivo della destinazione Luminosità del testo (il testo a destra del cerchio)"},{"Category":"Obiettivi ambientali e di destinazione","Title":"Modalità rombo grigio","File":"Startup-Profile","Section":"Constants","Key":"x107","Value":100.0,"ValueType":"Preset","Type":"AdvancedMode","Description":"Modalità per rombo grigio (obiettivo potenziale non biologico nell'ambiente)"},{"Category":"Obiettivi ambientali e di destinazione","Title":"Colore rombo grigio","File":"Advanced","Section":"Constants","Key":"x171|y171|z171","Value":-12490271.0,"ValueType":"Color","Type":"CustomColor","Description":"Colore personalizzato per rombo grigio (potenziale target non biologico nell'ambiente)."},{"Category":"Obiettivi ambientali e di destinazione","Title":"Luminosità del rombo","File":"Advanced","Section":"Constants","Key":"w171","Value":1.0,"ValueType":"Brightness","Type":"2X","Description":"Luminosità per il rombo grigio (potenziale target non biologico nell'ambiente)."},{"Category":"Obiettivi ambientali e di destinazione","Title":"Incremento rombo grigio","File":"Advanced","Section":"Constants","Key":"y107","Value":1.0,"ValueType":"ONOFF","Type":"ONOFF","Description":"Incremento opacità in SRV\r\nÈ stato aggiunto un booster per SRV poiché il rombo grigio su una superficie planetaria è molto debole."},{"Category":"Nave Planetary Landing","Title":"Modalità testo","File":"Startup-Profile","Section":"Constants","Key":"w229","Value":200.0,"ValueType":"Preset","Type":"PlanetaryLandingMode","Description":"Modalità per testo sbarcato (solitamente blu)"},{"Category":"Nave Planetary Landing","Title":"Luminosità del testo","File":"Advanced","Section":"Constants","Key":"w107","Value":0.4,"ValueType":"Brightness","Type":"2X","Description":"In default Elite, il testo blu \"Ship Secured\" all'atterraggio viene cancellato.\r\nQui puoi ridurre la luminosità di questo testo (consigliato da 0,4 a 0,6)"}]},{"Name":"Settings","Title":"Impostazioni HUD","Elements":[{"Category":"Testo principale","Title":"Modalità testo","File":"Startup-Profile","Section":"Constants","Key":"w75","Value":100.0,"ValueType":"Preset","Type":"AdvancedMode","Description":"Scambio colore testo arancione (la maggior parte del testo)."},{"Category":"Testo principale","Title":"Colore del testo","File":"Advanced","Section":"Constants","Key":"x77|y77|z77|w77","Value":-12490271.0,"ValueType":"Color","Type":"CustomColour","Description":"Colore personalizzato per il testo globale. *Alfa*"},{"Category":"Testo principale","Title":"Modalità testo evidenziato","File":"Startup-Profile","Section":"Constants","Key":"z87","Value":200.0,"ValueType":"Preset","Type":"ShortMode","Description":"Modalità per testo evidenziato in tutti i pannelli."},{"Category":"Testo principale","Title":"Colore testo evidenziato","File":"Advanced","Section":"Constants","Key":"x143|y143|z143|w143","Value":-12490271.0,"ValueType":"Color","Type":"CustomColour","Description":"Colore personalizzato per testo evidenziato in tutti i pannelli. *Alfa*"},{"Category":"Testi secondari","Title":"Modalità testo","File":"Startup-Profile","Section":"Constants","Key":"y78","Value":200.0,"ValueType":"Preset","Type":"AdvancedMode","Description":"Scambio colore testo blu (intorno all'AHUD e al testo della missione, tra gli altri)."},{"Category":"Testi secondari","Title":"Colore testo","File":"Advanced","Section":"Constants","Key":"x82|y82|z82|w82","Value":-12490271.0,"ValueType":"Color","Type":"CustomColour","Description":"Colore personalizzato per testi secondari. *Alfa*"},{"Category":"Testi terziari","Title":"Modalità testo","File":"Startup-Profile","Section":"Constants","Key":"z78","Value":200.0,"ValueType":"Preset","Type":"AdvancedMode","Description":"Scambio colore testo giallo (evidenziazione del proprio portante, testo del reticolo di atterraggio, tra gli altri)."},{"Category":"Testi terziari","Title":"Colore testo","File":"Advanced","Section":"Constants","Key":"x80|y80|z80|w80","Value":-12490271.0,"ValueType":"Color","Type":"CustomColour","Description":"Colore personalizzato per testi terziari. *Alfa*"},{"Category":"Mappa Galaxy","Title":"Modalità icona","File":"Startup-Profile","Section":"Constants","Key":"y84","Value":199.0,"ValueType":"Preset","Type":"AdvancedMode","Description":"Colore icona GalMap (esclusa ingegneria) e colore della linea di viaggio."},{"Category":"Mappa Galaxy","Title":"Colore icona","File":"Advanced","Section":"Constants","Key":"x85|y85|z85|w85","Value":-12490271.0,"ValueType":"Color","Type":"CustomColor","Description":"Colore personalizzato per il colore icona GalMap. *Alfa*"},{"Category":"Mappa della galassia","Title":"Modalità icona ingegneria","File":"Startup-Profile","Section":"Constants","Key":"z84","Value":100.0,"ValueType":"Preset","Type":"AdvancedMode","Description":"Modalità icona ingegneria GalMap"},{"Category":"Mappa della galassia","Title":"Colore dell'icona di ingegneria","File":"Advanced","Section":"Constants","Key":"x86|y86|z86|w86","Value":-12490271.0,"ValueType":"Color","Type":"CustomColor","Description":"Colore personalizzato per il colore dell'icona di ingegneria di GalMap. *Alfa*"},{"Category":"Mappa Galaxy","Title":"Linee di connessione del sistema","File":"Startup-Profile","Section":"Constants","Key":"y89","Value":100.0,"ValueType":"Preset","Type":"GalaxyMapMode","Description":"Modalità per le linee di connessione del sistema.\r\nNota: puoi disattivarle nelle opzioni di visualizzazione di GalMap (in-game) - Riga di icone in basso a sinistra."},{"Category":"Mappa Galaxy","Title":"Linee di connettori di sistema","File":"Advanced","Section":"Constants","Key":"x179|y179|z179|w179","Value":-12490271.0,"ValueType":"Color","Type":"CustomColor","Description":"Colore personalizzato per le linee di connettori di sistema. *Alfa*"},{"Category":"Galaxy Map","Title":"System Hats","File":"Startup-Profile","Section":"Constants","Key":"w97","Value":1.0,"ValueType":"ONOFF","Type":"ONOFF","Description":"Toogle per GalMap System Hats (semicerchi sopra le immagini delle stelle)."},{"Category":"Poteri e GalNet","Title":"Modalità colore di sfondo","File":"Startup-Profile","Section":"Constants","Key":"x99","Value":100.0,"ValueType":"Preset","Type":"GalaxyMapMode","Description":"Modalità per poteri e colore di sfondo GalNet."},{"Category":"Powers e GalNet","Title":"Colore filtro immagine Galnet","File":"Startup-Profile","Section":"Constants","Key":"w104","Value":100.0,"ValueType":"Preset","Type":"GalaxyMapMode","Description":"Modalità per colore filtro immagine Galnet."},{"Category":"Powers e GalNet","Title":"Colore personalizzato","File":"Advanced","Section":"Constants","Key":"x180|y180|z180|w180","Value":-12490271.0,"ValueType":"Color","Type":"CustomColor","Description":"Colore personalizzato per Powers e colore di sfondo GalNet. *Alfa*"},{"Category":"Poteri e GalNet","Title":"Colore filtro Codex","File":"Startup-Profile","Section":"Constants","Key":"w81","Value":100.0,"ValueType":"Preset","Type":"GalaxyMapMode","Description":"Modo per filtro Codex (anche Missioni Passeggeri) Colore."},{"Category":"Powers e GalNet","Title":"Colore personalizzato","File":"Advanced","Section":"Constants","Key":"x181|y181|z181|w181","Value":-12490271.0,"ValueType":"Color","Type":"CustomColor","Description":"Colore personalizzato fo Codex, Galnet e Powers filter Custom Colour. *Alfa*"},{"Category":"Powers e GalNet","Title":"Ritratto del pannello dei poteri","File":"Startup-Profile","Section":"Constants","Key":"y99","Value":100.0,"ValueType":"Preset","Type":"PowersMode","Description":"Modo per il filtro verticale del pannello dei poteri e filtro dell'immagine di Galnet.\r\nNota: quando si cambia modalità è necessario spostare il cursore sullo schermo (in-game) per aggiornare.\r\nNota: se 'True powers colors' è selezionato per il filtro Powers Panel, il filtro Galnet utilizzerà il colore personalizzato."},{"Category":"Avvertenze - Eccesso di velocità","Title":"Modalità colore","File":"Startup-Profile","Section":"Constants","Key":"y104","Value":100.0,"ValueType":"Preset","Type":"AdvancedMode","Description":"Modalità per avviso di eccesso di velocità (solo linee)"},{"Category":"Avvertenze - Eccesso di velocità","Title":"Colore personalizzato","File":"Advanced","Section":"Constants","Key":"x172|y172|z172","Value":-12490271.0,"ValueType":"Color","Type":"CustomColor","Description":"Colore personalizzato per avviso di eccesso di velocità (solo linee)"},{"Category":"Avvertenze - Eccesso di velocità","Title":"Luminosità","File":"Advanced","Section":"Constants","Key":"w172","Value":1.1,"ValueType":"Brightness","Type":"2X","Description":"Luminosità per eccesso di velocità Avviso (solo linee)."},{"Category":"Avvertenze - Rilascio remoto Flac","Title":"Modalità colore","File":"Startup-Profile","Section":"Constants","Key":"w174","Value":100.0,"ValueType":"Preset","Type":"AdvancedMode","Description":"Modalità per rilascio remoto Flac/Flechette Launcher"},{"Category":"Avvertenze - Flac a rilascio remoto","Title":"Colore personalizzato","File":"Advanced","Section":"Constants","Key":"x173|y173|z173","Value":-12490271.0,"ValueType":"Color","Type":"CustomColor","Description":"Colore personalizzato per Flac/Flechette Launcher a rilascio remoto.\r\nNota: al momento non è possibile modificare il segnale di trigger rosso.\r\nI controlli della luminosità non sono disponibili poiché causano un problema tecnico tra i Elementi esterni e di prossimità; Per ridurre la luminosità, riduci semplicemente i valori RGB della stessa percentuale"},{"Category":"Avvertenze - Flac a rilascio remoto","Title":"Colore di prossimità al bersaglio","File":"Advanced","Section":"Constants","Key":"x174|y174|z174","Value":-12490271.0,"ValueType":"Color","Type":"CustomColor","Description":"Colore personalizzato per Flac a rilascio remoto/Flechette Launcher.\r\nNota: il segnale di trigger rosso non può essere modificato in questo momento.\r\nI controlli della luminosità non sono disponibili poiché causano un problema tecnico tra gli elementi Esterno e Prossimità; Per ridurre la luminosità, riduci semplicemente i valori RGB della stessa percentuale"},{"Category":"Avvertenze - SuperCruice","Title":"Barra di ricarica FSD","File":"Startup-Profile","Section":"Constants","Key":"y133","Value":100.0,"ValueType":"Preset","Type":"AdvancedMode","Description":"Modalità per barra di ricarica FSD."},{"Category":"Avvertenze - SuperCruice","Title":"Barra di ricarica FSD","File":"Advanced","Section":"Constants","Key":"x182|y182|z182|w182","Value":-12490271.0,"ValueType":"Color","Type":"CustomColor","Description":"Colore personalizzato per barra di ricarica FSD (*Alpha)."},{"Category":"Protezione del colore","Title":"Protezione giallo brillante","File":"Startup-Profile","Section":"Constants","Key":"z3","Value":1.0,"ValueType":"ONOFF","Type":"ONOFF","Description":"La mod protegge alcuni colori Elite predefiniti per aggiungere varietà al pannello e agli schermi interattivi (altrimenti diventano tutti colorati con il tuo XML) Puoi sovrascrivere la protezione del colore di seguito.\r\nNota: questa versione di EDHM è stato progettato con la protezione del colore, quindi si consiglia di lasciare questa impostazione ATTIVA (o eventualmente rimuovere i gialli luminosi).\r\nQuesta è una nuova funzionalità sperimentale e, se si notano problemi, fatemelo sapere Alcune icone non sono protette dal colore , semplicemente non sono modificati."},{"Category":"Protezione del colore","Title":"Protezione gialla generale","File":"Startup-Profile","Section":"Constants","Key":"y4","Value":1.0,"ValueType":"ONOFF","Type":"ONOFF","Description":"La mod protegge alcuni colori Elite predefiniti per aggiungere varietà al pannello e agli schermi interattivi (altrimenti diventano tutti colorati con il tuo XML) Puoi sovrascrivere la protezione del colore di seguito.\r\nNota: questa versione di EDHM è stato progettato con la protezione del colore, quindi si consiglia di lasciare questa impostazione ATTIVA (o eventualmente rimuovere i gialli luminosi).\r\nQuesta è una nuova funzionalità sperimentale e, se si notano problemi, fatemelo sapere Alcune icone non sono protette dal colore , semplicemente non sono modificati."},{"Category":"Protezione del colore","Title":"Protezione del bianco","File":"Startup-Profile","Section":"Constants","Key":"z4","Value":1.0,"ValueType":"ONOFF","Type":"ONOFF","Description":"La mod protegge alcuni colori Elite predefiniti per aggiungere varietà al pannello e agli schermi interattivi (altrimenti diventano tutti colorati con il tuo XML) Puoi sovrascrivere la protezione del colore di seguito.\r\nNota: questa versione di EDHM era progettato con protezione del colore, quindi ti consigliamo di lasciare questa impostazione ATTIVA (o eventualmente rimuovere i gialli luminosi).\r\nQuesta è una nuova funzionalità sperimentale e, se riscontri problemi, faccelo sapere Alcune icone non sono protette dal colore, semplicemente non sono modificati."},{"Category":"Protezione colore","Title":"Protezione verde","File":"Startup-Profile","Section":"Constants","Key":"w4","Value":1.0,"ValueType":"ONOFF","Type":"ONOFF","Description":"La mod protegge alcuni colori Elite predefiniti per aggiungere varietà al pannello e agli schermi interattivi (altrimenti diventano tutti colorati con il tuo XML) Puoi sovrascrivere la protezione del colore di seguito.\r\nNota: questa versione di EDHM era progettato con protezione del colore, quindi ti consigliamo di lasciare questa impostazione ATTIVA (o eventualmente rimuovere i gialli luminosi).\r\nQuesta è una nuova funzionalità sperimentale e, se riscontri problemi, faccelo sapere Alcune icone non sono protette dal colore, semplicemente non sono modificati."},{"Category":"Protezione del colore","Title":"Protezione del rosso","File":"Startup-Profile","Section":"Constants","Key":"x5","Value":1.0,"ValueType":"ONOFF","Type":"ONOFF","Description":"La mod protegge alcuni colori Elite predefiniti per aggiungere varietà al pannello e agli schermi interattivi (altrimenti diventano tutti colorati con il tuo XML) Puoi sovrascrivere la protezione del colore di seguito.\r\nNota: questa versione di EDHM era progettato con protezione del colore, quindi ti consigliamo di lasciare questa impostazione ATTIVA (o eventualmente rimuovere i gialli luminosi).\r\nQuesta è una nuova funzionalità sperimentale e, se riscontri problemi, faccelo sapere Alcune icone non sono protette dal colore, semplicemente non sono modificati."},{"Category":"Protezione del colore","Title":"Protezione ciano/blu","File":"Startup-Profile","Section":"Constants","Key":"y5","Value":1.0,"ValueType":"ONOFF","Type":"ONOFF","Description":"La mod protegge alcuni colori Elite predefiniti per aggiungere varietà al pannello e agli schermi interattivi (altrimenti diventano tutti colorati con il tuo XML) Puoi sovrascrivere la protezione del colore di seguito.\r\nNota: questa versione di EDHM è stato progettato con la protezione del colore, quindi ti consigliamo di lasciare questa impostazione ATTIVA (o eventualmente rimuovere i gialli luminosi).\r\nQuesta è una nuova funzionalità sperimentale e, se noti dei difetti, faccelo sapere Alcune icone non sono colorate protetti, semplicemente non sono modificati."},{"Category":"Protezione del colore","Title":"Protezione icona Superpoteri/Poteri","File":"Startup-Profile","Section":"Constants","Key":"z5","Value":1.0,"ValueType":"ONOFF","Type":"ONOFF","Description":"La mod protegge alcuni colori Elite predefiniti per aggiungere varietà al pannello e agli schermi interattivi (altrimenti diventano tutti colorati con il tuo XML) Puoi sovrascrivere la protezione del colore di seguito.\r\nNota: questa versione di EDHM è stato progettato con la protezione del colore, quindi si consiglia di lasciare questa impostazione ATTIVA (o possibilmente rimuovere i gialli luminosi).\r\nQuesta è una nuova funzionalità sperimentale e, se noti qualche problema, fammi sapere che alcune icone non lo sono protetti dal colore, semplicemente non sono modificati."}]},{"Name":"Panel_Lower","Title":"Pannelli di navi","Elements":[{"Category":"Pannello Inferiore","Title":"Linee Pannello (inferiore)","File":"Startup-Profile","Section":"Constants","Key":"z104","Value":100.0,"ValueType":"Preset","Type":"AdvancedMode","Description":"valore per il tuo colore preferito Linee Pannello Inferiore."},{"Category":"Pannello inferiore","Title":"Righe pannello inferiore","File":"Advanced","Section":"Constants","Key":"x204|y204|z204|w204","Value":-12490271.0,"ValueType":"Color","Type":"CustomColor","Description":"(*Alpha) ** (se il tuo colore personalizzato è vicino all'arancione, aggiungi un po' di blu (ad es. 0.1) per evitare un problema tecnico nel pannello di targeting. Il pannello di targeting utilizza una tecnica di scambio colore che cerca blu = 0)."},{"Category":"Pannello Targeting","Title":"Modalità","File":"Startup-Profile","Section":"Constants","Key":"x140","Value":100.0,"ValueType":"Preset","Type":"AdvancedMode","Description":"Velocità/Distanza/Allineamento in Supercruise. Escluse le linee del pannello inferiore e il colore del testo.\r\nSe il colore scelto per gli elementi Velocità/Distanza Supercruise è vicino all'arancione (rosso alto, verde medio), aggiungi 0,1 blu per evitare problemi"},{"Category":"Pannello di mira","Title":"Corretto allineamento del bersaglio (blocchi)","File":"Advanced","Section":"Constants","Key":"x51|y51|z51","Value":-12490271.0,"ValueType":"Color","Type":"CustomColor","Description":"Colore personalizzato per l'allineamento del bersaglio (corretto) blocchi, barra e spia (sezioni blu nell'Elite originale)."},{"Category":"Pannello Targeting","Title":"Luminosità","File":"Advanced","Section":"Constants","Key":"w51","Value":1.0,"ValueType":"Brightness","Type":"2X","Description":"Luminosità per l'allineamento del target (corretto)"},{"Category":"Pannello Targeting","Title":"Modalità Linee Divisorie","File":"Startup-Profile","Section":"Constants","Key":"x78","Value":100.0,"ValueType":"Preset","Type":"AdvancedMode","Description":"Linee Divisorie nel Pannello Targeting in Supercruise"},{"Category":"Pannello Targeting","Title":"Colore linee divisorie","File":"Advanced","Section":"Constants","Key":"x79|y79|z79","Value":-12490271.0,"ValueType":"Color","Type":"CustomColor","Description":"Colore personalizzato per linee divisorie sul pannello Targeting in Supercruise"},{"Category":"Pannello Targeting","Title":"Luminosità linee divisorie","File":"Advanced","Section":"Constants","Key":"w79","Value":1.0,"ValueType":"Brightness","Type":"2X","Description":"Luminosità per icone nel pannello Nav e nel pannello Targeting"},{"Category":"Pannello Targeting","Title":"Allineamento target errato (Blocchi)","File":"Advanced","Section":"Constants","Key":"x52|y52|z52","Value":-12490271.0,"ValueType":"Color","Type":"CustomColor","Description":"Colore personalizzato per blocchi di allineamento target (errato/non allineato) e spia luminosa(sezioni arancioni nell'Elite originale)."},{"Category":"Pannello Targeting","Title":"Luminosità","File":"Advanced","Section":"Constants","Key":"w52","Value":1.0,"ValueType":"Brightness","Type":"2X","Description":"Luminosità per l'allineamento del target (non corretto)"},{"Category":"Pannello Targeting","Title":"Allineamento target (barra) errato","File":"Advanced","Section":"Constants","Key":"x53|y53|z53","Value":-12490271.0,"ValueType":"Color","Type":"CustomColor","Description":"Colore personalizzato per barra di allineamento target Supercruise (errata), linee di divisione (tra Distanza/Velocità/Allineamento), icone. Questi non possono essere ulteriormente separati.."},{"Category":"Targeting e pannelli di navigazione","Title":"Modalità icone","File":"Startup-Profile","Section":"Constants","Key":"z75","Value":100.0,"ValueType":"Preset","Type":"AdvancedMode","Description":"Icone su vari pannelli"},{"Category":"Targeting e pannelli di navigazione","Title":"Colore icone","File":"Advanced","Section":"Constants","Key":"x53|y53|z53","Value":-12490271.0,"ValueType":"Color","Type":"CustomColor","Description":"Colore personalizzato per icone nel pannello Nav e nel pannello Targeting"},{"Category":"Targeting e pannelli di navigazione","Title":"Colore icone (secondario)","File":"Advanced","Section":"Constants","Key":"x178|y178|z178","Value":-12490271.0,"ValueType":"Color","Type":"CustomColor","Description":"Applicato a icone e parti di icone sul pannello Nav che erano ciano in Elite predefinito"},{"Category":"Targeting e pannelli di navigazione","Title":"Luminosità icone","File":"Advanced","Section":"Constants","Key":"w53","Value":1.0,"ValueType":"Brightness","Type":"2X","Description":"Luminosità complessiva del colore delle icone"},{"Category":"Pannello di navigazione","Title":"Modalità pannello di navigazione","File":"Startup-Profile","Section":"Constants","Key":"z97","Value":100.0,"ValueType":"Preset","Type":"ShortMode","Description":"Pin/cuneo della posizione corrente (solo il Pin della posizione corrente può essere modificato in un colore personalizzato. Il Pin di destinazione è collegato ad altri elementi/linee sul pannello della nave)"},{"Category":"Pannello di navigazione","Title":"Colore personalizzato","File":"Advanced","Section":"Constants","Key":"x98|y98|z98|w98","Value":-12490271.0,"ValueType":"Color","Type":"CustomColor","Description":"Colore personalizzato per GalMap Engineering Icon Colore. *Alfa*"},{"Category":"Pannello centrale","Title":"Pannello centrale Avatar","File":"Advanced","Section":"Constants","Key":"y157","Value":1.0,"ValueType":"Brightness","Type":"2X","Description":"Luminosità/Trasparenza dell'Avatar nel pannello centrale (3)"},{"Category":"Evidenzia pannello","Title":"Modalità Evidenzia pannello","File":"Startup-Profile","Section":"Constants","Key":"z68","Value":100.0,"ValueType":"Preset","Type":"AdvancedMode","Description":"(Nota: questo colora anche l'indicatore di velocità attuale, la barra di allineamento del supercruise (quando non è allineata), il carburante attivo sulla barra del carburante. Sfortunatamente non può essere separato, ma puoi scegliere il colore. Raccomando XML."},{"Category":"Evidenzia pannello","Title":"Colore personalizzato","File":"Advanced","Section":"Constants","Key":"x74|y74|z74","Value":-12490271.0,"ValueType":"Color","Type":"CustomColor","Description":"Colore personalizzato per l'allineamento del bersaglio (corretto) blocchi, barra e spia (sezioni blu nell'Elite originale)."},{"Category":"Evidenziazione pannello","Title":"Luminosità","File":"Advanced","Section":"Constants","Key":"w74","Value":1.0,"ValueType":"Brightness","Type":"2X","Description":"Luminosità per l'evidenziazione pannello."},{"Category":"Pannelli laterali","Title":"Linee principali","File":"Startup-Profile","Section":"Constants","Key":"x75","Value":100.0,"ValueType":"Preset","Type":"AdvancedMode","Description":"(Nota: questo colora anche l'indicatore di velocità attuale, la barra di allineamento del supercruise (quando non allineata), il carburante attivo sulla barra del carburante. Sfortunatamente non può essere separato, ma puoi scegliere il colore. I consiglio XML."},{"Category":"Pannelli laterali","Title":"Colore personalizzato","File":"Advanced","Section":"Constants","Key":"x76|y76|z76","Value":-12490271.0,"ValueType":"Color","Type":"CustomColor","Description":"Colore personalizzato per l'allineamento del bersaglio (corretto) blocchi, barra e indicatore luminoso (sezioni blu nell'Elite originale)."},{"Category":"Pannelli laterali","Title":"Luminosità","File":"Advanced","Section":"Constants","Key":"w76","Value":1.0,"ValueType":"Brightness","Type":"2X","Description":"Luminosità per i pannelli laterali Linee principali."},{"Category":"Pannelli della nave","Title":"Ombre del pannello della nave","File":"Startup-Profile","Section":"Constants","Key":"x89","Value":100.0,"ValueType":"Preset","Type":"ShipPanelOpacity","Description":"Modalità per lo sfondo dei pannelli della nave (ombre)"},{"Category":"Pannelli della nave","Title":"Ombre del pannello della nave","File":"Advanced","Section":"Constants","Key":"x90|y90|z90","Value":-12490271.0,"ValueType":"Color","Type":"CustomColor","Description":"Colore personalizzato per lo sfondo dei pannelli della nave (ombre)"},{"Category":"Pannelli della nave","Title":"Ombre dei pannelli","File":"Advanced","Section":"Constants","Key":"w90","Value":1.0,"ValueType":"Brightness","Type":"Brightness","Description":"Opacità (Alpha) per lo sfondo dei pannelli della nave."},{"Category":"Pannelli della nave","Title":"Pannelli laterali della nave","File":"SuitHud","Section":"Constants","Key":"x93","Value":1.0,"ValueType":"ONOFF","Type":"ONOFF","Description":"Opzione per sostituire gli elementi CYAN sui pannelli laterali della nave.\r\nAttivando questa opzione, le icone del grado ciano e le parti delle icone sul pannello di navigazione saranno colorate con il tuo XML e ciano.\r\nLo farà cambia anche il colore dei blocchi ciano nella scheda di archiviazione del pannello di spedizione con il colore XML del tuo pannello."},{"Category":"Pannelli della stazione","Title":"Disegni del pannello","File":"Startup-Profile","Section":"Constants","Key":"w89","Value":100.0,"ValueType":"Preset","Type":"AdvancedMode","Description":"Arte e schizzi sui pannelli"},{"Category":"Pannelli della stazione","Title":"Disegni del pannello","File":"Advanced","Section":"Constants","Key":"x92|y92|z92|w92","Value":-12490271.0,"ValueType":"Color","Type":"CustomColor","Description":"Colore personalizzato per i disegni del pannello. *Alfa*"},{"Category":"Pannello Missione","Title":"Modalità Pannello Missione","File":"Startup-Profile","Section":"Constants","Key":"z89","Value":200.0,"ValueType":"Preset","Type":"ShortMode","Description":"Influisce sul colore dei pannelli Missione sul Pannello Nav, più l'icona della missione nella schermata di Selezione Missione)"},{"Category":"Pannello della missione","Title":"Colore personalizzato","File":"Advanced","Section":"Constants","Key":"x91|y91|z91","Value":-12490271.0,"ValueType":"Color","Type":"CustomColor","Description":"Colore personalizzato per i pannelli delle missioni sul pannello di navigazione, più l'icona della missione nella schermata di selezione della missione."},{"Category":"Pannello Missione","Title":"Luminosità","File":"Advanced","Section":"Constants","Key":"w91","Value":1.0,"ValueType":"Brightness","Type":"2X","Description":"Luminosità per Pannello Missione."},{"Category":"Pannello Missione","Title":"Modalità Testo","File":"Startup-Profile","Section":"Constants","Key":"z81","Value":200.0,"ValueType":"Preset","Type":"TextModeShort","Description":"Linea Missione sul Pannello Nav Colore TESTO"},{"Category":"Pannello di manutenzione","Title":"Schizzo della nave","File":"Startup-Profile","Section":"Constants","Key":"w78","Value":200.0,"ValueType":"Preset","Type":"AdvancedMode","Description":"Schizzo della nave nel pannello di manutenzione avanzata (stazione/vettore)"},{"Category":"Pannello di manutenzione","Title":"Colore personalizzato","File":"Advanced","Section":"Constants","Key":"x146|y146|z146|w146","Value":-12490271.0,"ValueType":"Color","Type":"CustomColor","Description":"Colore personalizzato per lo schizzo della nave. *Alfa"},{"Category":"Pannello di navigazione OwnCarrier","Title":"Modalità pannello","File":"Startup-Profile","Section":"Constants","Key":"x81","Value":200.0,"ValueType":"Preset","Type":"ShortMode","Description":"Nota: questo cambierà anche il colore di \"Conferma trasferimento articoli\" nella scheda Inventario pannello nave."},{"Category":"Pannello di navigazione OwnCarrier","Title":"Colore personalizzato","File":"Advanced","Section":"Constants","Key":"x177|y177|z177","Value":-12490271.0,"ValueType":"Color","Type":"CustomColor","Description":"Colore personalizzato per i pannelli delle missioni sul pannello di navigazione, più l'icona della missione nella schermata di selezione della missione."},{"Category":"Pannello di navigazione OwnCarrier","Title":"Luminosità","File":"Advanced","Section":"Constants","Key":"w177","Value":1.0,"ValueType":"Brightness","Type":"2X","Description":"Luminosità per i pannelli laterali Linee principali."},{"Category":"Pannello di navigazione OwnCarrier","Title":"Modalità testo","File":"Startup-Profile","Section":"Constants","Key":"y81","Value":100.0,"ValueType":"Preset","Type":"TextModeShort","Description":"Nota: questo cambierà anche il colore di \"Conferma trasferimento articoli\" nella scheda Inventario del pannello di spedizione."},{"Category":"Pannello di navigazione di OwnCarrier","Title":"Colore del testo","File":"Advanced","Section":"Constants","Key":"x177|y177|z177","Value":-12490271.0,"ValueType":"Color","Type":"CustomColor","Description":"Colore personalizzato per i pannelli delle missioni sul pannello di navigazione, più l'icona della missione nella schermata di selezione della missione."}]},{"Name":"Lighting","Title":"Illuminazione della cabina","Elements":[{"Category":"Cabina - Illuminazione della cabina di pilotaggio","Title":"Modalità colore","File":"Startup-Profile","Section":"Constants","Key":"y68","Value":100.0,"ValueType":"Preset","Type":"AmbientLights","Description":"Modalità per l'illuminazione della cabina/della cabina di pilotaggio"},{"Category":"Cabina - Illuminazione della cabina di pilotaggio","Title":"Stile illuminazione","File":"Advanced","Section":"Constants","Key":"x68","Value":2.0,"ValueType":"Preset","Type":"CabinLightingStyle","Description":"0 = Limitata (vicino allo standard Elite, la luce della cabina non copre l'intero abitacolo)\r\n1 = Completo (Copre più della cabina di pilotaggio, rispetto a \"Riservato\", ma esclude le aree di luce bianca)\r\n2 = Completa (Copre le aree 'Complete', più alcune aree di luce bianca. Usa la modalità XML (in Startup-Profile.ini) per vedere la luce multicolore su alcune navi (le aree arancioni e le aree bianche reagiranno in modo diverso al tuo XML)\r\n3 = Space Disco (luce diffusa con contaminazione della pelle, cabina intera)."},{"Category":"Cabina - Illuminazione della cabina di pilotaggio","Title":"Colore personalizzato","File":"Advanced","Section":"Constants","Key":"x69|y69|z69","Value":-12490271.0,"ValueType":"Color","Type":"CustomColor","Description":"Colore personalizzato per cabina - Illuminazione della cabina di pilotaggio."},{"Category":"AmbientLights - Bicolore","Title":"Colore sinistro","File":"Advanced","Section":"Constants","Key":"x70|y70|z70","Value":-12490271.0,"ValueType":"Color","Type":"CustomColor","Description":"(Sperimentale) - Ideale da utilizzare in modalità di illuminazione COMPLETA."},{"Category":"AmbientLights - Bicolore","Title":"Colore destro","File":"Advanced","Section":"Constants","Key":"x71|y71|z71","Value":-12490271.0,"ValueType":"Color","Type":"CustomColor","Description":"Secondo colore (questo colore viene aggiunto al colore Base sul lato destro dell'abitacolo."},{"Category":"Cabina - Illuminazione della cabina di pilotaggio","Title":"Luminosità complessiva","File":"Advanced","Section":"Constants","Key":"w69","Value":0.3,"ValueType":"Brightness","Type":"2X","Description":"Luminosità complessiva (per tutti gli stili di illuminazione)."}]},{"Name":"SpecialFX","Title":"Effetti speciali","Elements":[{"Category":"Space FX","Title":"Supercruise SideLines","File":"Startup-Profile","Section":"Constants","Key":"w120","Value":200.0,"ValueType":"Preset","Type":"SC_SideLines","Description":"Interruttore per rimuovere Supercruise SideLines"},{"Category":"Space FX","Title":"SC_SideLines Color","File":"Advanced","Section":"Constants","Key":"x176|y176|z176","Value":-12490271.0,"ValueType":"Color","Type":"CustomColor","Description":"Colore personalizzato per Supercruise SideLines."},{"Category":"Space FX","Title":"SC_SideLines Luminosità","File":"Advanced","Section":"Constants","Key":"w176","Value":0.3,"ValueType":"Brightness","Type":"2X","Description":"Luminosità per Supercruise SideLines."},{"Category":"Space FX","Title":"Neve da Supercruise","File":"Startup-Profile","Section":"Constants","Key":"y121","Value":0.0,"ValueType":"ONOFF","Type":"ONOFF","Description":"Interruttore per rimuovere la neve da Supercruise"},{"Category":"Space FX","Title":"Space Dust","File":"Startup-Profile","Section":"Constants","Key":"z121","Value":0.0,"ValueType":"ONOFF","Type":"ONOFF","Description":"Switch per Space Dust (noto anche come neve in volo normale)"},{"Category":"Orbitale / Gravità / Linee di zona di esclusione","Title":"Modalità linee orbitali","File":"Startup-Profile","Section":"Constants","Key":"y75","Value":0.0,"ValueType":"Preset","Type":"AdvancedMode","Description":"Modalità per linee orbitali, di gravità e di zona di esclusione"},{"Category":"Orbitale / Gravità / Zona di esclusione Linee","Title":"Colore delle linee orbitali","File":"Advanced","Section":"Constants","Key":"x39|y39|z39","Value":-12490271.0,"ValueType":"Color","Type":"CustomColor","Description":"Colore personalizzato per le linee orbitali."},{"Category":"Orbitale / Gravità / Zona di esclusione Linee","Title":"Luminosità delle linee orbitali","File":"Advanced","Section":"Constants","Key":"w39","Value":0.8,"ValueType":"Brightness","Type":"2X","Description":"Luminosità per le linee orbitali."},{"Category":"Orbitale / Gravità / Linee della zona di esclusione","Title":"Colore delle linee del pozzo di gravità","File":"Advanced","Section":"Constants","Key":"x40|y40|z40","Value":-12490271.0,"ValueType":"Color","Type":"CustomColor","Description":"Colore personalizzato per le linee del pozzo di gravità."},{"Category":"Orbitale / Gravità / Linee della zona di esclusione","Title":"Luminosità delle linee del pozzo di gravità","File":"Advanced","Section":"Constants","Key":"w40","Value":0.8,"ValueType":"Brightness","Type":"2X","Description":"Luminosità per le linee del pozzo di gravità."},{"Category":"Orbitale / Gravità / Linee della zona di esclusione","Title":"Colore delle linee della zona di esclusione","File":"Advanced","Section":"Constants","Key":"x44|y44|z44","Value":-12490271.0,"ValueType":"Color","Type":"CustomColor","Description":"Colore personalizzato per le linee della zona di esclusione."},{"Category":"Orbitale / Gravità / Linee della zona di esclusione","Title":"Luminosità delle linee della zona di esclusione","File":"Advanced","Section":"Constants","Key":"w44","Value":0.8,"ValueType":"Brightness","Type":"2X","Description":"Luminosità per le linee della zona di esclusione."},{"Category":"Linee Orbitali / Gravità / Zona di esclusione","Title":"Colore linee di crociera orbitali","File":"Advanced","Section":"Constants","Key":"x29|y29|z29","Value":-12490271.0,"ValueType":"Color","Type":"CustomColor","Description":"Colore personalizzato per linee di crociera orbitali."},{"Category":"Orbitale / Gravità / Zona di esclusione Linee","Title":"Luminosità delle linee di crociera orbitale","File":"Advanced","Section":"Constants","Key":"w29","Value":0.8,"ValueType":"Brightness","Type":"2X","Description":"Luminosità per le linee di crociera orbitali."},{"Category":"Visione notturna","Title":"Modalità visione notturna","File":"Startup-Profile","Section":"Constants","Key":"y93","Value":0.0,"ValueType":"Preset","Type":"ShortMode","Description":"Modalità per visione notturna"},{"Category":"Visione notturna","Title":"Colore per visione notturna","File":"Advanced","Section":"Constants","Key":"x43|y43|z43","Value":-12490271.0,"ValueType":"Color","Type":"CustomColor","Description":"Colore personalizzato per visione notturna."},{"Category":"Visione notturna","Title":"Luminosità per visione notturna","File":"Advanced","Section":"Constants","Key":"w43","Value":0.8,"ValueType":"Brightness","Type":"2X","Description":"Luminosità per visione notturna."},{"Category":"Visione notturna","Title":"Modalità di incandescenza dell'asteroide PWA","File":"Startup-Profile","Section":"Constants","Key":"z93","Value":0.0,"ValueType":"Preset","Type":"ShortMode","Description":"Modalità per l'incandescenza dell'asteroide dell'analizzatore di onde di impulsi"},{"Category":"Visione notturna","Title":"Colore bagliore asteroide PWA","File":"Advanced","Section":"Constants","Key":"x41|y41|z41","Value":-12490271.0,"ValueType":"Color","Type":"CustomColor","Description":"Colore personalizzato per bagliore asteroide PWA."},{"Category":"Visione notturna","Title":"Luminosità del bagliore di asteroidi PWA","File":"Advanced","Section":"Constants","Key":"w41","Value":0.8,"ValueType":"Brightness","Type":"2X","Description":"Luminosità per bagliore di asteroidi PWA."},{"Category":"Visione notturna","Title":"Modalità Wavefront PWA","File":"Startup-Profile","Section":"Constants","Key":"w93","Value":0.0,"ValueType":"Preset","Type":"ShortMode","Description":"Modalità per Wavefront Pulse Wave Analyzer"},{"Category":"Visione notturna","Title":"Colore Wavefront PWA","File":"Advanced","Section":"Constants","Key":"x42|y42|z42","Value":-12490271.0,"ValueType":"Color","Type":"CustomColor","Description":"Colore personalizzato per Wavefront PWA."},{"Category":"Visione notturna","Title":"Luminosità Wavefront PWA","File":"Advanced","Section":"Constants","Key":"w42","Value":0.8,"ValueType":"Brightness","Type":"2X","Description":"Luminosità per Wavefront PWA."}]},{"Name":"CHUD_AHUD","Title":"Combattimento e analisi HUD","Elements":[{"Category":"Combat HUD","Title":"Modalità Combat HUD","File":"Startup-Profile","Section":"Constants","Key":"x141","Value":100.0,"ValueType":"Preset","Type":"AdvancedMode","Description":"** Combat HUD MODE (CHUD) ** \r\n Per un CHUD standard, impostare Color 2 RGB(0,0,0) e Fade Strength = 0\r\n Per un singolo colore Bird- of-Prey CHUD, imposta Color 2 RGB(0,0,0) e la tua forza di dissolvenza preferita (0,7 è un buon equilibrio)\r\n Per un CHUD synthwave (doppio colore), imposta Color 2 RGB in base alle tue preferenze e Forza di dissolvenza = 1"},{"Category":"Combat HUD","Title":"Colore 1","File":"Advanced","Section":"Constants","Key":"x55|y55|z55","Value":-12490271.0,"ValueType":"Color","Type":"CustomColor","Description":"Colore personalizzato per Combat HUD - Colore 1 (colore superiore)."},{"Category":"Combat HUD","Title":"Colore 1 - Luminosità","File":"Advanced","Section":"Constants","Key":"w55","Value":1.0,"ValueType":"Brightness","Type":"2X","Description":"Luminosità per il colore 1 (colore superiore)."},{"Category":"Combat HUD","Title":"Colore 2","File":"Advanced","Section":"Constants","Key":"x48|y48|z48","Value":-12490271.0,"ValueType":"Color","Type":"CustomColor","Description":"Colore personalizzato per Combat HUD - Colore 2 (colore inferiore)."},{"Category":"Combat HUD","Title":"Fade Strength","File":"Advanced","Section":"Constants","Key":"w48","Value":1.0,"ValueType":"Brightness","Type":"2X","Description":"Fade Strength (o Synthwave Color Balance: > 1 = più secondo colore, < 1 = meno secondo colore)."},{"Category":"Combat HUD","Title":"Colore munizioni","File":"Advanced","Section":"Constants","Key":"x45|y45|z45","Value":-12490271.0,"ValueType":"Color","Type":"CustomColor","Description":"Colore personalizzato per Combat HUD - Munizioni."},{"Category":"Combat HUD","Title":"Luminosità munizioni","File":"Advanced","Section":"Constants","Key":"w45","Value":1.0,"ValueType":"Brightness","Type":"2X","Description":"Luminosità per munizioni."},{"Category":"Combat HUD","Title":"Armi fuori portata (testo rosso)","File":"Advanced","Section":"Constants","Key":"w111","Value":1.6,"ValueType":"Brightness","Type":"4X","Description":"CHUD / AHUD Red Text Alpha boost (predefinito = 1)"},{"Category":"Analisi HUD","Title":"Analisisis Modalità HUD","File":"Startup-Profile","Section":"Constants","Key":"w140","Value":100.0,"ValueType":"Preset","Type":"AdvancedMode","Description":"Modalità radar"},{"Category":"Analisi HUD","Title":"Analisi HUD","File":"Advanced","Section":"Constants","Key":"x54|y54|z54|w54","Value":-12490271.0,"ValueType":"Color","Type":"CustomColor","Description":"Colore personalizzato per analisi HUD. (*Alfa)"},{"Category":"Analisi HUD","Title":"Reticolo di destinazione","File":"Advanced","Section":"Constants","Key":"x63|y63|z63|w63","Value":-12490271.0,"ValueType":"Color","Type":"CustomColor","Description":"Colore personalizzato per il reticolo in modalità Analisi in modalità Combattimento. (*Alfa)"},{"Category":"Analisi HUD","Title":"AHUD Modalità testo","File":"Startup-Profile","Section":"Constants","Key":"w87","Value":100.0,"ValueType":"Preset","Type":"AHUDText","Description":"Modalità per testi intorno ad AHUD."},{"Category":"Analisi HUD","Title":"AHUD Colore testo","File":"Advanced","Section":"Constants","Key":"x144|y144|z144|w144","Value":-12490271.0,"ValueType":"Color","Type":"CustomColor","Description":"Colore personalizzato per testi intorno ad AHUD. *Alfa*"}]},{"Name":"Foot_HUD","Title":"A piedi HUD","Elements":[{"Category":"Tuta HUD - Pannello","Title":"Modalità pannello","File":"SuitHud","Section":"Constants","Key":"x30","Value":199.0,"ValueType":"Preset","Type":"AdvancedMode","Description":"Nota: XML (fingerà una base arancione per abbinare l'HUD della nave)."},{"Category":"Tuta HUD - Pannello","Title":"Colore pannello","File":"SuitHud","Section":"Constants","Key":"x31|y31|z31","Value":-12490271.0,"ValueType":"Color","Type":"CustomColor","Description":"Colore personalizzato per pannello a piedi."},{"Category":"Tuta HUD - Pannello","Title":"Opacità pannello","File":"SuitHud","Section":"Constants","Key":"w31","Value":1.0,"ValueType":"Brightness","Type":"2X","Description":"Luminosità per pannello a piedi."},{"Category":"Tuta HUD - Scudo","Title":"Modalità scudo","File":"SuitHud","Section":"Constants","Key":"y30","Value":100.0,"ValueType":"Preset","Type":"AdvancedMode","Description":"Modalità colore per scudi"},{"Category":"Tuta HUD - Scudo","Title":"Anello interno","File":"SuitHud","Section":"Constants","Key":"x32|y32|z32|w32","Value":-12490271.0,"ValueType":"Color","Type":"CustomColor","Description":"Colore personalizzato per anello interno scudo a piedi (*alfa)."},{"Category":"Tuta HUD - Scudo","Title":"Anello centrale","File":"SuitHud","Section":"Constants","Key":"x33|y33|z33|w33","Value":-12490271.0,"ValueType":"Color","Type":"CustomColor","Description":"Colore personalizzato per l'anello centrale dello scudo a piedi (*alfa)."},{"Category":"Tuta HUD - Scudo","Title":"Anello esterno","File":"SuitHud","Section":"Constants","Key":"x34|y34|z34|w34","Value":-12490271.0,"ValueType":"Color","Type":"CustomColor","Description":"Colore personalizzato per anello esterno scudo a piedi (*alfa)."},{"Category":"Tuta HUD - Scudo","Title":"Colore scudo in basso","File":"SuitHud","Section":"Constants","Key":"x35|y35|z35|w35","Value":-12490271.0,"ValueType":"Color","Type":"CustomColor","Description":"Colore personalizzato per scudo in basso a piedi (*alfa)."},{"Category":"Tuta HUD - Scudo","Title":"Ripristino dello scudo","File":"SuitHud","Section":"Constants","Key":"x36|y36|z36|w36","Value":-12490271.0,"ValueType":"Color","Type":"CustomColor","Description":"Colore personalizzato per l'animazione di ripristino dello scudo a piedi (*alpha)."},{"Category":"Tuta HUD - Testi","Title":"Modalità Testi","File":"SuitHud","Section":"Constants","Key":"z30","Value":100.0,"ValueType":"Preset","Type":"AdvancedMode","Description":"Nota: XML (fingerà una base arancione per abbinare l'HUD della nave)."},{"Category":"Suit HUD - Testi","Title":"Colore testi","File":"SuitHud","Section":"Constants","Key":"x37|y37|z37|w37","Value":-12490271.0,"ValueType":"Color","Type":"CustomColor","Description":"Colore personalizzato per testi a piedi. (*Alfa)"},{"Category":"Tuta HUD - Testi","Title":"Modalità evidenziata","File":"SuitHud","Section":"Constants","Key":"w30","Value":100.0,"ValueType":"Preset","Type":"AdvancedMode","Description":"Testo evidenziato/invertito e colore dell'icona."},{"Category":"Suit HUD - Testi","Title":"Colore evidenziato","File":"SuitHud","Section":"Constants","Key":"x38|y38|z38|w38","Value":-12490271.0,"ValueType":"Color","Type":"CustomColor","Description":"Colore personalizzato per testi evidenziati a piedi. (*Alfa)"}]},{"Name":"ShieldsHolo","Title":"Scudo e nave olografica","Elements":[{"Category":"Scudi","Title":"Modalità scudo","File":"Startup-Profile","Section":"Constants","Key":"z105","Value":101.0,"ValueType":"Preset","Type":"ShieldColor","Description":"Nota: Multi-scudo funziona solo con risoluzioni >= 2560x1440, può funzionare a 1920x1080. Applicato a sé e all'obiettivo."},{"Category":"Scudi","Title":"Percentuale scudo % Colore","File":"Advanced","Section":"Constants","Key":"x88|y88|z88","Value":-12490271.0,"ValueType":"Color","Type":"CustomColor","Description":"Colore personalizzato per percentuale scudo %"},{"Category":"Multischermo","Title":"Anello interno","File":"Advanced","Section":"Constants","Key":"x201|y201|z201|w201","Value":-12490271.0,"ValueType":"Color","Type":"CustomColor","Description":"Colore anello interno, solo per Multischermo. (Alfa)"},{"Category":"Multi-scudo","Title":"Anello centrale","File":"Advanced","Section":"Constants","Key":"x202|y202|z202|w202","Value":-12490271.0,"ValueType":"Color","Type":"CustomColor","Description":"Colore anello centrale, solo per multi-scudo. (Alfa)"},{"Category":"Multischermo","Title":"Anello esterno","File":"Advanced","Section":"Constants","Key":"x203|y203|z203|w203","Value":-12490271.0,"ValueType":"Color","Type":"CustomColor","Description":"Colore anello esterno, solo per Multischermo. (Alfa)"},{"Category":"Scudo singolo","Title":"Scudo basso","File":"Advanced","Section":"Constants","Key":"x87","Value":0.0,"ValueType":"Preset","Type":"ShieldsDown","Description":"Scudo monocolore - Scudo basso colore ."},{"Category":"Scudo singolo","Title":"Schermo in alto","File":"Advanced","Section":"Constants","Key":"x228|y228|z228","Value":-12490271.0,"ValueType":"Color","Type":"CustomColor","Description":"Schermo in alto Colore (rispetto al colore Scudo in basso)."},{"Category":"Schermo singolo","Title":"Luminosità","File":"Advanced","Section":"Constants","Key":"w228","Value":1.0,"ValueType":"Brightness","Type":"2X","Description":"Luminosità/Alfa scudi complessivi (modalità singola)"},{"Category":"Schermo singolo","Title":"Spessore dell'anello","File":"Advanced","Section":"Constants","Key":"y87","Value":1.0,"ValueType":"Brightness","Type":"4X","Description":"Luminosità/Alfa degli schermi complessivi (modalità singola)"},{"Category":"Turbinii circolari","Title":"Swirls superiori - Modalità","File":"Startup-Profile","Section":"Constants","Key":"z133","Value":100.0,"ValueType":"Preset","Type":"AdvancedMode","Description":"Swirls circolari sotto Holos"},{"Category":"Turbinii circolari","Title":"Swirls superiori - Colore","File":"Advanced","Section":"Constants","Key":"x226|y226|z226","Value":-12490271.0,"ValueType":"Color","Type":"CustomColor","Description":"Colore personalizzato per vortici circolari sotto Holos"},{"Category":"Turbinii circolari","Title":"Swirls superiori - Luminosità","File":"Advanced","Section":"Constants","Key":"w226","Value":1.5,"ValueType":"Brightness","Type":"2X","Description":"Luminosità per i vortici superiori"},{"Category":"Turbinii circolari","Title":"Turbinii medi - Modalità","File":"Startup-Profile","Section":"Constants","Key":"x135","Value":100.0,"ValueType":"Preset","Type":"AdvancedMode","Description":"Barre di stato sotto lo scudo"},{"Category":"Vortici circolari","Title":"Turbinii medi - Colore","File":"Advanced","Section":"Constants","Key":"x215|y215|z215","Value":-12490271.0,"ValueType":"Color","Type":"CustomColor","Description":"Colore personalizzato per le barre di stato"},{"Category":"Turbinii circolari","Title":"Turbinii medi - Luminosità","File":"Advanced","Section":"Constants","Key":"w215","Value":1.0,"ValueType":"Brightness","Type":"2X","Description":"Barre di stato Luminosità"},{"Category":"Vortici circolari","Title":"Turbinii inferiori - Modalità","File":"Startup-Profile","Section":"Constants","Key":"x134","Value":100.0,"ValueType":"Preset","Type":"AdvancedMode","Description":"Semicerchi sottili nella parte inferiore dell'ologramma"},{"Category":"Vortici circolari","Title":"Turbinii inferiori - Colore","File":"Advanced","Section":"Constants","Key":"x205|y205|z205|w205","Value":-12490271.0,"ValueType":"Color","Type":"CustomColor","Description":"Colore personalizzato per semicerchi sottili nella parte inferiore dell'ologramma. *Alfa"},{"Category":"Indicatore scafo","Title":"Modalità colore","File":"Startup-Profile","Section":"Constants","Key":"y134","Value":100.0,"ValueType":"Preset","Type":"AdvancedMode","Description":"Blocchi per la salute dello scafo, incluso il bersaglio"},{"Category":"Indicatore scafo","Title":"Colore personalizzato","File":"Advanced","Section":"Constants","Key":"x212|y212|z212","Value":-12490271.0,"ValueType":"Color","Type":"CustomColor","Description":"Colore personalizzato per i blocchi sotto lo scudo, incluso il bersaglio."},{"Category":"Indicatore scafo","Title":"Luminosità","File":"Advanced","Section":"Constants","Key":"w212","Value":1.5,"ValueType":"Brightness","Type":"2X","Description":"Luminosità per i blocchi sotto lo scudo"},{"Category":"Indicatore dello scafo","Title":"Indicatore dello scafo - Ombreggiatura","File":"Advanced","Section":"Constants","Key":"w213","Value":4.0,"ValueType":"Brightness","Type":"4X_Min","Description":"Moltiplicatore dell'ombreggiatura (si applica solo alla modalità ombreggiata)"},{"Category":"Indicatore dello scafo","Title":"scafo interessato da caustica","File":"Startup-Profile","Section":"Constants","Key":"w170","Value":0.0,"ValueType":"Preset","Type":"CausticEffect","Description":"Blocchi per la salute dello scafo, incluso il bersaglio"},{"Category":"Indicatore dello scafo","Title":"Colore scafo interessato da caustica","File":"Advanced","Section":"Constants","Key":"x170|y170|z170","Value":-12490271.0,"ValueType":"Color","Type":"CustomColor","Description":"Colore personalizzato per barre dello scafo interessate da sostanze caustiche."},{"Category":"Ologramma OwnShip","Title":"Ologramma - Modalità","File":"Startup-Profile","Section":"Constants","Key":"y101","Value":100.0,"ValueType":"Preset","Type":"AdvancedMode","Description":"Modo Ologramma OwnShip\r\nInclude anche ologramma di atterraggio, ologramma SRV, terreno SRV sul radar"},{"Category":"OwnShip Hologram","Title":"Ologramma - Colore","File":"Advanced","Section":"Constants","Key":"x248|y248|z248","Value":-12490271.0,"ValueType":"Color","Type":"CustomColor","Description":"Colore personalizzato per OwnShip Hologram"},{"Category":"OwnShip Hologram","Title":"Ologramma - Luminosità","File":"Advanced","Section":"Constants","Key":"x132","Value":0.5,"ValueType":"Brightness","Type":"2X","Description":"Luminosità per lo scafo dell'ologramma\r\nPer Ultra-tron, impostare la luminosità dello scafo su un valore basso (ad es. 0) e le linee esterne sbocciano in alto (ad es. 0,5)"},{"Category":"Ownship Hologram","Title":"Ologram - Bloom","File":"Advanced","Section":"Constants","Key":"y132","Value":1.0,"ValueType":"Brightness","Type":"2X","Description":"Holo bloom/bagliore"},{"Category":"OwnShip Hologram","Title":"Blocco delle linee esterne","File":"Advanced","Section":"Constants","Key":"z132","Value":1.0,"ValueType":"Brightness","Type":"2X","Description":"Bagliore / bagliore delle linee esterne (impostazione predefinita= 0) (Questo valore può essere negativo, ad esempio -0,5)"},{"Category":"Ologramma di proprietà","Title":"Luminosità complessiva","File":"Advanced","Section":"Constants","Key":"z101","Value":1.0,"ValueType":"Brightness","Type":"2X","Description":"Luminosità complessiva dell'ologramma"},{"Category":"OwnShip Hologram","Title":"Linee scintillanti","File":"Advanced","Section":"Constants","Key":"z109","Value":1.0,"ValueType":"ONOFF","Type":"ONOFF","Description":"Passa a OwnShip Hologram Shimmer"},{"Category":"Ologramma nave bersaglio","Title":"Bersaglio neutro","File":"Advanced","Section":"Constants","Key":"x72|y72|z72","Value":-12490271.0,"ValueType":"Color","Type":"CustomColor","Description":"Colore personalizzato per ologramma Ownship"},{"Category":"Ologramma della nave bersaglio","Title":"Bersaglio neutro - Luminosità","File":"Advanced","Section":"Constants","Key":"x72","Value":1.0,"ValueType":"Brightness","Type":"2X","Description":"Luminosità per lo scafo dell'ologramma\r\nPer Ultra-tron, impostare la luminosità dello scafo bassa (es. 0) e le linee esterne sbocciano alta (es. 0,5)"},{"Category":"Ologramma nave bersaglio","Title":"Luminosità complessiva","File":"Advanced","Section":"Constants","Key":"y73","Value":0.5,"ValueType":"Brightness","Type":"2X","Description":"Luminosità per ologramma"},{"Category":"Ologramma nave bersaglio","Title":"Luminosità bersaglio verde","File":"Advanced","Section":"Constants","Key":"z73","Value":0.5,"ValueType":"Brightness","Type":"2X","Description":"Luminosità ologramma bersaglio verde brillante (alcuni ologrammi verdi hanno una luminosità eccessiva)"},{"Category":"Ologramma nave bersaglio","Title":"Linee scintillanti","File":"Advanced","Section":"Constants","Key":"x73","Value":1.0,"ValueType":"ONOFF","Type":"ONOFF","Description":"Interruttore per l'ologramma bersaglio Shimmer"},{"Category":"Ologramma di atterraggio","Title":"Sito di atterraggio OFF","File":"Advanced","Section":"Constants","Key":"x254|y254|z254","Value":-12490271.0,"ValueType":"Color","Type":"CustomColor","Description":"Colore personalizzato per l'ologramma di atterraggio"},{"Category":"Ologramma di atterraggio","Title":"SUL sito di atterraggio","File":"Advanced","Section":"Constants","Key":"x249|y249|z249","Value":-12490271.0,"ValueType":"Color","Type":"CustomColor","Description":"Colore personalizzato per il sito di atterraggio"},{"Category":"Ologramma di atterraggio","Title":"Luminosità","File":"Advanced","Section":"Constants","Key":"w254","Value":1.0,"ValueType":"Brightness","Type":"2X","Description":"Luminosità per l'ologramma di atterraggio"},{"Category":"Reticolo di atterraggio planetario","Title":"Modalità colore","File":"Startup-Profile","Section":"Constants","Key":"z107","Value":100.0,"ValueType":"Preset","Type":"AdvancedMode","Description":"Reticolo di atterraggio planetario - Barre dell'angolo di rilevamento e discesa, più testo"},{"Category":"Reticolo di atterraggio planetario","Title":"Colore personalizzato","File":"Advanced","Section":"Constants","Key":"x209|y209|z209|w209","Value":-12490271.0,"ValueType":"Color","Type":"CustomColor","Description":"Colore personalizzato per reticolo di atterraggio planetario. *Alfa"},{"Category":"Reticolo di atterraggio planetario","Title":"Linea di atterraggio e sottobicchieri","File":"Advanced","Section":"Constants","Key":"x255|y255|z255|w255","Value":-12490271.0,"ValueType":"Color","Type":"CustomColor","Description":"Colore personalizzato per linea di atterraggio e sottobicchiere (arancione)*Alfa"},{"Category":"Reticolo di atterraggio planetario","Title":"Barra di altitudine","File":"Advanced","Section":"Constants","Key":"x96|y96|z96|w96","Value":-12490271.0,"ValueType":"Color","Type":"CustomColor","Description":"Colore personalizzato per la barra di altitudine *Alpha"},{"Category":"Reticolo di atterraggio planetario","Title":"Testo nelle caselle del reticolo","File":"Advanced","Section":"Constants","Key":"x95|y95|z95|w95","Value":-12490271.0,"ValueType":"Color","Type":"CustomColor","Description":"Colore personalizzato per il testo nelle caselle del reticolo *Alfa"},{"Category":"Reticolo di atterraggio planetario","Title":"Testo lungo le barre di altitudine","File":"Advanced","Section":"Constants","Key":"w101","Value":101.0,"ValueType":"Preset","Type":"AltitudeBarText","Description":"Colore personalizzato per il testo lungo la barra di altitudine"},{"Category":"Reticolo di atterraggio planetario","Title":"Luminosità del testo della barra di altitudine","File":"Advanced","Section":"Constants","Key":"x97","Value":1.0,"ValueType":"Brightness","Type":"2X","Description":"Luminosità per il testo della barra di altitudine"},{"Category":"Reticolo di atterraggio planetario","Title":"Colore testo coordinate e gravità","File":"Advanced","Section":"Constants","Key":"x185|y185|z185|w185","Value":-12490271.0,"ValueType":"Color","Type":"CustomColor","Description":"Colore personalizzato per coordinate di latitudine/longitudine e colore testo gravità *Alfa"},{"Category":"Reticolo di atterraggio planetario","Title":"Sfondo testo: ombre / bagliore","File":"Advanced","Section":"Constants","Key":"y109","Value":0.0,"ValueType":"Preset","Type":"TextBackgroundShadowsGlow","Description":"Mode per Sfondo del testo: Ombre / Bagliore \r\nViene applicato a: testo nelle caselle del reticolo, testo sulla barra dell'altitudine, testo latitudine / lungo e gravità."},{"Category":"Reticolo di atterraggio planetario","Title":"Ombra sfondo testo/Incremento bagliore","File":"Advanced","Section":"Constants","Key":"y97","Value":1.0,"ValueType":"Brightness","Type":"2X","Description":"Ombra sfondo testo/Incremento bagliore\r\nNota: per il colore del testo \"Modalità bagliore\", consigliato 0,5"},{"Category":"Ologramma SRV","Title":"Ologramma SRV - Principale","File":"Advanced","Section":"Constants","Key":"x250|y250|z250|w250","Value":-12490271.0,"ValueType":"Color","Type":"CustomColor","Description":"**(DISABILITATO)** Colore personalizzato per ologramma SRV (*Alpha)"},{"Category":"SRV Hologram","Title":"SRV Hologram - Small","File":"Advanced","Section":"Constants","Key":"x251|y251|z251|w251","Value":-12490271.0,"ValueType":"Color","Type":"CustomColor","Description":"Colore personalizzato per SRV Hologram.\r\nAlpha (è una % dell'alfa dell'ologramma principale)"}]},{"Name":"RadarHUD","Title":"Radar e gruppo comune","Elements":[{"Category":"Nave Radar","Title":"Modalità radar","File":"Startup-Profile","Section":"Constants","Key":"y106","Value":100.0,"ValueType":"Preset","Type":"AdvancedMode","Description":"Modalità radar"},{"Category":"Radar della nave","Title":"Orlo esterno del radar","File":"Advanced","Section":"Constants","Key":"x236|y236|z236","Value":-12490271.0,"ValueType":"Color","Type":"CustomColor","Description":"Colore personalizzato dei componenti del radar esterno."},{"Category":"Ship Radar","Title":"Luminosità del bordo esterno","File":"Advanced","Section":"Constants","Key":"w236","Value":1.0,"ValueType":"Brightness","Type":"2X","Description":"Luminosità del radar esterno (l'intervallo normale è compreso tra 0,3 e 1,0, ma è possibile aumentare)"},{"Category":"Griglia radar","Title":"Colore","File":"Advanced","Section":"Constants","Key":"x237|y237|z237","Value":-12490271.0,"ValueType":"Color","Type":"CustomColor","Description":"Colore personalizzato per griglia radar ."},{"Category":"Griglia radar","Title":"Luminosità","File":"Advanced","Section":"Constants","Key":"w237","Value":0.8,"ValueType":"Brightness","Type":"2X","Description":"Luminosità per griglia radar"},{"Category":"Widget triangolo radar","Title":"Modalità","File":"Startup-Profile","Section":"Constants","Key":"x138","Value":100.0,"ValueType":"Preset","Type":"AdvancedMode","Description":"Modalità widget triangolo radar"},{"Category":"Widget triangolo radar","Title":"Colore personalizzato","File":"Advanced","Section":"Constants","Key":"x239|y239|z239|w239","Value":-12490271.0,"ValueType":"Color","Type":"CustomColor","Description":"Colore personalizzato per widget radar triangolo. (*Alfa)"},{"Category":"Widget Zoom Radar","Title":"Modalità","File":"Startup-Profile","Section":"Constants","Key":"w136","Value":100.0,"ValueType":"Preset","Type":"AdvancedMode","Description":"Modalità per le linee del livello di zoom radar"},{"Category":"Widget Zoom radar","Title":"Colore personalizzato","File":"Advanced","Section":"Constants","Key":"x240|y240|z240|w240","Value":-12490271.0,"ValueType":"Color","Type":"CustomColor","Description":"Colore personalizzato per Widget Zoom radar. (*Alfa)"},{"Category":"Widget Zoom radar","Title":"Linee di livello","File":"Advanced","Section":"Constants","Key":"x231|y231|z231","Value":-12490271.0,"ValueType":"Color","Type":"CustomColor","Description":"Linee di livello di zoom radar Colore personalizzato."},{"Category":"Widget zoom radar","Title":"Linee di livello Luminosità","File":"Advanced","Section":"Constants","Key":"w231","Value":1.2,"ValueType":"Brightness","Type":"2X","Description":"Linee di livello di zoom radar Luminosità"},{"Category":"Oggetti radar - Supercruice","Title":"Corpi radar in Supercruice","File":"Startup-Profile","Section":"Constants","Key":"z138","Value":100.0,"ValueType":"Preset","Type":"AdvancedMode","Description":"Modalità per corpi radar in Supercruice"},{"Category":"Oggetti radar - Supercruice","Title":"Radar - Pianeti","File":"Advanced","Section":"Constants","Key":"x241|y241|z241|w241","Value":-12490271.0,"ValueType":"Color","Type":"CustomColor","Description":"Colore personalizzato per i corpi radar in Supercruise. (* Con Alfa)"},{"Category":"Oggetti radar - Supercruice","Title":"Radar - Lune","File":"Advanced","Section":"Constants","Key":"x242|y242|z242|w242","Value":-12490271.0,"ValueType":"Color","Type":"CustomColor","Description":"Colore personalizzato per i corpi radar in Supercruise. (* Con Alfa)"},{"Category":"Oggetti radar - Supercruice","Title":"Radar - Stelle","File":"Advanced","Section":"Constants","Key":"x243|y243|z243|w243","Value":-12490271.0,"ValueType":"Color","Type":"CustomColor","Description":"Colore personalizzato per i corpi radar in Supercruise. (* Con Alfa)"},{"Category":"Oggetti radar - Supercruice","Title":"Obiettivi neutri - Linee","File":"Advanced","Section":"Constants","Key":"x244|y244|z244|w244","Value":-12490271.0,"ValueType":"Color","Type":"CustomColor","Description":"Colore personalizzato per linee oggetto e sottobicchieri in Supercruise."},{"Category":"Oggetti radar","Title":"Oggetti radar","File":"Startup-Profile","Section":"Constants","Key":"y139","Value":100.0,"ValueType":"Preset","Type":"AdvancedMode","Description":"Modalità per oggetti radar in volo normale"},{"Category":"Oggetti radar","Title":"Oggetti bianchi","File":"Startup-Profile","Section":"Constants","Key":"x115","Value":0.0,"ValueType":"ONOFF","Type":"ONOFF","Description":"Passa a oggetti bianchi sul radar (risvegli, materiali, salvataggio, ecc.) in volo standard (non supercrociera)"},{"Category":"Oggetti radar","Title":"Radar - Bersagli neutri","File":"Advanced","Section":"Constants","Key":"x245|y245|z245|w245","Value":-12490271.0,"ValueType":"Color","Type":"CustomColor","Description":"Quadrati ARANCIONE in entrambe le modalità di volo; Linee degli oggetti e montagne russe arancioni in volo normale.\r\n* Alfa"},{"Category":"Oggetti radar","Title":"Radar - Bersagli amichevoli","File":"Advanced","Section":"Constants","Key":"x246|y246|z246|w246","Value":-12490271.0,"ValueType":"Color","Type":"CustomColor","Description":"GREEN Quadrati, linee e sottobicchieri in entrambe le modalità di volo.\r\n* Alfa"},{"Category":"Oggetti radar","Title":"Radar - Bersagli ostili","File":"Advanced","Section":"Constants","Key":"x247|y247|z247|w247","Value":-12490271.0,"ValueType":"Color","Type":"CustomColor","Description":"Quadrati rossi, linee e sottobicchieri in entrambe le modalità di volo.\r\n* Alfa"},{"Category":"Componenti esterni radar","Title":"Modalità colore","File":"Startup-Profile","Section":"Constants","Key":"x136","Value":100.0,"ValueType":"Preset","Type":"AdvancedMode","Description":"Modalità per barra di calore e barra di velocità"},{"Category":"Componenti radar esterni","Title":"Colore personalizzato","File":"Advanced","Section":"Constants","Key":"x221|y221|z221","Value":-12490271.0,"ValueType":"Color","Type":"CustomColor","Description":"Colore personalizzato componenti radar esterni."},{"Category":"Componenti esterni radar","Title":"Bar Booster","File":"Advanced","Section":"Constants","Key":"w221","Value":1.0,"ValueType":"Brightness","Type":"2X","Description":"Bar Booster (aumenta la luminosità dello sfondo principale delle barre di velocità e calore)"},{"Category":"Componenti radar esterni","Title":"Luminosità","File":"Advanced","Section":"Constants","Key":"w222","Value":1.0,"ValueType":"Brightness","Type":"2X","Description":"Luminosità complessiva (di tutti i componenti radar esterni)"},{"Category":"Barra velocità ottimale","Title":"Colore personalizzato","File":"Advanced","Section":"Constants","Key":"x222|y222|z222","Value":-12490271.0,"ValueType":"Color","Type":"CustomColor","Description":"Colore barra velocità ottimale (i valori sono relativi al Colore principale; può essere negativo per ridurre un colore dal Colore principale)"},{"Category":"Oggetti radar","Title":"Oggetti radar - Atterraggio","File":"Startup-Profile","Section":"Constants","Key":"x139","Value":100.0,"ValueType":"Preset","Type":"AdvancedMode","Description":"Modalità per oggetti radar durante l'atterraggio, linea e montagne russe"},{"Category":"Oggetti radar","Title":"Oggetti radar - Atterraggio","File":"Advanced","Section":"Constants","Key":"x253|y253|z253|w253","Value":-12490271.0,"ValueType":"Color","Type":"CustomColor","Description":"Colore personalizzato per il terreno Durante l'atterraggio su un pianeta."},{"Category":"Scanner SRV","Title":"Scanner SRV","File":"Startup-Profile","Section":"Constants","Key":"w210","Value":100.0,"ValueType":"Preset","Type":"AdvancedMode","Description":"Scanner SRV a colori"},{"Category":"Scanner SRV","Title":"Scanner SRV - Colore primario","File":"Advanced","Section":"Constants","Key":"x210|y210|z210","Value":-12490271.0,"ValueType":"Color","Type":"CustomColor","Description":"Scanner SRV Colore primario, colore di rilevamento oggetti."},{"Category":"Scanner SRV","Title":"Scanner SRV - Colore secondario","File":"Advanced","Section":"Constants","Key":"x211|y211|z211","Value":-12490271.0,"ValueType":"Color","Type":"CustomColor","Description":"Scanner SRV Colore secondario, scansione del colore dello scanner."},{"Category":"Scanner SRV","Title":"Alfa generale","File":"Advanced","Section":"Constants","Key":"w211","Value":1.0,"ValueType":"Brightness","Type":"2X","Description":"Scanner SRV - Alfa generale"},{"Category":"Scanner SRV","Title":"Ologramma del terreno sul radar","File":"Advanced","Section":"Constants","Key":"x252|y252|z252|w252","Value":-12490271.0,"ValueType":"Color","Type":"CustomColor","Description":"Colore personalizzato per l'ologramma del terreno sul radar (mentre in SRV)."},{"Category":"Scanner SRV","Title":"Elevazione scanner SRV","File":"Startup-Profile","Section":"Constants","Key":"z139","Value":100.0,"ValueType":"Preset","Type":"AdvancedMode","Description":"Modalità per linee diagonali di elevazione radar SRV"},{"Category":"Scanner SRV","Title":"Elevazione scanner SRV","File":"Advanced","Section":"Constants","Key":"x50|y50|z50|w50","Value":-12490271.0,"ValueType":"Color","Type":"CustomColor","Description":"Colore personalizzato per linee diagonali di elevazione radar SRV. *Alfa*"},{"Category":"Scanner SRV","Title":"Modalità torretta SRV","File":"Startup-Profile","Section":"Constants","Key":"w73","Value":100.0,"ValueType":"Preset","Type":"AdvancedMode","Description":"Torretta SRV, piccola immagine di SRV sul radar, più elementi vari"},{"Category":"Scanner SRV","Title":"Colore torretta SRV","File":"Advanced","Section":"Constants","Key":"x147|y147|z147|w147","Value":-12490271.0,"ValueType":"Color","Type":"CustomColor","Description":"Colore personalizzato per torretta SRV, piccola immagine di SRV sul radar, più elementi vari. *Alfa*"},{"Category":"Scanner SRV","Title":"Luminosità","File":"Advanced","Section":"Constants","Key":"w70","Value":1.1,"ValueType":"Brightness","Type":"2X","Description":"Torretta SRV, Incremento luminosità distributore.\r\nFDev applica uno strano filtro di attenuazione del colore allo schermo della torretta SRV.\r\nUtilizza questo valore per aumentare il colore del distributore (non sarà esattamente lo stesso come distributore della nave/SRV a causa del filtro)"},{"Category":"Bussola","Title":"Modalità colore","File":"Startup-Profile","Section":"Constants","Key":"w135","Value":100.0,"ValueType":"Preset","Type":"AdvancedMode","Description":"Colore bussola"},{"Category":"Bussola","Title":"Colore personalizzato","File":"Advanced","Section":"Constants","Key":"x219|y219|z219","Value":-12490271.0,"ValueType":"Color","Type":"CustomColor","Description":"Colore personalizzato bussola."},{"Category":"Bussola","Title":"Luminosità","File":"Advanced","Section":"Constants","Key":"w219","Value":1.0,"ValueType":"Brightness","Type":"2X","Description":"Booster di sfondo della bussola"},{"Category":"Bussola","Title":"Punto bussola","File":"Advanced","Section":"Constants","Key":"x220|y220|z220","Value":-12490271.0,"ValueType":"Color","Type":"CustomColor","Description":"Punto bussola Colore personalizzato."},{"Category":"Bussola","Title":"Luminosità punto bussola","File":"Advanced","Section":"Constants","Key":"w220","Value":1.0,"ValueType":"Brightness","Type":"2X","Description":"Luminosità punto bussola\r\n(Nota: questo elemento si comporta in modo leggermente diverso dagli altri. Il minimo consigliato è 0,7 luminosità)"},{"Category":"Stazione Mid-HUD e atterraggio/decollo della portaerei","Title":"Testo e barre a metà HUD","File":"Startup-Profile","Section":"Constants","Key":"w138","Value":200.0,"ValueType":"Preset","Type":"AdvancedMode","Description":"Modalità per stazione Mid-HUD e atterraggio/decollo della portaerei, oltre a Supercruise Drop, testo e barre"},{"Category":"Stazione Mid-HUD e atterraggio/decollo della portante","Title":"Colore personalizzato Mid-HUD","File":"Advanced","Section":"Constants","Key":"x184|y184|z184|w184","Value":-12490271.0,"ValueType":"Color","Type":"CustomColor","Description":"Colore personalizzato per la stazione Mid-HUD e atterraggio/decollo della portante, oltre a Supercruise Drop, testo e barre. (*ALFA)"}]},{"Name":"Power_Distributor","Title":"Distributore di potenza","Elements":[{"Category":"Distributore di potenza","Title":"Modalità","File":"Startup-Profile","Section":"Constants","Key":"y136","Value":101.0,"ValueType":"Preset","Type":"PowerDistributor","Description":"Modalità Distributore di potenza"},{"Category":"Distributore di alimentazione","Title":"Colore blocco superiore","File":"Advanced","Section":"Constants","Key":"x223|y223|z223","Value":-12490271.0,"ValueType":"Color","Type":"CustomColor","Description":"Colore personalizzato per il blocco superiore del distributore tricolore o standard (colore singolo)"},{"Category":"Distributore di potenza","Title":"Luminosità del blocco superiore","File":"Advanced","Section":"Constants","Key":"w223","Value":1.0,"ValueType":"Brightness","Type":"2X","Description":"Luminosità per il blocco superiore del distributore tricolore o standard (monocolore)"},{"Category":"Distributore tricolore","Title":"Colore a blocchi medi","File":"Advanced","Section":"Constants","Key":"x224|y224|z224","Value":-12490271.0,"ValueType":"Color","Type":"CustomColor","Description":"Colore personalizzatoValori r per il blocco centrale di Tri-Distributor."},{"Category":"Distributore tricolore","Title":"Luminosità blocco centrale","File":"Advanced","Section":"Constants","Key":"w224","Value":1.0,"ValueType":"Brightness","Type":"2X","Description":"Luminosità (alfa) per blocco centrale"},{"Category":"Distributore tricolore","Title":"Colore blocco inferiore","File":"Advanced","Section":"Constants","Key":"x225|y225|z225","Value":-12490271.0,"ValueType":"Color","Type":"CustomColor","Description":"Valori di colore personalizzati per il blocco inferiore del distributore tricolore."},{"Category":"Distributore tricolore","Title":"Luminosità blocco inferiore","File":"Advanced","Section":"Constants","Key":"w225","Value":1.0,"ValueType":"Brightness","Type":"2X","Description":"Luminosità per blocco inferiore"},{"Category":"Distributore sfumatura","Title":"Colore 1","File":"Advanced","Section":"Constants","Key":"x47|y47|z47","Value":-12490271.0,"ValueType":"Color","Type":"CustomColor","Description":"Colore personalizzato per il colore 1: Colore superiore del distributore sfumatura."},{"Category":"Gradient Distributor","Title":"Dominanza 1","File":"Advanced","Section":"Constants","Key":"w47","Value":1.0,"ValueType":"Brightness","Type":"4X","Description":"Colore 1 dominanza (valori > 1,0 aumenteranno la dominanza, valori < 1,0 diminuiranno la dominanza)"},{"Category":"Distributore gradiente","Title":"Colore 2","File":"Advanced","Section":"Constants","Key":"x46|y46|z46","Value":-12490271.0,"ValueType":"Color","Type":"CustomColor","Description":"Colore personalizzato per il colore 2: Colore inferiore del Distributore gradiente."},{"Category":"Distributore gradiente","Title":"Luminosità","File":"Advanced","Section":"Constants","Key":"w46","Value":1.0,"ValueType":"Brightness","Type":"2X","Description":"Luminosità complessiva del Distributore gradiente"},{"Category":"Distributore di potenza - Modalità Pips","Title":"Pips","File":"Startup-Profile","Section":"Constants","Key":"w134","Value":100.0,"ValueType":"Preset","Type":"AdvancedMode","Description":"Modalità Pips Distributore di potenza"},{"Category":"Power Distributor - Pips","Title":"Pips Color","File":"Advanced","Section":"Constants","Key":"x214|y214|z214","Value":-12490271.0,"ValueType":"Color","Type":"CustomColor","Description":"Colore personalizzato per Power Distributor Pipsr."},{"Category":"Distributore di potenza - Pips","Title":"Luminosità","File":"Advanced","Section":"Constants","Key":"w214","Value":1.0,"ValueType":"Brightness","Type":"2X","Description":"Luminosità per i Pips del distributore di potenza"},{"Category":"Distributore di potenza - Pips","Title":"Pip booster non attivo","File":"Advanced","Section":"Constants","Key":"z134","Value":1.0,"ValueType":"Brightness","Type":"2X","Description":"Luminosità per Pips inattivi."},{"Category":"Blocchi di selezione","Title":"Modalità","File":"Startup-Profile","Section":"Constants","Key":"z136","Value":100.0,"ValueType":"Preset","Type":"AdvancedMode","Description":"Modalità Blocchi di selezione del distributore"},{"Category":"Blocchi di selezione","Title":"Colore personalizzato","File":"Advanced","Section":"Constants","Key":"x230|y230|z230","Value":-12490271.0,"ValueType":"Color","Type":"CustomColor","Description":"Colore personalizzato per i Blocchi di selezione del distributore."},{"Category":"Blocchi di selezione","Title":"Luminosità","File":"Advanced","Section":"Constants","Key":"w230","Value":1.0,"ValueType":"Brightness","Type":"2X","Description":"Luminosità per i Blocchi di selezione del distributore"},{"Category":"Barre RST (Reset)","Title":"Modalità","File":"Startup-Profile","Section":"Constants","Key":"w133","Value":100.0,"ValueType":"Preset","Type":"AdvancedMode","Description":"Barre RST [..] sotto distributore"},{"Category":"Barre RST (Reset)","Title":"Colore personalizzato","File":"Advanced","Section":"Constants","Key":"x227|y227|z227","Value":-12490271.0,"ValueType":"Color","Type":"CustomColor","Description":"Colore personalizzato per barre RST sotto distributore."},{"Category":"Barre RST (Reset)","Title":"Luminosità","File":"Advanced","Section":"Constants","Key":"w227","Value":1.0,"ValueType":"Brightness","Type":"2X","Description":"Luminosità per barre RST"}]},{"Name":"FuelBars","Title":"Firma e barre del carburante","Elements":[{"Category":"Barra della firma","Title":"Modalità","File":"Startup-Profile","Section":"Constants","Key":"w106","Value":100.0,"ValueType":"Preset","Type":"AdvancedMode","Description":"Modalità della barra della firma"},{"Category":"Barra della firma","Title":"Colore primario","File":"Advanced","Section":"Constants","Key":"x206|y206|z206","Value":-12490271.0,"ValueType":"Color","Type":"CustomColor","Description":"Colore primario, parte esterna del segnale"},{"Category":"Barra della firma","Title":"Colore secondario","File":"Advanced","Section":"Constants","Key":"x207|y207|z207","Value":-12490271.0,"ValueType":"Color","Type":"CustomColor","Description":"Colore secondario, metà del segnale (rispetto al colore principale)"},{"Category":"Barra della firma","Title":"Alfa generale","File":"Advanced","Section":"Constants","Key":"w207","Value":1.0,"ValueType":"Brightness","Type":"2X","Description":"Alfa generale (trasparenza) per la barra della firma"},{"Category":"Barra del carburante","Title":"Modalità barra del carburante","File":"Startup-Profile","Section":"Constants","Key":"y135","Value":100.0,"ValueType":"Preset","Type":"AdvancedMode","Description":"Modalità barra del carburante"},{"Category":"Barra del carburante","Title":"Colore personalizzato","File":"Advanced","Section":"Constants","Key":"x216|y216|z216","Value":-12490271.0,"ValueType":"Color","Type":"CustomColor","Description":"Colore personalizzato per la barra del carburante"},{"Category":"Barra del carburante","Title":"Luminosità","File":"Advanced","Section":"Constants","Key":"w216","Value":1.0,"ValueType":"Brightness","Type":"2X","Description":"Luminosità per la barra del carburante"},{"Category":"Barra del carburante","Title":"Carburante per il prossimo salto","File":"Advanced","Section":"Constants","Key":"x94|y94|z94","Value":-12490271.0,"ValueType":"Color","Type":"CustomColor","Description":"(deve avere un sistema programmato nel tuo computer Nav per vedere questo elemento)"},{"Category":"Barra del carburante","Title":"Luminosità del salto successivo","File":"Advanced","Section":"Constants","Key":"w94","Value":1.0,"ValueType":"Brightness","Type":"2X","Description":"Luminosità del salto successivo, (non può rendere invisibile, diventa nero a 0,0)"},{"Category":"Barra del carburante","Title":"Modalità cucchiaio carburante","File":"Startup-Profile","Section":"Constants","Key":"x133","Value":200.0,"ValueType":"Preset","Type":"AdvancedMode","Description":"Modalità per velocità/quantità di raccolta, non livello di calore"},{"Category":"Barra del carburante","Title":"Colore della paletta del carburante","File":"Advanced","Section":"Constants","Key":"x145|y145|z145|w145","Value":-12490271.0,"ValueType":"Color","Type":"CustomColor","Description":"Colore personalizzato per la paletta del carburante *Alpha"},{"Category":"Luci di stato","Title":"Modalità","File":"Startup-Profile","Section":"Constants","Key":"z135","Value":100.0,"ValueType":"Preset","Type":"AdvancedMode","Description":"Modalità per le luci di stato (blocco di massa, carrello di atterraggio, scoop di carico)."},{"Category":"Indicatori di stato","Title":"Colore spento","File":"Advanced","Section":"Constants","Key":"x217|y217|z217","Value":-12490271.0,"ValueType":"Color","Type":"CustomColor","Description":"Colore personalizzato per lo stato di spegnimento della luce."},{"Category":"Spie di stato","Title":"Colore ON","File":"Advanced","Section":"Constants","Key":"x218|y218|z218","Value":-12490271.0,"ValueType":"Color","Type":"CustomColor","Description":"Colore personalizzato per stato luce ON."}]},{"Name":"StationsPanels","Title":"Pannelli Nave e Stazioni","Elements":null}],"Presets":[{"Type":"AdvancedMode","Name":"Custom Color","Index":100.0},{"Type":"AdvancedMode","Name":"XML (User Defined)","Index":199.0},{"Type":"AdvancedMode","Name":"Elite Default","Index":200.0},{"Type":"ShortMode","Name":"Custom Color","Index":100.0},{"Type":"ShortMode","Name":"Elite Default","Index":200.0},{"Type":"TextModeShort","Name":"Use Custom Colour","Index":100.0},{"Type":"TextModeShort","Name":"Use Main Text on panel colour","Index":101.0},{"Type":"PlanetaryLandingMode","Name":"Same as Custom Main Text (orange text swap)","Index":101.0},{"Type":"PlanetaryLandingMode","Name":"Same as Custom Blue Text Colour Swap","Index":102.0},{"Type":"PlanetaryLandingMode","Name":"Same as Custom AHUD Text colour","Index":103.0},{"Type":"PlanetaryLandingMode","Name":"XML","Index":199.0},{"Type":"PlanetaryLandingMode","Name":"Elite Default","Index":200.0},{"Type":"AltitudeBarText","Name":"Same as Custom Main Text Color","Index":101.0},{"Type":"AltitudeBarText","Name":"Same as Latitude / Longitude Coordinates Text Colour","Index":102.0},{"Type":"TextBackgroundShadowsGlow","Name":"Black","Index":0.0},{"Type":"TextBackgroundShadowsGlow","Name":"Text colour Glow (default)","Index":1.0},{"Type":"GalaxyMapMode","Name":"Custom Color","Index":100.0},{"Type":"GalaxyMapMode","Name":"Grey","Index":101.0},{"Type":"GalaxyMapMode","Name":"XML (User Defined)","Index":199.0},{"Type":"GalaxyMapMode","Name":"Elite Default","Index":200.0},{"Type":"PowersMode","Name":"Custom Color","Index":100.0},{"Type":"PowersMode","Name":"Grey","Index":101.0},{"Type":"PowersMode","Name":"True powers colours","Index":102.0},{"Type":"PowersMode","Name":"XML (User Defined)","Index":199.0},{"Type":"PowersMode","Name":"Elite Default","Index":200.0},{"Type":"AmbientLights","Name":"Custom Single Color","Index":100.0},{"Type":"AmbientLights","Name":"Custom Bi-colour","Index":101.0},{"Type":"AmbientLights","Name":"XML (User Defined)","Index":199.0},{"Type":"AmbientLights","Name":"Elite default","Index":200.0},{"Type":"CabinLightingStyle","Name":"Restricted","Index":0.0},{"Type":"CabinLightingStyle","Name":"Full","Index":1.0},{"Type":"CabinLightingStyle","Name":"Complete","Index":2.0},{"Type":"CabinLightingStyle","Name":"Space Disco","Index":3.0},{"Type":"ShipPanelOpacity","Name":"Custom Color","Index":100.0},{"Type":"ShipPanelOpacity","Name":"Space Grey (dark)","Index":101.0},{"Type":"ShipPanelOpacity","Name":"XML (User Defined)","Index":199.0},{"Type":"ShipPanelOpacity","Name":"Elite Default","Index":200.0},{"Type":"AHUDText","Name":"Use Main Text Color","Index":100.0},{"Type":"AHUDText","Name":"Custom","Index":101.0},{"Type":"AHUDText","Name":"Elite Default","Index":200.0},{"Type":"ShieldColor","Name":"Custom Multi-Shield","Index":100.0},{"Type":"ShieldColor","Name":"Custom Single Color","Index":101.0},{"Type":"ShieldColor","Name":"XML (User Defined)","Index":199.0},{"Type":"ShieldColor","Name":"Elite default","Index":200.0},{"Type":"ShieldsDown","Name":"Red - Default Elite","Index":0.0},{"Type":"ShieldsDown","Name":"Black - Custom","Index":1.0},{"Type":"PowerDistributor","Name":"Custom Single Color","Index":100.0},{"Type":"PowerDistributor","Name":"Custom Gradient","Index":101.0},{"Type":"PowerDistributor","Name":"Custom Tri-colour","Index":102.0},{"Type":"PowerDistributor","Name":"XML (User Defined)","Index":199.0},{"Type":"PowerDistributor","Name":"Elite default","Index":200.0},{"Type":"CausticEffect","Name":"Original Elite yellow/green colour","Index":0.0},{"Type":"CausticEffect","Name":"Custom Color","Index":1.0},{"Type":"RankIcon","Name":"Use Main Text Color","Index":100.0},{"Type":"RankIcon","Name":"Neutral target holo colour","Index":101.0},{"Type":"RankIcon","Name":"XML (User Defined)","Index":199.0},{"Type":"RankIcon","Name":"Elite Default","Index":200.0},{"Type":"SC_SideLines","Name":"Off","Index":0.0},{"Type":"SC_SideLines","Name":"Custom Color","Index":100.0},{"Type":"SC_SideLines","Name":"XML (User Defined)","Index":199.0},{"Type":"SC_SideLines","Name":"Elite Default","Index":200.0}],"xml_profile":[{"key":"x150","value":1.0},{"key":"y150","value":0.0},{"key":"z150","value":0.0},{"key":"x151","value":0.0},{"key":"y151","value":1.0},{"key":"z151","value":0.0},{"key":"x152","value":0.0},{"key":"y152","value":0.0},{"key":"z152","value":1.0}]}