{"language":"de","game":"ED_Odissey","version":"10.1","name":null,"author":"Blue Mystic","ui_groups":[{"Name":"Panel_UP","Title":"Platte (oben)","Elements":[{"Category":"Chat-Panel","Title":"Chat-Panel-Zeilen","File":"Startup-Profile","Section":"Constants","Key":"x137","Value":100.0,"ValueType":"Preset","Type":"AdvancedMode","Description":"Modus für Chat-Panel-Zeilen (oben links)\r\nHinweis: Die Farben sehen etwas anders aus als die Info-Panel-Zeilen, da die ursprünglichen Elite-Farben anders sind."},{"Category":"Chat-Panel","Title":"Benutzerdefinierte Farbe","File":"Advanced","Section":"Constants","Key":"x232|y232|z232|w232","Value":-12490271.0,"ValueType":"Color","Type":"CustomColor","Description":"Benutzerdefinierte Farbe für Chat-Panel-Zeilen. (*Alpha)"},{"Category":"Chat-Panel","Title":"Chat-Panel-Icons","File":"Startup-Profile","Section":"Constants","Key":"y137","Value":100.0,"ValueType":"Preset","Type":"AdvancedMode","Description":"Modus für Chat-Panel-Icons."},{"Category":"Chat-Panel","Title":"Benutzerdefinierte Farbe","File":"Advanced","Section":"Constants","Key":"x233|y233|z233|w233","Value":-12490271.0,"ValueType":"Color","Type":"CustomColor","Description":"Benutzerdefinierte Farbe für Chat-Panel-Symbole. (*Alpha)"},{"Category":"Info-Panel","Title":"Info-Panel-Zeilen","File":"Startup-Profile","Section":"Constants","Key":"w206","Value":100.0,"ValueType":"Preset","Type":"AdvancedMode","Description":"Modus für Info-Panel-Zeilen (oben rechts)"},{"Category":"Infofeld","Title":"Infofeldlinien","File":"Advanced","Section":"Constants","Key":"x208|y208|z208|w208","Value":-12490271.0,"ValueType":"Color","Type":"CustomColor","Description":"Benutzerdefinierte Farbe für Infofeldlinien. (*Alpha)"},{"Category":"Infofeld","Title":"Schiffsname","File":"Startup-Profile","Section":"Constants","Key":"z137","Value":100.0,"ValueType":"Preset","Type":"AdvancedMode","Description":"Textfarbe für den Schiffsnamen."},{"Category":"Infobereich","Title":"Schiffsname","File":"Advanced","Section":"Constants","Key":"x235|y235|z235","Value":-12490271.0,"ValueType":"Color","Type":"CustomColor","Description":"Benutzerdefinierte Farbe für den Schiffsnamen."},{"Category":"Infobereich","Title":"Helligkeit des Schiffsnamens","File":"Advanced","Section":"Constants","Key":"w235","Value":1.0,"ValueType":"Brightness","Type":"2X","Description":"Helligkeit des Schiffsnamens"},{"Category":"Infobereich","Title":"Hintergrundbeleuchtung des Schiffsnamens","File":"Advanced","Section":"Constants","Key":"x183|y183|z183","Value":-12490271.0,"ValueType":"Color","Type":"CustomColor","Description":"Benutzerdefinierte Farbe für die Hintergrundbeleuchtung des Schiffsnamens"},{"Category":"Infobereich","Title":"Hintergrundbeleuchtung des Schiffsnamens","File":"Advanced","Section":"Constants","Key":"w183","Value":1.0,"ValueType":"Brightness","Type":"2X","Description":"Hintergrundbeleuchtung des Schiffsnamens"}]},{"Name":"Reticle","Title":"Zielabsehen","Elements":[{"Category":"Ziel-Fadenkreuz","Title":"Ziel-Fadenkreuz","File":"Startup-Profile","Section":"Constants","Key":"y141","Value":100.0,"ValueType":"Preset","Type":"AdvancedMode","Description":"Modus für Ziel-Fadenkreuz"},{"Category":"Zielfadenkreuz","Title":"Rangsymbol","File":"Startup-Profile","Section":"Constants","Key":"w141","Value":100.0,"ValueType":"Preset","Type":"RankIcon","Description":"Rangsymbol, das neben dem Zielschiff erscheint (nur neutral / orange)"},{"Category":"Zielabsehen – Komponenten","Title":"Große Tri-Bars","File":"Advanced","Section":"Constants","Key":"x56|y56|z56|w56","Value":-12490271.0,"ValueType":"Color","Type":"CustomColor","Description":"Benutzerdefinierte Farbe für große Tri-Bars (eine vertikale oben, zwei Diagonale unten). (*Alpha)"},{"Category":"Zielabsehen - Komponenten","Title":"Kleine Tri-Bars","File":"Advanced","Section":"Constants","Key":"x57|y57|z57|w57","Value":-12490271.0,"ValueType":"Color","Type":"CustomColor","Description":"Benutzerdefinierte Farbe für kleine Tri-Bars. (*Alpha)"},{"Category":"Fadenkreuz – Komponenten","Title":"Großer Kreis","File":"Advanced","Section":"Constants","Key":"x58|y58|z58|w58","Value":-12490271.0,"ValueType":"Color","Type":"CustomColor","Description":"Benutzerdefinierte Farbe für großen Kreis. (*Alpha)"},{"Category":"Fadenkreuz – Komponenten","Title":"Führender Kreis","File":"Advanced","Section":"Constants","Key":"x59|y59|z59|w59","Value":-12490271.0,"ValueType":"Color","Type":"CustomColor","Description":"Benutzerdefinierte Farbe für Führungskreis. (*Alpha)"},{"Category":"Fadenkreuz – Komponenten","Title":"Waffenpunkte","File":"Advanced","Section":"Constants","Key":"x60|y60|z60|w60","Value":-12490271.0,"ValueType":"Color","Type":"CustomColor","Description":"Benutzerdefinierte Farbe für Waffenpunkte. (*Alpha)"},{"Category":"Fadenkreuz – Komponenten","Title":"Mauspunkt","File":"Advanced","Section":"Constants","Key":"x61|y61|z61|w61","Value":-12490271.0,"ValueType":"Color","Type":"CustomColor","Description":"Benutzerdefinierte Farbe für Mauspunkt. (*Alpha)"},{"Category":"Zielfadenkreuz - Komponenten","Title":"Raketensperre","File":"Advanced","Section":"Constants","Key":"x62|y62|z62|w62","Value":-12490271.0,"ValueType":"Color","Type":"CustomColor","Description":"Benutzerdefinierte Farbe für Raketensperre (auch Abheben von Planetenanimation) *Alpha"},{"Category":"Umwelt- und Zielziele","Title":"Modus","File":"Startup-Profile","Section":"Constants","Key":"z141","Value":100.0,"ValueType":"Preset","Type":"AdvancedMode","Description":"Modus für Umwelt- und Zielziele (und Raketensperre)."},{"Category":"Umgebungs- und Zielziele","Title":"Mögliches Schiffsziel","File":"Advanced","Section":"Constants","Key":"x64|y64|z64|w64","Value":-12490271.0,"ValueType":"Color","Type":"CustomColor","Description":"Benutzerdefinierte Farbe für mögliches Schiffsziel (nicht ausgewählt). (*Alpha)"},{"Category":"Umgebungs- und Zielziele","Title":"Mögliches Zielziel","File":"Advanced","Section":"Constants","Key":"x65|y65|z65|w65","Value":-12490271.0,"ValueType":"Color","Type":"CustomColor","Description":"Benutzerdefinierte Farbe für mögliches Zielziel und relativen Mauspfeil. (*Alpha)"},{"Category":"Umgebungs- und Zielziele","Title":"Möglicher Supercruise-Zielkreis","File":"Advanced","Section":"Constants","Key":"x66|y66|z66|w66","Value":-12490271.0,"ValueType":"Color","Type":"CustomColor","Description":"Benutzerdefinierte Farbe für möglichen Supercruise-Zielkreis. (*Alpha)"},{"Category":"Umgebungs- und Zielziele","Title":"Zielkreis","File":"Advanced","Section":"Constants","Key":"x67|y67|z67|w67","Value":-12490271.0,"ValueType":"Color","Type":"CustomColor","Description":"Benutzerdefinierte Farbe für Zielkreis. (*Alpha)"},{"Category":"Umgebungs- und Zielziele","Title":"Texthelligkeit","File":"Advanced","Section":"Constants","Key":"w68","Value":0.4,"ValueType":"Brightness","Type":"2X","Description":"Zielziel Texthelligkeit (der Text rechts vom Kreis)"},{"Category":"Umgebungs- und Zielziele","Title":"Gray-Rhombus-Modus","File":"Startup-Profile","Section":"Constants","Key":"x107","Value":100.0,"ValueType":"Preset","Type":"AdvancedMode","Description":"Modus für Grey-Rhombus (nicht-biologisches potenzielles Ziel in der Umwelt)"},{"Category":"Umwelt- und Bestimmungsziele","Title":"Graue Rhombus-Farbe","File":"Advanced","Section":"Constants","Key":"x171|y171|z171","Value":-12490271.0,"ValueType":"Color","Type":"CustomColor","Description":"Benutzerdefinierte Farbe für Grey Rhombus (nicht-biologisches potenzielles Ziel in der Umwelt)."},{"Category":"Umgebungs- und Bestimmungsziele","Title":"Rautenhelligkeit","File":"Advanced","Section":"Constants","Key":"w171","Value":1.0,"ValueType":"Brightness","Type":"2X","Description":"Helligkeit für Graue Raute (nicht-biologisches potenzielles Ziel in der Umwelt)."},{"Category":"Umgebungs- und Zielziele","Title":"Verstärkung der grauen Raute","File":"Advanced","Section":"Constants","Key":"y107","Value":1.0,"ValueType":"ONOFF","Type":"ONOFF","Description":"Verbesserung der Deckkraft in SRV\r\nEine Verstärkung für die SRV wurde hinzugefügt, da die graue Raute auf einer Planetenoberfläche sehr schwach ist."},{"Category":"Ship Planetary Landing","Title":"Textmodus","File":"Startup-Profile","Section":"Constants","Key":"w229","Value":200.0,"ValueType":"Preset","Type":"PlanetaryLandingMode","Description":"Modus für gelandeten Text (normalerweise blau)"},{"Category":"Ship Planetary Landing","Title":"Text Brightness","File":"Advanced","Section":"Constants","Key":"w107","Value":0.4,"ValueType":"Brightness","Type":"2X","Description":"In der Standardeinstellung von Elite wird der blaue Text „Ship Secured“ bei der Landung ausgeblendet.\r\nHier können Sie die Helligkeit dieses Textes verringern (empfohlen 0,4 bis 0,6)."}]},{"Name":"Settings","Title":"HUD-Einstellungen","Elements":[{"Category":"Haupttext","Title":"Textmodus","File":"Startup-Profile","Section":"Constants","Key":"w75","Value":100.0,"ValueType":"Preset","Type":"AdvancedMode","Description":"Orangefarbener Textfarbwechsel (der Großteil des Textes)."},{"Category":"Haupttext","Title":"Textfarbe","File":"Advanced","Section":"Constants","Key":"x77|y77|z77|w77","Value":-12490271.0,"ValueType":"Color","Type":"CustomColour","Description":"Benutzerdefinierte Farbe für globalen Text. *Alpha*"},{"Category":"Haupttext","Title":"Hervorgehobener-Text-Modus","File":"Startup-Profile","Section":"Constants","Key":"z87","Value":200.0,"ValueType":"Preset","Type":"ShortMode","Description":"Modus für hervorgehobenen Text in allen Bedienfeldern."},{"Category":"Haupttext","Title":"Hervorgehobene Textfarbe","File":"Advanced","Section":"Constants","Key":"x143|y143|z143|w143","Value":-12490271.0,"ValueType":"Color","Type":"CustomColour","Description":"Benutzerdefinierte Farbe für hervorgehobenen Text in allen Bedienfeldern. *Alpha*"},{"Category":"Sekundärtexte","Title":"Textmodus","File":"Startup-Profile","Section":"Constants","Key":"y78","Value":200.0,"ValueType":"Preset","Type":"AdvancedMode","Description":"Blauer Textfarbwechsel (um den AHUD- und Missionstext herum, unter anderem)."},{"Category":"Sekundärtexte","Title":"Textfarbe","File":"Advanced","Section":"Constants","Key":"x82|y82|z82|w82","Value":-12490271.0,"ValueType":"Color","Type":"CustomColour","Description":"Benutzerdefinierte Farbe für Sekundärtexte. *Alpha*"},{"Category":"Tertiäre Texte","Title":"Textmodus","File":"Startup-Profile","Section":"Constants","Key":"z78","Value":200.0,"ValueType":"Preset","Type":"AdvancedMode","Description":"Wechsel der gelben Textfarbe (unter anderem Hervorhebung des eigenen Trägers, Landefadenkreuztext)."},{"Category":"Tertiäre Texte","Title":"Textfarbe","File":"Advanced","Section":"Constants","Key":"x80|y80|z80|w80","Value":-12490271.0,"ValueType":"Color","Type":"CustomColour","Description":"Benutzerdefinierte Farbe für tertiäre Texte. *Alpha*"},{"Category":"Galaxy Map","Title":"Icon Mode","File":"Startup-Profile","Section":"Constants","Key":"y84","Value":199.0,"ValueType":"Preset","Type":"AdvancedMode","Description":"GalMap Icon Color (außer Engineering) und Travel Line Farbe."},{"Category":"Galaxy Map","Title":"Symbolfarbe","File":"Advanced","Section":"Constants","Key":"x85|y85|z85|w85","Value":-12490271.0,"ValueType":"Color","Type":"CustomColor","Description":"Benutzerdefinierte Farbe für GalMap-Symbolfarbe. *Alpha*"},{"Category":"Galaxy Map","Title":"Engineering-Icon-Modus","File":"Startup-Profile","Section":"Constants","Key":"z84","Value":100.0,"ValueType":"Preset","Type":"AdvancedMode","Description":"GalMap Engineering-Icon-Modus"},{"Category":"Galaxy Map","Title":"Engineering-Symbolfarbe","File":"Advanced","Section":"Constants","Key":"x86|y86|z86|w86","Value":-12490271.0,"ValueType":"Color","Type":"CustomColor","Description":"Benutzerdefinierte Farbe für die GalMap Engineering-Symbolfarbe. *Alpha*"},{"Category":"Galaxy Map","Title":"Systemverbindungslinien","File":"Startup-Profile","Section":"Constants","Key":"y89","Value":100.0,"ValueType":"Preset","Type":"GalaxyMapMode","Description":"Modus für Systemverbindungslinien.\r\nHinweis: Sie können diese in den GalMap-Anzeigeoptionen (im Spiel) deaktivieren – Symbolreihe unten links."},{"Category":"Galaxy Map","Title":"Systemverbindungslinien","File":"Advanced","Section":"Constants","Key":"x179|y179|z179|w179","Value":-12490271.0,"ValueType":"Color","Type":"CustomColor","Description":"Benutzerdefinierte Farbe für Systemverbindungslinien. *Alpha*"},{"Category":"Galaxy Map","Title":"System Hats","File":"Startup-Profile","Section":"Constants","Key":"w97","Value":1.0,"ValueType":"ONOFF","Type":"ONOFF","Description":"Toogle für GalMap System Hats (Halbkreise über Sternenbildern)."},{"Category":"Powers and GalNet","Title":"Background Color Mode","File":"Startup-Profile","Section":"Constants","Key":"x99","Value":100.0,"ValueType":"Preset","Type":"GalaxyMapMode","Description":"Modus für Powers and GalNet Background Color."},{"Category":"Kräfte und GalNet","Title":"Galnet-Bildfilterfarbe","File":"Startup-Profile","Section":"Constants","Key":"w104","Value":100.0,"ValueType":"Preset","Type":"GalaxyMapMode","Description":"Modus für Galnet-Bildfilterfarbe."},{"Category":"Kräfte und GalNet","Title":"Benutzerdefinierte Farbe","File":"Advanced","Section":"Constants","Key":"x180|y180|z180|w180","Value":-12490271.0,"ValueType":"Color","Type":"CustomColor","Description":"Benutzerdefinierte Farbe für Kräfte und GalNet-Hintergrundfarbe. *Alpha*"},{"Category":"Kräfte und GalNet","Title":"Codexfilter Farbe","File":"Startup-Profile","Section":"Constants","Key":"w81","Value":100.0,"ValueType":"Preset","Type":"GalaxyMapMode","Description":"Modus für Codexfilter (auch Passagiermissionen) Farbe."},{"Category":"Powers and GalNet","Title":"Benutzerdefinierte Farbe","File":"Advanced","Section":"Constants","Key":"x181|y181|z181|w181","Value":-12490271.0,"ValueType":"Color","Type":"CustomColor","Description":"Benutzerdefinierte Farbe foder Codex-, Galnet- und Powers-Filter Benutzerdefinierte Farbe. *Alpha*"},{"Category":"Powers and GalNet","Title":"Powers Panel Portrait","File":"Startup-Profile","Section":"Constants","Key":"y99","Value":100.0,"ValueType":"Preset","Type":"PowersMode","Description":"Modus für Powers Panel Portraitfilter & Galnet-Bildfilter.\r\nHinweis: Wenn Sie den Modus ändern, müssen Sie Ihren Cursor auf dem Bildschirm (im Spiel) bewegen, um ihn zu aktualisieren.\r\nHinweis: Wenn Für den Powers Panel-Filter ist „Echte Powers-Farben“ ausgewählt, der Galnet-Filter verwendet die benutzerdefinierte Farbe."},{"Category":"Warnungen - Geschwindigkeitsüberschreitung","Title":"Farbmodus","File":"Startup-Profile","Section":"Constants","Key":"y104","Value":100.0,"ValueType":"Preset","Type":"AdvancedMode","Description":"Modus für Geschwindigkeitswarnung (nur Linien)"},{"Category":"Warnungen – Geschwindigkeitsüberschreitung","Title":"Benutzerdefinierte Farbe","File":"Advanced","Section":"Constants","Key":"x172|y172|z172","Value":-12490271.0,"ValueType":"Color","Type":"CustomColor","Description":"Benutzerdefinierte Farbe für Geschwindigkeitsüberschreitungswarnung (nur Linien)"},{"Category":"Warnungen - Geschwindigkeitsüberschreitung","Title":"Helligkeit","File":"Advanced","Section":"Constants","Key":"w172","Value":1.1,"ValueType":"Brightness","Type":"2X","Description":"Helligkeit für Geschwindigkeitsüberschreitungswarnung (nur Linien)."},{"Category":"Warnungen - Remote Release Flac","Title":"Farbmodus","File":"Startup-Profile","Section":"Constants","Key":"w174","Value":100.0,"ValueType":"Preset","Type":"AdvancedMode","Description":"Modus für Remote Release Flac / Flechette Launcher"},{"Category":"Warnungen - Remote Release Flac","Title":"Benutzerdefinierte Farbe","File":"Advanced","Section":"Constants","Key":"x173|y173|z173","Value":-12490271.0,"ValueType":"Color","Type":"CustomColor","Description":"Benutzerdefinierte Farbe für Remote Release Flac / Flechette Launcher.\r\nHinweis: Das rote Triggersignal kann derzeit nicht modifiziert werden.\r\nHelligkeitssteuerungen sind nicht verfügbar, da sie einen Fehler zwischen den Außen- und Nachbarschaftselemente; Um die Helligkeit zu reduzieren, reduzieren Sie einfach Ihre RGB-Werte um den gleichen Prozentsatz"},{"Category":"Warnungen - Flac-Fernauslöser","Title":"Farbe in der Nähe des Ziels","File":"Advanced","Section":"Constants","Key":"x174|y174|z174","Value":-12490271.0,"ValueType":"Color","Type":"CustomColor","Description":"Benutzerdefinierte Farbe für Flac-Fernauslöser/Flechette-Werfer.\r\nHinweis: Das rote Auslösesignal kann derzeit nicht modifiziert werden.\r\nHelligkeitssteuerungen sind nicht verfügbar, da sie einen Fehler verursachen die äußeren und Nähe-Elemente; Um die Helligkeit zu reduzieren, reduzieren Sie einfach Ihre RGB-Werte um den gleichen Prozentsatz"},{"Category":"Warnungen - SuperCruice","Title":"FSD-Ladeleiste","File":"Startup-Profile","Section":"Constants","Key":"y133","Value":100.0,"ValueType":"Preset","Type":"AdvancedMode","Description":"Modus für FSD-Ladeleiste."},{"Category":"Warnungen - SuperCruice","Title":"FSD-Ladebalken","File":"Advanced","Section":"Constants","Key":"x182|y182|z182|w182","Value":-12490271.0,"ValueType":"Color","Type":"CustomColor","Description":"Benutzerdefinierte Farbe für FSD-Ladebalken (*Alpha)."},{"Category":"Farbschutz","Title":"Bright Yellow Protection","File":"Startup-Profile","Section":"Constants","Key":"z3","Value":1.0,"ValueType":"ONOFF","Type":"ONOFF","Description":"Der Mod schützt bestimmte standardmäßige Elite-Farben, um dem Panel und den interaktiven Bildschirmen Abwechslung zu verleihen (andernfalls werden sie alle mit Ihrem XML gefärbt). Sie können den Farbschutz unten überschreiben.\r\nBitte beachten Sie: Diese Version von EDHM wurde mit Farbschutz entwickelt, daher wird empfohlen, diese Einstellung aktiviert zu lassen (oder möglicherweise die hellen Gelbtöne zu entfernen).\r\nDies ist eine neue experimentelle Funktion, und wenn Sie Störungen entdecken, lassen Sie es mich bitte wissen. Einige Symbole sind nicht farbgeschützt , sie sind einfach nicht modifiziert."},{"Category":"Farbschutz","Title":"Allgemeiner Gelbschutz","File":"Startup-Profile","Section":"Constants","Key":"y4","Value":1.0,"ValueType":"ONOFF","Type":"ONOFF","Description":"Der Mod schützt bestimmte standardmäßige Elite-Farben, um dem Panel und den interaktiven Bildschirmen Abwechslung zu verleihen (andernfalls werden sie alle mit Ihrem XML gefärbt). Sie können den Farbschutz unten überschreiben.\r\nBitte beachten Sie: Diese Version von EDHM wurde mit Farbschutz entwickelt, daher wird empfohlen, diese Einstellung aktiviert zu lassen (oder möglicherweise die hellen Gelbtöne zu entfernen).\r\nDies ist eine neue experimentelle Funktion, und wenn Sie Störungen entdecken, lassen Sie es mich bitte wissen. Einige Symbole sind nicht farbgeschützt , sie sind einfach nicht modifiziert."},{"Category":"Farbschutz","Title":"Weißschutz","File":"Startup-Profile","Section":"Constants","Key":"z4","Value":1.0,"ValueType":"ONOFF","Type":"ONOFF","Description":"Der Mod schützt bestimmte standardmäßige Elite-Farben, um dem Panel und den interaktiven Bildschirmen Abwechslung zu verleihen (andernfalls werden sie alle mit Ihrem XML gefärbt). Sie können den Farbschutz unten überschreiben.\r\nBitte beachten Sie: Diese Version von EDHM war mit Farbschutz entworfen, daher wird empfohlen, diese Einstellung aktiviert zu lassen (oder möglicherweise die hellen Gelbtöne zu entfernen).\r\nDies ist eine neue experimentelle Funktion, und wenn Sie irgendwelche Störungen entdecken, lassen Sie es mich bitte wissen Einige Symbole sind nicht farbgeschützt, sie sind einfach nicht gemoddet."},{"Category":"Farbschutz","Title":"Grüner Schutz","File":"Startup-Profile","Section":"Constants","Key":"w4","Value":1.0,"ValueType":"ONOFF","Type":"ONOFF","Description":"Der Mod schützt bestimmte standardmäßige Elite-Farben, um dem Panel und den interaktiven Bildschirmen Abwechslung zu verleihen (andernfalls werden sie alle mit Ihrem XML gefärbt). Sie können den Farbschutz unten überschreiben.\r\nBitte beachten Sie: Diese Version von EDHM war mit Farbschutz entworfen, daher wird empfohlen, diese Einstellung aktiviert zu lassen (oder möglicherweise die hellen Gelbtöne zu entfernen).\r\nDies ist eine neue experimentelle Funktion, und wenn Sie irgendwelche Störungen entdecken, lassen Sie es mich bitte wissen Einige Symbole sind nicht farbgeschützt, sie sind einfach nicht gemoddet."},{"Category":"Farbschutz","Title":"Roter Schutz","File":"Startup-Profile","Section":"Constants","Key":"x5","Value":1.0,"ValueType":"ONOFF","Type":"ONOFF","Description":"Der Mod schützt bestimmte standardmäßige Elite-Farben, um dem Bedienfeld und den interaktiven Bildschirmen Abwechslung zu verleihen (andernfalls werden sie alle mit Ihrem XML gefärbt). Sie können den Farbschutz unten überschreiben.\r\nBitte beachten Sie: Diese Version von EDHM war mit Farbschutz entworfen, daher wird empfohlen, diese Einstellung aktiviert zu lassen (oder möglicherweise die hellen Gelbtöne zu entfernen).\r\nDies ist eine neue experimentelle Funktion, und wenn Sie irgendwelche Störungen entdecken, lassen Sie es mich bitte wissen Einige Symbole sind nicht farbgeschützt, sie sind einfach nicht gemoddet."},{"Category":"Farbschutz","Title":"Cyan/Blau-Schutz","File":"Startup-Profile","Section":"Constants","Key":"y5","Value":1.0,"ValueType":"ONOFF","Type":"ONOFF","Description":"Der Mod schützt bestimmte Standard-Elite-Farben, um dem Panel und den interaktiven Bildschirmen Abwechslung zu verleihen (andernfalls werden sie alle mit Ihrem XML gefärbt). Sie können den Farbschutz unten überschreiben.\r\nBitte beachten Sie: Diese Version von EDHM wurde mit Farbschutz entwickelt, daher wird empfohlen, diese Einstellung aktiviert zu lassen (oder möglicherweise die hellen Gelbtöne zu entfernen).\r\nDies ist eine neue experimentelle Funktion, und wenn Sie Störungen entdecken, lassen Sie es mich bitte wissen. Einige Symbole sind nicht farbig geschützt, sie sind nur nicht modifiziert."},{"Category":"Farbschutz","Title":"SuperPowers / Powers Icon Protection","File":"Startup-Profile","Section":"Constants","Key":"z5","Value":1.0,"ValueType":"ONOFF","Type":"ONOFF","Description":"Der Mod schützt bestimmte standardmäßige Elite-Farben, um dem Panel und den interaktiven Bildschirmen Abwechslung zu verleihen (andernfalls werden sie alle mit Ihrem XML gefärbt). Sie können den Farbschutz unten überschreiben.\r\nBitte beachten Sie: Diese Version von EDHM wurde mit Farbschutz entwickelt, daher wird empfohlen, diese Einstellung aktiviert zu lassen (oder möglicherweise die hellen Gelbtöne zu entfernen).\r\nDies ist eine neue experimentelle Funktion, und wenn Sie irgendwelche Störungen entdecken, lassen Sie es mich bitte wissen. Einige Symbole sind es nicht farbgeschützt, sie sind nur nicht modifiziert."}]},{"Name":"Panel_Lower","Title":"Schiffsplatten","Elements":[{"Category":"Lower Panel","Title":"Panel Lines (lower)","File":"Startup-Profile","Section":"Constants","Key":"z104","Value":100.0,"ValueType":"Preset","Type":"AdvancedMode","Description":"Wert für Ihre Lieblingsfarbe Lower Panel Lines."},{"Category":"Lower Panel","Title":"Lower Panel Lines","File":"Advanced","Section":"Constants","Key":"x204|y204|z204|w204","Value":-12490271.0,"ValueType":"Color","Type":"CustomColor","Description":"(*Alpha) ** (Wenn Ihre benutzerdefinierte Farbe nahe an Orange liegt, fügen Sie ein wenig Blau hinzu (z. B. 0,1), um einen Fehler im Targeting-Panel zu vermeiden. Das Targeting-Panel verwendet eine Farbtauschtechnik, die sucht nach blau = 0)."},{"Category":"Zielfeld","Title":"Modus","File":"Startup-Profile","Section":"Constants","Key":"x140","Value":100.0,"ValueType":"Preset","Type":"AdvancedMode","Description":"Geschwindigkeit/Entfernung/Ausrichtung in Supercruise. Mit Ausnahme der unteren Feldlinien und der Textfarbe.\r\nWenn Ihre gewählte Farbe für Supercruise-Geschwindigkeits-/Distanzelemente nahe an Orange ist (hohes Rot, mittleres Grün), fügen Sie 0,1 Blau hinzu, um einen Fehler zu vermeiden"},{"Category":"Zielfeld","Title":"Korrekte Zielausrichtung (Blöcke)","File":"Advanced","Section":"Constants","Key":"x51|y51|z51","Value":-12490271.0,"ValueType":"Color","Type":"CustomColor","Description":"Benutzerdefinierte Farbe für die Zielausrichtung (korrekt) Blöcke, Balken und Anzeigelicht (blaue Abschnitte in Original Elite)."},{"Category":"Zielfeld","Title":"Helligkeit","File":"Advanced","Section":"Constants","Key":"w51","Value":1.0,"ValueType":"Brightness","Type":"2X","Description":"Helligkeit für Zielausrichtung (korrekt)"},{"Category":"Zielfeld","Title":"Trennlinienmodus","File":"Startup-Profile","Section":"Constants","Key":"x78","Value":100.0,"ValueType":"Preset","Type":"AdvancedMode","Description":"Trennlinien im Zielfeld in Supercruise"},{"Category":"Zielfeld","Title":"Farbe der Trennlinien","File":"Advanced","Section":"Constants","Key":"x79|y79|z79","Value":-12490271.0,"ValueType":"Color","Type":"CustomColor","Description":"Benutzerdefinierte Farbe für Trennlinien im Zielfeld in Supercruise"},{"Category":"Zielfeld","Title":"Helligkeit der Trennlinien","File":"Advanced","Section":"Constants","Key":"w79","Value":1.0,"ValueType":"Brightness","Type":"2X","Description":"Helligkeit für Symbole im Navigationsfeld und Zielfeld"},{"Category":"Zielfeld","Title":"Falsche Zielausrichtung (Blöcke)","File":"Advanced","Section":"Constants","Key":"x52|y52|z52","Value":-12490271.0,"ValueType":"Color","Type":"CustomColor","Description":"Benutzerdefinierte Farbe für Zielausrichtung (falsch/nicht ausgerichtet) Blöcke und Anzeigelicht(orangefarbene Abschnitte in Original Elite)."},{"Category":"Targeting Panel","Title":"Helligkeit","File":"Advanced","Section":"Constants","Key":"w52","Value":1.0,"ValueType":"Brightness","Type":"2X","Description":"Helligkeit für Zielausrichtung (Falsch)"},{"Category":"Zielfeld","Title":"Falsche Zielausrichtung (Balken)","File":"Advanced","Section":"Constants","Key":"x53|y53|z53","Value":-12490271.0,"ValueType":"Color","Type":"CustomColor","Description":"Benutzerdefinierte Farbe für Supercruise-Zielausrichtungsbalken (falsch), Trennlinien (zwischen Entfernung/Geschwindigkeit/Ausrichtung), Symbole. Diese lassen sich nicht weiter trennen.."},{"Category":"Ziel- und Navigationsfelder","Title":"Symbolmodus","File":"Startup-Profile","Section":"Constants","Key":"z75","Value":100.0,"ValueType":"Preset","Type":"AdvancedMode","Description":"Symbole auf verschiedenen Feldern"},{"Category":"Ziel- und Navigationsfelder","Title":"Symbolfarbe","File":"Advanced","Section":"Constants","Key":"x53|y53|z53","Value":-12490271.0,"ValueType":"Color","Type":"CustomColor","Description":"Benutzerdefinierte Farbe für Symbole im Navigationsbereich und Zielbereich"},{"Category":"Ziel- und Navigationsleisten","Title":"Symbolfarbe (sekundär)","File":"Advanced","Section":"Constants","Key":"x178|y178|z178","Value":-12490271.0,"ValueType":"Color","Type":"CustomColor","Description":"Wird auf Symbole und Teile von Symbolen im Navigationsbereich angewendet, die im standardmäßigen Elite Cyan waren"},{"Category":"Ziel- und Navigationsfelder","Title":"Symbolhelligkeit","File":"Advanced","Section":"Constants","Key":"w53","Value":1.0,"ValueType":"Brightness","Type":"2X","Description":"Gesamthelligkeit der Symbolfarbe"},{"Category":"Nav Panel","Title":"Nav Panel Mode","File":"Startup-Profile","Section":"Constants","Key":"z97","Value":100.0,"ValueType":"Preset","Type":"ShortMode","Description":"Aktueller Standort Pin/Wedge (nur der Aktuelle Standort Pin kann auf eine benutzerdefinierte Farbe modifiziert werden. Der Ziel Pin ist mit anderen Elementen/Linien auf dem Schiffspanel verbunden)"},{"Category":"Navigationsbereich","Title":"Benutzerdefinierte Farbe","File":"Advanced","Section":"Constants","Key":"x98|y98|z98|w98","Value":-12490271.0,"ValueType":"Color","Type":"CustomColor","Description":"Benutzerdefinierte Farbe für GalMap Engineering Icon Farbe. *Alpha*"},{"Category":"Mittleres Panel","Title":"Avatar des mittleren Panels","File":"Advanced","Section":"Constants","Key":"y157","Value":1.0,"ValueType":"Brightness","Type":"2X","Description":"Helligkeit / Transparenz des Avatars im mittleren Panel (3)"},{"Category":"Panel-Highlight","Title":"Panel-Highlight-Modus","File":"Startup-Profile","Section":"Constants","Key":"z68","Value":100.0,"ValueType":"Preset","Type":"AdvancedMode","Description":"(Hinweis: Dies färbt auch die aktuelle Geschwindigkeitsanzeige, die Supercruise-Ausrichtungsleiste (wenn nicht ausgerichtet) und den aktiven Kraftstoff auf der Kraftstoffleiste. Es kann leider nicht getrennt werden, aber Sie können die Farbe auswählen. Ich empfehle XML."},{"Category":"Bedienfeldhervorhebung","Title":"Benutzerdefinierte Farbe","File":"Advanced","Section":"Constants","Key":"x74|y74|z74","Value":-12490271.0,"ValueType":"Color","Type":"CustomColor","Description":"Benutzerdefinierte Farbe für Zielausrichtung (korrekt) Blöcke, Balken und Anzeigelicht (blaue Abschnitte in Original Elite)."},{"Category":"Panel Highlight","Title":"Helligkeit","File":"Advanced","Section":"Constants","Key":"w74","Value":1.0,"ValueType":"Brightness","Type":"2X","Description":"Helligkeit für das Panel Highlight."},{"Category":"Seitenteile","Title":"Hauptleitungen","File":"Startup-Profile","Section":"Constants","Key":"x75","Value":100.0,"ValueType":"Preset","Type":"AdvancedMode","Description":"(Hinweis: Dies färbt auch die aktuelle Geschwindigkeitsanzeige, den Supercruise-Ausrichtungsbalken (wenn nicht ausgerichtet), aktiven Kraftstoff auf dem Kraftstoffbalken. Es kann leider nicht getrennt werden, aber Sie können die Farbe auswählen. I XML empfehlen."},{"Category":"Seitenteile","Title":"Benutzerdefinierte Farbe","File":"Advanced","Section":"Constants","Key":"x76|y76|z76","Value":-12490271.0,"ValueType":"Color","Type":"CustomColor","Description":"Benutzerdefinierte Farbe für Zielausrichtung (korrekt) Blöcke, Balken und Anzeigelicht (blaue Abschnitte im Original Elite)."},{"Category":"Seitenteile","Title":"Helligkeit","File":"Advanced","Section":"Constants","Key":"w76","Value":1.0,"ValueType":"Brightness","Type":"2X","Description":"Helligkeit für die Hauptlinien der Seitenteile."},{"Category":"Schiffspanels","Title":"Schiffspanel-Schatten","File":"Startup-Profile","Section":"Constants","Key":"x89","Value":100.0,"ValueType":"Preset","Type":"ShipPanelOpacity","Description":"Modus für den Hintergrund des Schiffspanels (Schatten)"},{"Category":"Schiffspanels","Title":"Schatten des Schiffspanels","File":"Advanced","Section":"Constants","Key":"x90|y90|z90","Value":-12490271.0,"ValueType":"Color","Type":"CustomColor","Description":"Benutzerdefinierte Farbe für den Hintergrund des Schiffspanels (Schatten)"},{"Category":"Ship Panels","Title":"Panel Shadows","File":"Advanced","Section":"Constants","Key":"w90","Value":1.0,"ValueType":"Brightness","Type":"Brightness","Description":"Opacity (Alpha) für den Hintergrund der Schiffspanels."},{"Category":"Schiffspanels","Title":"Schiffsseitenpanels","File":"SuitHud","Section":"Constants","Key":"x93","Value":1.0,"ValueType":"ONOFF","Type":"ONOFF","Description":"Option zum Ersetzen von CYAN-Elementen auf Schiffsseitenpanels.\r\nWenn Sie diese Option aktivieren, werden die cyanfarbenen Rangsymbole und Teile der Symbole im Navigationsbereich mit Ihrem XML und Cyan eingefärbt.\r\nDas wird es Ändern Sie auch die Farbe der Cyan-Blöcke auf der Registerkarte „Ship Panel Storage“ mit Ihrer Panel-XML-Farbe."},{"Category":"Stationstafeln","Title":"Tafelzeichnungen","File":"Startup-Profile","Section":"Constants","Key":"w89","Value":100.0,"ValueType":"Preset","Type":"AdvancedMode","Description":"Kunst und Skizzen auf Tafeln"},{"Category":"Stationstafeln","Title":"Tafelzeichnungen","File":"Advanced","Section":"Constants","Key":"x92|y92|z92|w92","Value":-12490271.0,"ValueType":"Color","Type":"CustomColor","Description":"Benutzerdefinierte Farbe für Tafelzeichnungen. *Alpha*"},{"Category":"Missionsfeld","Title":"Missionsfeldmodus","File":"Startup-Profile","Section":"Constants","Key":"z89","Value":200.0,"ValueType":"Preset","Type":"ShortMode","Description":"Beeinflusst die Farbe der Missionsfelder im Navigationsfeld sowie das Missionssymbol auf dem Missionsauswahlbildschirm)"},{"Category":"Missionsfeld","Title":"Benutzerdefinierte Farbe","File":"Advanced","Section":"Constants","Key":"x91|y91|z91","Value":-12490271.0,"ValueType":"Color","Type":"CustomColor","Description":"Benutzerdefinierte Farbe für Missionsfelder im Navigationsfeld sowie Missionssymbol auf dem Missionsauswahlbildschirm."},{"Category":"Mission Panel","Title":"Helligkeit","File":"Advanced","Section":"Constants","Key":"w91","Value":1.0,"ValueType":"Brightness","Type":"2X","Description":"Helligkeit für Mission Panel."},{"Category":"Missionsfeld","Title":"Textmodus","File":"Startup-Profile","Section":"Constants","Key":"z81","Value":200.0,"ValueType":"Preset","Type":"TextModeShort","Description":"Missionslinie auf Navigationsfeld TEXTfarbe"},{"Category":"Wartungsfenster","Title":"Schiffsskizze","File":"Startup-Profile","Section":"Constants","Key":"w78","Value":200.0,"ValueType":"Preset","Type":"AdvancedMode","Description":"Schiffsskizze im erweiterten Wartungsfenster (Station/Träger)"},{"Category":"Wartungsbereich","Title":"Benutzerdefinierte Farbe","File":"Advanced","Section":"Constants","Key":"x146|y146|z146|w146","Value":-12490271.0,"ValueType":"Color","Type":"CustomColor","Description":"Benutzerdefinierte Farbe für Schiffsskizze. *Alpha"},{"Category":"OwnCarrier Nav Panel","Title":"Panel-Modus","File":"Startup-Profile","Section":"Constants","Key":"x81","Value":200.0,"ValueType":"Preset","Type":"ShortMode","Description":"Hinweis: Dies ändert auch die Farbe von „Gegenstandsübertragung bestätigen“ auf der Registerkarte „Ship Panel Inventory“."},{"Category":"OwnCarrier Nav Panel","Title":"Custom Color","File":"Advanced","Section":"Constants","Key":"x177|y177|z177","Value":-12490271.0,"ValueType":"Color","Type":"CustomColor","Description":"Custom Color for Mission Panels on Nav Panel, plus Mission Icon on the Mission Selection Screen."},{"Category":"OwnCarrier Nav Panel","Title":"Helligkeit","File":"Advanced","Section":"Constants","Key":"w177","Value":1.0,"ValueType":"Brightness","Type":"2X","Description":"Helligkeit für die Hauptlinien der Seitenpanels."},{"Category":"OwnCarrier Nav Panel","Title":"Textmodus","File":"Startup-Profile","Section":"Constants","Key":"y81","Value":100.0,"ValueType":"Preset","Type":"TextModeShort","Description":"Hinweis: Dadurch ändert sich auch die Farbe von „Gegenstandsübertragung bestätigen“ auf der Registerkarte „Inventar“ des Schiffspanels."},{"Category":"OwnCarrier-Navigationsfeld","Title":"Textfarbe","File":"Advanced","Section":"Constants","Key":"x177|y177|z177","Value":-12490271.0,"ValueType":"Color","Type":"CustomColor","Description":"Benutzerdefinierte Farbe für Missionsfelder im Navigationsfeld sowie Missionssymbol auf dem Missionsauswahlbildschirm."}]},{"Name":"Lighting","Title":"Kabinenbeleuchtung","Elements":[{"Category":"Kabine - Cockpitbeleuchtung","Title":"Farbmodus","File":"Startup-Profile","Section":"Constants","Key":"y68","Value":100.0,"ValueType":"Preset","Type":"AmbientLights","Description":"Modus für Kabinen-/Cockpitbeleuchtung"},{"Category":"Kabine – Cockpitbeleuchtung","Title":"Beleuchtungsstil","File":"Advanced","Section":"Constants","Key":"x68","Value":2.0,"ValueType":"Preset","Type":"CabinLightingStyle","Description":"0 = Eingeschränkt (nahe dem Elite-Standard, Kabinenlicht deckt nicht das gesamte Cockpit ab)\r\n1 = Vollständig (deckt im Vergleich zu „eingeschränkt“ einen größeren Teil des Cockpits ab, schließt jedoch Bereiche aus von weißem Licht)\r\n2 = Vollständig (Deckt die „Voll“-Bereiche ab, plus einige Bereiche mit weißem Licht. Verwenden Sie den XML-Modus (in Startup-Profile.ini), um mehrfarbiges Licht auf einigen Schiffen zu sehen (die orangefarbenen Bereiche und weiße Bereiche reagieren anders auf Ihr XML)\r\n3 = Space Disco (Flutlicht mit Hautkontamination, ganze Kabine)."},{"Category":"Kabine - Cockpitbeleuchtung","Title":"Benutzerdefinierte Farbe","File":"Advanced","Section":"Constants","Key":"x69|y69|z69","Value":-12490271.0,"ValueType":"Color","Type":"CustomColor","Description":"Benutzerdefinierte Farbe für Kabine - Cockpitbeleuchtung."},{"Category":"AmbientLights – Zweifarbig","Title":"Linke Farbe","File":"Advanced","Section":"Constants","Key":"x70|y70|z70","Value":-12490271.0,"ValueType":"Color","Type":"CustomColor","Description":"(Experimentell) – Am besten im VOLLSTÄNDIGEN Beleuchtungsmodus verwenden."},{"Category":"AmbientLights - Zweifarbig","Title":"Rechte Farbe","File":"Advanced","Section":"Constants","Key":"x71|y71|z71","Value":-12490271.0,"ValueType":"Color","Type":"CustomColor","Description":"Zweite Farbe (diese Farbe wird zur Grundfarbe auf der rechten Seite des Cockpits hinzugefügt."},{"Category":"Kabine - Cockpitbeleuchtung","Title":"Gesamthelligkeit","File":"Advanced","Section":"Constants","Key":"w69","Value":0.3,"ValueType":"Brightness","Type":"2X","Description":"Gesamthelligkeit (für alle Beleuchtungsstile)."}]},{"Name":"SpecialFX","Title":"Spezialeffekte","Elements":[{"Category":"Space FX","Title":"Supercruise SideLines","File":"Startup-Profile","Section":"Constants","Key":"w120","Value":200.0,"ValueType":"Preset","Type":"SC_SideLines","Description":"Schalter zum Entfernen von Supercruise SideLines"},{"Category":"Space FX","Title":"SC_SideLines Color","File":"Advanced","Section":"Constants","Key":"x176|y176|z176","Value":-12490271.0,"ValueType":"Color","Type":"CustomColor","Description":"Benutzerdefinierte Farbe für Supercruise SideLines."},{"Category":"Space FX","Title":"SC_SideLines Helligkeit","File":"Advanced","Section":"Constants","Key":"w176","Value":0.3,"ValueType":"Brightness","Type":"2X","Description":"Helligkeit für Supercruise SideLines."},{"Category":"Space FX","Title":"Supercruise-Schnee","File":"Startup-Profile","Section":"Constants","Key":"y121","Value":0.0,"ValueType":"ONOFF","Type":"ONOFF","Description":"Schalter zum Entfernen von Supercruise-Schnee"},{"Category":"Space FX","Title":"Space Dust","File":"Startup-Profile","Section":"Constants","Key":"z121","Value":0.0,"ValueType":"ONOFF","Type":"ONOFF","Description":"Switch für Space Dust (alias Snow im Normalflug)"},{"Category":"Orbital-/Schwerkraft-/Ausschlusszonenlinien","Title":"Orbitallinienmodus","File":"Startup-Profile","Section":"Constants","Key":"y75","Value":0.0,"ValueType":"Preset","Type":"AdvancedMode","Description":"Modus für Orbital-, Schwerkraft- und Ausschlusszonenlinien"},{"Category":"Orbital-/Schwerkraft-/Ausschlusszonenlinien","Title":"Farbe der Orbitlinien","File":"Advanced","Section":"Constants","Key":"x39|y39|z39","Value":-12490271.0,"ValueType":"Color","Type":"CustomColor","Description":"Benutzerdefinierte Farbe für Orbitlinien."},{"Category":"Orbital-/Schwerkraft-/Ausschlusszonenlinien","Title":"Helligkeit der Orbitlinien","File":"Advanced","Section":"Constants","Key":"w39","Value":0.8,"ValueType":"Brightness","Type":"2X","Description":"Helligkeit für Orbitlinien."},{"Category":"Orbital-/Schwerkraft-/Ausschlusszonenlinien","Title":"Farbe der Gravitationsbrunnenlinien","File":"Advanced","Section":"Constants","Key":"x40|y40|z40","Value":-12490271.0,"ValueType":"Color","Type":"CustomColor","Description":"Benutzerdefinierte Farbe für Gravitationsbrunnenlinien."},{"Category":"Orbital-/Schwerkraft-/Ausschlusszonenlinien","Title":"Helligkeit von Gravitationsbrunnenlinien","File":"Advanced","Section":"Constants","Key":"w40","Value":0.8,"ValueType":"Brightness","Type":"2X","Description":"Helligkeit für Gravitationsbrunnenlinien."},{"Category":"Orbital/Schwerkraft/Ausschlusszonenlinien","Title":"Ausschlusszonenlinienfarbe","File":"Advanced","Section":"Constants","Key":"x44|y44|z44","Value":-12490271.0,"ValueType":"Color","Type":"CustomColor","Description":"Benutzerdefinierte Farbe für Ausschlusszonenlinien."},{"Category":"Orbital/Schwerkraft/Ausschlusszonenlinien","Title":"Ausschlusszonenlinienhelligkeit","File":"Advanced","Section":"Constants","Key":"w44","Value":0.8,"ValueType":"Brightness","Type":"2X","Description":"Helligkeit für Ausschlusszonenlinien."},{"Category":"Linien für Orbital- / Schwerkraft- / Sperrzone","Title":"Farbe für Orbital-Kreuzfahrtlinien","File":"Advanced","Section":"Constants","Key":"x29|y29|z29","Value":-12490271.0,"ValueType":"Color","Type":"CustomColor","Description":"Benutzerdefinierte Farbe für Orbital-Kreuzfahrtlinien."},{"Category":"Orbital- / Schwerkraft- / Sperrzonenlinien","Title":"Helligkeit von Orbital Cruise Lines","File":"Advanced","Section":"Constants","Key":"w29","Value":0.8,"ValueType":"Brightness","Type":"2X","Description":"Helligkeit für Orbital Cruise Lines."},{"Category":"Nachtsicht","Title":"Nachtsichtmodus","File":"Startup-Profile","Section":"Constants","Key":"y93","Value":0.0,"ValueType":"Preset","Type":"ShortMode","Description":"Modus für Nachtsicht"},{"Category":"Nachtsicht","Title":"Nachtsichtfarbe","File":"Advanced","Section":"Constants","Key":"x43|y43|z43","Value":-12490271.0,"ValueType":"Color","Type":"CustomColor","Description":"Benutzerdefinierte Farbe für Nachtsicht."},{"Category":"Nachtsicht","Title":"Nachtsichthelligkeit","File":"Advanced","Section":"Constants","Key":"w43","Value":0.8,"ValueType":"Brightness","Type":"2X","Description":"Helligkeit für Nachtsicht."},{"Category":"Nachtsicht","Title":"PWA Asteroid Glow Mode","File":"Startup-Profile","Section":"Constants","Key":"z93","Value":0.0,"ValueType":"Preset","Type":"ShortMode","Description":"Modus für Pulswellenanalysator Asteroid Glow"},{"Category":"Nachtsicht","Title":"PWA Asteroid Glow Farbe","File":"Advanced","Section":"Constants","Key":"x41|y41|z41","Value":-12490271.0,"ValueType":"Color","Type":"CustomColor","Description":"Benutzerdefinierte Farbe für PWA Asteroid Glow."},{"Category":"Nachtsicht","Title":"PWA Asteroid Glow Helligkeit","File":"Advanced","Section":"Constants","Key":"w41","Value":0.8,"ValueType":"Brightness","Type":"2X","Description":"Helligkeit für PWA Asteroid Glow."},{"Category":"Nachtsicht","Title":"PWA-Wellenfrontmodus","File":"Startup-Profile","Section":"Constants","Key":"w93","Value":0.0,"ValueType":"Preset","Type":"ShortMode","Description":"Modus für Pulswellenanalysator-Wellenfront"},{"Category":"Nachtsicht","Title":"PWA Wavefront Color","File":"Advanced","Section":"Constants","Key":"x42|y42|z42","Value":-12490271.0,"ValueType":"Color","Type":"CustomColor","Description":"Benutzerdefinierte Farbe für PWA Wavefront."},{"Category":"Nachtsicht","Title":"PWA-Wellenfronthelligkeit","File":"Advanced","Section":"Constants","Key":"w42","Value":0.8,"ValueType":"Brightness","Type":"2X","Description":"Helligkeit für PWA-Wellenfront."}]},{"Name":"CHUD_AHUD","Title":"Kampf- und Analyse-HUD","Elements":[{"Category":"Kampf-HUD","Title":"Kampf-HUD-Modus","File":"Startup-Profile","Section":"Constants","Key":"x141","Value":100.0,"ValueType":"Preset","Type":"AdvancedMode","Description":"** Kampf-HUD (CHUD)-MODUS ** \r\n Für ein Standard-CHUD, Set Color 2 RGB(0,0,0) und Fade Strength = 0\r\n Für einen einfarbigen Vogel- of-Prey CHUD, Set Color 2 RGB(0,0,0) und Ihre bevorzugte Fade-Stärke (0,7 ist eine schöne Balance)\r\n Für ein Synthwave (zweifarbig) CHUD, Set Color 2 RGB nach Ihren Wünschen und Fade-Stärke = 1"},{"Category":"Kampf-HUD","Title":"Farbe 1","File":"Advanced","Section":"Constants","Key":"x55|y55|z55","Value":-12490271.0,"ValueType":"Color","Type":"CustomColor","Description":"Benutzerdefinierte Farbe für Kampf-HUD – Farbe 1 (obere Farbe)."},{"Category":"Kampf-HUD","Title":"Farbe 1 – Helligkeit","File":"Advanced","Section":"Constants","Key":"w55","Value":1.0,"ValueType":"Brightness","Type":"2X","Description":"Helligkeit für Farbe 1 (obere Farbe)."},{"Category":"Kampf-HUD","Title":"Farbe 2","File":"Advanced","Section":"Constants","Key":"x48|y48|z48","Value":-12490271.0,"ValueType":"Color","Type":"CustomColor","Description":"Benutzerdefinierte Farbe für Kampf-HUD – Farbe 2 (untere Farbe)."},{"Category":"Combat HUD","Title":"Fade Strength","File":"Advanced","Section":"Constants","Key":"w48","Value":1.0,"ValueType":"Brightness","Type":"2X","Description":"Fade Strength (oder Synthwave-Farbbalance: > 1 = mehr Zweitfarbe, < 1 = weniger Zweitfarbe)."},{"Category":"Kampf-HUD","Title":"Munitionsfarbe","File":"Advanced","Section":"Constants","Key":"x45|y45|z45","Value":-12490271.0,"ValueType":"Color","Type":"CustomColor","Description":"Benutzerdefinierte Farbe für Kampf-HUD – Munition."},{"Category":"Combat HUD","Title":"Munition Brightness","File":"Advanced","Section":"Constants","Key":"w45","Value":1.0,"ValueType":"Brightness","Type":"2X","Description":"Helligkeit für Munition."},{"Category":"Kampf-HUD","Title":"Waffen außerhalb der Reichweite (roter Text)","File":"Advanced","Section":"Constants","Key":"w111","Value":1.6,"ValueType":"Brightness","Type":"4X","Description":"CHUD / AHUD Alpha-Boost mit rotem Text (Standard = 1)"},{"Category":"Analyse-HUD","Title":"Analyse-HUD-Modus","File":"Startup-Profile","Section":"Constants","Key":"w140","Value":100.0,"ValueType":"Preset","Type":"AdvancedMode","Description":"Radarmodus"},{"Category":"Analyse-HUD","Title":"Analyse-HUD","File":"Advanced","Section":"Constants","Key":"x54|y54|z54|w54","Value":-12490271.0,"ValueType":"Color","Type":"CustomColor","Description":"Benutzerdefinierte Farbe für Analyse-HUD. (*Alpha)"},{"Category":"Analyse-HUD","Title":"Ziel-Fadenkreuz","File":"Advanced","Section":"Constants","Key":"x63|y63|z63|w63","Value":-12490271.0,"ValueType":"Color","Type":"CustomColor","Description":"Benutzerdefinierte Farbe für das Fadenkreuz im Analysemodus im Kampfmodus. (*Alpha)"},{"Category":"Analyse HUD","Title":"AHUD Textmodus","File":"Startup-Profile","Section":"Constants","Key":"w87","Value":100.0,"ValueType":"Preset","Type":"AHUDText","Description":"Modus für Texte rund um AHUD."},{"Category":"Analyse HUD","Title":"AHUD Textfarbe","File":"Advanced","Section":"Constants","Key":"x144|y144|z144|w144","Value":-12490271.0,"ValueType":"Color","Type":"CustomColor","Description":"Benutzerdefinierte Farbe für Texte rund um AHUD. *Alpha*"}]},{"Name":"Foot_HUD","Title":"HUD zu Fuß","Elements":[{"Category":"Anzug-HUD - Panel","Title":"Panel-Modus","File":"SuitHud","Section":"Constants","Key":"x30","Value":199.0,"ValueType":"Preset","Type":"AdvancedMode","Description":"Hinweis: XML (wird eine orangefarbene Basis vortäuschen, um dem Schiffs-HUD zu entsprechen)."},{"Category":"Anzug-HUD – Panel","Title":"Panel-Farbe","File":"SuitHud","Section":"Constants","Key":"x31|y31|z31","Value":-12490271.0,"ValueType":"Color","Type":"CustomColor","Description":"Benutzerdefinierte Farbe für On-Foot-Panel."},{"Category":"Suit HUD - Panel","Title":"Panel Opacity","File":"SuitHud","Section":"Constants","Key":"w31","Value":1.0,"ValueType":"Brightness","Type":"2X","Description":"Helligkeit für On-Foot-Panel."},{"Category":"Suit HUD - Schild","Title":"Schildmodus","File":"SuitHud","Section":"Constants","Key":"y30","Value":100.0,"ValueType":"Preset","Type":"AdvancedMode","Description":"Farbmodus für Schilde"},{"Category":"Anzug-HUD – Schild","Title":"Innenring","File":"SuitHud","Section":"Constants","Key":"x32|y32|z32|w32","Value":-12490271.0,"ValueType":"Color","Type":"CustomColor","Description":"Benutzerdefinierte Farbe für Innenring des On-Foot-Schildes (*alpha)."},{"Category":"Anzug-HUD – Schild","Title":"Mittelring","File":"SuitHud","Section":"Constants","Key":"x33|y33|z33|w33","Value":-12490271.0,"ValueType":"Color","Type":"CustomColor","Description":"Benutzerdefinierte Farbe für Schildmittelring am Fuß (*Alpha)."},{"Category":"Anzug-HUD – Schild","Title":"Außenring","File":"SuitHud","Section":"Constants","Key":"x34|y34|z34|w34","Value":-12490271.0,"ValueType":"Color","Type":"CustomColor","Description":"Benutzerdefinierte Farbe für Außenring des On-Foot-Schildes (*Alpha)."},{"Category":"Anzug-HUD – Schild","Title":"Schild unten Farbe","File":"SuitHud","Section":"Constants","Key":"x35|y35|z35|w35","Value":-12490271.0,"ValueType":"Color","Type":"CustomColor","Description":"Benutzerdefinierte Farbe für Fußschild unten (*alpha)."},{"Category":"Anzug-HUD – Schild","Title":"Schildwiederherstellung","File":"SuitHud","Section":"Constants","Key":"x36|y36|z36|w36","Value":-12490271.0,"ValueType":"Color","Type":"CustomColor","Description":"Benutzerdefinierte Farbe für Schildwiederherstellungsanimation zu Fuß (*Alpha)."},{"Category":"Anzug-HUD - Texte","Title":"Textmodus","File":"SuitHud","Section":"Constants","Key":"z30","Value":100.0,"ValueType":"Preset","Type":"AdvancedMode","Description":"Hinweis: XML (wird eine orangefarbene Basis vortäuschen, um dem Schiffs-HUD zu entsprechen)."},{"Category":"Anzug-HUD – Texte","Title":"Textfarbe","File":"SuitHud","Section":"Constants","Key":"x37|y37|z37|w37","Value":-12490271.0,"ValueType":"Color","Type":"CustomColor","Description":"Benutzerdefinierte Farbe für On-Foot-Texte. (*Alpha)"},{"Category":"Anzug-HUD - Texte","Title":"Hervorgehobener Modus","File":"SuitHud","Section":"Constants","Key":"w30","Value":100.0,"ValueType":"Preset","Type":"AdvancedMode","Description":"Hervorgehobener / invertierter Text und Symbolfarbe."},{"Category":"Anzug-HUD – Texte","Title":"Hervorgehobene Farbe","File":"SuitHud","Section":"Constants","Key":"x38|y38|z38|w38","Value":-12490271.0,"ValueType":"Color","Type":"CustomColor","Description":"Benutzerdefinierte Farbe für hervorgehobene Texte zu Fuß. (*Alpha)"}]},{"Name":"ShieldsHolo","Title":"Schild & Holo-Schiff","Elements":[{"Category":"Schilde","Title":"Schildmodus","File":"Startup-Profile","Section":"Constants","Key":"z105","Value":101.0,"ValueType":"Preset","Type":"ShieldColor","Description":"Hinweis: Multi-Schild funktioniert nur bei Auflösungen >= 2560 x 1440, funktioniert möglicherweise bei 1920 x 1080. Angewendet auf sich selbst und Ziel."},{"Category":"Schilde","Title":"Schildprozentsatz % Farbe","File":"Advanced","Section":"Constants","Key":"x88|y88|z88","Value":-12490271.0,"ValueType":"Color","Type":"CustomColor","Description":"Benutzerdefinierte Farbe für Schildprozentsatz %"},{"Category":"Multi-Shield","Title":"Innenring","File":"Advanced","Section":"Constants","Key":"x201|y201|z201|w201","Value":-12490271.0,"ValueType":"Color","Type":"CustomColor","Description":"Farbe des Innenrings, nur für Multi-Shield. (Alpha)"},{"Category":"Multi-Shield","Title":"Mittelring","File":"Advanced","Section":"Constants","Key":"x202|y202|z202|w202","Value":-12490271.0,"ValueType":"Color","Type":"CustomColor","Description":"Farbe des mittleren Rings, nur für Multi-Shield. (Alpha)"},{"Category":"Multi-Shield","Title":"Außenring","File":"Advanced","Section":"Constants","Key":"x203|y203|z203|w203","Value":-12490271.0,"ValueType":"Color","Type":"CustomColor","Description":"Farbe des Außenrings, nur für Multi-Shield. (Alpha)"},{"Category":"Single-Shield","Title":"Shields Down","File":"Advanced","Section":"Constants","Key":"x87","Value":0.0,"ValueType":"Preset","Type":"ShieldsDown","Description":"Single Color Shield - Shield Down Color ."},{"Category":"Single-Shield","Title":"Shields Up","File":"Advanced","Section":"Constants","Key":"x228|y228|z228","Value":-12490271.0,"ValueType":"Color","Type":"CustomColor","Description":"Shield Up Color (relativ zur Shield Down-Farbe)."},{"Category":"Einzelschild","Title":"Helligkeit","File":"Advanced","Section":"Constants","Key":"w228","Value":1.0,"ValueType":"Brightness","Type":"2X","Description":"Gesamtschildhelligkeit/Alpha (Einzelmodus)"},{"Category":"Einzelschild","Title":"Ringstärke","File":"Advanced","Section":"Constants","Key":"y87","Value":1.0,"ValueType":"Brightness","Type":"4X","Description":"Gesamtschildhelligkeit/Alpha (Einzelmodus)"},{"Category":"Kreisförmige Wirbel","Title":"Obere Wirbel - Modus","File":"Startup-Profile","Section":"Constants","Key":"z133","Value":100.0,"ValueType":"Preset","Type":"AdvancedMode","Description":"Kreisförmige Wirbel unter Holos"},{"Category":"Kreisförmige Wirbel","Title":"Obere Wirbel - Farbe","File":"Advanced","Section":"Constants","Key":"x226|y226|z226","Value":-12490271.0,"ValueType":"Color","Type":"CustomColor","Description":"Benutzerdefinierte Farbe für kreisförmige Wirbel unter Holos"},{"Category":"Kreisförmige Strudel","Title":"Top Swirls - Helligkeit","File":"Advanced","Section":"Constants","Key":"w226","Value":1.5,"ValueType":"Brightness","Type":"2X","Description":"Helligkeit für Top Swirls"},{"Category":"Kreisförmige Wirbel","Title":"Mittlere Wirbel – Modus","File":"Startup-Profile","Section":"Constants","Key":"x135","Value":100.0,"ValueType":"Preset","Type":"AdvancedMode","Description":"Statusleisten unter dem Schild"},{"Category":"Kreisförmige Wirbel","Title":"Mittlere Wirbel – Farbe","File":"Advanced","Section":"Constants","Key":"x215|y215|z215","Value":-12490271.0,"ValueType":"Color","Type":"CustomColor","Description":"Benutzerdefinierte Farbe für Statusleisten"},{"Category":"Kreisförmige Wirbel","Title":"Mittlere Wirbel – Helligkeit","File":"Advanced","Section":"Constants","Key":"w215","Value":1.0,"ValueType":"Brightness","Type":"2X","Description":"Helligkeit der Statusleisten"},{"Category":"Circular Swirls","Title":"Bottom Swirls - Modus","File":"Startup-Profile","Section":"Constants","Key":"x134","Value":100.0,"ValueType":"Preset","Type":"AdvancedMode","Description":"Dünne Halbkreise am unteren Rand des Hologramms"},{"Category":"Kreisförmige Wirbel","Title":"Untere Wirbel – Farbe","File":"Advanced","Section":"Constants","Key":"x205|y205|z205|w205","Value":-12490271.0,"ValueType":"Color","Type":"CustomColor","Description":"Benutzerdefinierte Farbe für dünne Halbkreise am unteren Rand des Hologramms. *Alpha"},{"Category":"Rumpfanzeige","Title":"Farbmodus","File":"Startup-Profile","Section":"Constants","Key":"y134","Value":100.0,"ValueType":"Preset","Type":"AdvancedMode","Description":"Blöcke für Rumpfgesundheit, einschließlich Ziel"},{"Category":"Hull Gauge","Title":"Benutzerdefinierte Farbe","File":"Advanced","Section":"Constants","Key":"x212|y212|z212","Value":-12490271.0,"ValueType":"Color","Type":"CustomColor","Description":"Benutzerdefinierte Farbe für Blöcke unter dem Schild, einschließlich Ziel."},{"Category":"Hüllenanzeige","Title":"Helligkeit","File":"Advanced","Section":"Constants","Key":"w212","Value":1.5,"ValueType":"Brightness","Type":"2X","Description":"Helligkeit für Blöcke unter dem Schild"},{"Category":"Hull Gauge","Title":"Hull Gauge - Schattierung","File":"Advanced","Section":"Constants","Key":"w213","Value":4.0,"ValueType":"Brightness","Type":"4X_Min","Description":"Schattierungsmultiplikator (gilt nur für den schattierten Modus)"},{"Category":"Hüllenanzeige","Title":"Verätzung betroffene Hülle","File":"Startup-Profile","Section":"Constants","Key":"w170","Value":0.0,"ValueType":"Preset","Type":"CausticEffect","Description":"Blockiert die Hüllengesundheit, einschließlich des Ziels"},{"Category":"Hull Gauge","Title":"Caustic-infizierte Rumpffarbe","File":"Advanced","Section":"Constants","Key":"x170|y170|z170","Value":-12490271.0,"ValueType":"Color","Type":"CustomColor","Description":"Benutzerdefinierte Farbe für Caustic-infizierte Rumpfstangen."},{"Category":"OwnShip-Hologramm","Title":"Hologramm - Modus","File":"Startup-Profile","Section":"Constants","Key":"y101","Value":100.0,"ValueType":"Preset","Type":"AdvancedMode","Description":"OwnShip-Hologramm-Modus\r\nBeinhaltet auch Landehologramm, SRV-Hologramm, SRV-Gelände auf dem Radar"},{"Category":"OwnShip-Hologramm","Title":"Hologramm - Farbe","File":"Advanced","Section":"Constants","Key":"x248|y248|z248","Value":-12490271.0,"ValueType":"Color","Type":"CustomColor","Description":"Benutzerdefinierte Farbe für OwnShip-Hologramm"},{"Category":"OwnShip Hologram","Title":"Hologram - Brightness","File":"Advanced","Section":"Constants","Key":"x132","Value":0.5,"ValueType":"Brightness","Type":"2X","Description":"Brightness for Hologram's Hull\r\nStellen Sie für Ultra-tron die Hull-Helligkeit niedrig (z. B. 0) und Outer Lines Bloom hoch (z. B. 0,5) ein."},{"Category":"OwnShip Hologramm","Title":"Hologramm - Blüte","File":"Advanced","Section":"Constants","Key":"y132","Value":1.0,"ValueType":"Brightness","Type":"2X","Description":"Holo-Blüte / Glühen"},{"Category":"OwnShip Hologram","Title":"Äußere Linien blühen","File":"Advanced","Section":"Constants","Key":"z132","Value":1.0,"ValueType":"Brightness","Type":"2X","Description":"Äußere Linien blühen / leuchten (Standard = 0) (Dieser Wert kann negativ sein, z. B. -0,5)"},{"Category":"OwnShip Hologram","Title":"Gesamthelligkeit","File":"Advanced","Section":"Constants","Key":"z101","Value":1.0,"ValueType":"Brightness","Type":"2X","Description":"Gesamthelligkeit des Hologramms"},{"Category":"OwnShip Hologram","Title":"Schimmernde Linien","File":"Advanced","Section":"Constants","Key":"z109","Value":1.0,"ValueType":"ONOFF","Type":"ONOFF","Description":"Schalter für OwnShip Hologram Shimmer"},{"Category":"Ziel-Schiffshologramm","Title":"Neutrales Ziel","File":"Advanced","Section":"Constants","Key":"x72|y72|z72","Value":-12490271.0,"ValueType":"Color","Type":"CustomColor","Description":"Benutzerdefinierte Farbe für OwnShip-Hologramm"},{"Category":"Schiffshologramm anvisieren","Title":"Neutrales Ziel – Helligkeit","File":"Advanced","Section":"Constants","Key":"x72","Value":1.0,"ValueType":"Brightness","Type":"2X","Description":"Helligkeit für die Hülle des Hologramms\r\nStellen Sie für Ultra-tron die Hüllenhelligkeit niedrig (z. B. 0) und die Außenlinienblüte hoch (z. B. 0,5) ein."},{"Category":"Hologramm des Zielschiffs","Title":"Gesamthelligkeit","File":"Advanced","Section":"Constants","Key":"y73","Value":0.5,"ValueType":"Brightness","Type":"2X","Description":"Helligkeit für Hologramm"},{"Category":"Hologramm des Zielschiffs","Title":"Helligkeit des grünen Ziels","File":"Advanced","Section":"Constants","Key":"z73","Value":0.5,"ValueType":"Brightness","Type":"2X","Description":"Helligkeit des hellgrünen Zielhologramms (einige grüne Hologramme haben eine übermäßige Helligkeit)"},{"Category":"Zielschiff-Hologramm","Title":"Schimmernde Linien","File":"Advanced","Section":"Constants","Key":"x73","Value":1.0,"ValueType":"ONOFF","Type":"ONOFF","Description":"Schalter für Zielhologramm-Schimmer"},{"Category":"Landehologramm","Title":"OFF Landeplatz","File":"Advanced","Section":"Constants","Key":"x254|y254|z254","Value":-12490271.0,"ValueType":"Color","Type":"CustomColor","Description":"Benutzerdefinierte Farbe für das Landehologramm"},{"Category":"Landehologramm","Title":"ON-Landeplatz","File":"Advanced","Section":"Constants","Key":"x249|y249|z249","Value":-12490271.0,"ValueType":"Color","Type":"CustomColor","Description":"Benutzerdefinierte Farbe für ON-Landeplatz"},{"Category":"Landehologramm","Title":"Helligkeit","File":"Advanced","Section":"Constants","Key":"w254","Value":1.0,"ValueType":"Brightness","Type":"2X","Description":"Helligkeit für das Landehologramm"},{"Category":"Planetenlande-Fadenkreuz","Title":"Farbmodus","File":"Startup-Profile","Section":"Constants","Key":"z107","Value":100.0,"ValueType":"Preset","Type":"AdvancedMode","Description":"Planetenlande-Fadenkreuz – Peil- und Sinkwinkelbalken, plus Text"},{"Category":"Planetenlande-Absehen","Title":"Benutzerdefinierte Farbe","File":"Advanced","Section":"Constants","Key":"x209|y209|z209|w209","Value":-12490271.0,"ValueType":"Color","Type":"CustomColor","Description":"Benutzerdefinierte Farbe für Planetenlande-Absehen. *Alpha"},{"Category":"Planetary Landing Reticle","Title":"Landeleine und Untersetzer","File":"Advanced","Section":"Constants","Key":"x255|y255|z255|w255","Value":-12490271.0,"ValueType":"Color","Type":"CustomColor","Description":"Benutzerdefinierte Farbe für Landeleine und Untersetzer (Orange)*Alpha"},{"Category":"Planetenlande-Fadenkreuz","Title":"Höhenbalken","File":"Advanced","Section":"Constants","Key":"x96|y96|z96|w96","Value":-12490271.0,"ValueType":"Color","Type":"CustomColor","Description":"Benutzerdefinierte Farbe für Höhenbalken *Alpha"},{"Category":"Planetenlande-Fadenkreuz","Title":"Text in Fadenkreuzfeldern","File":"Advanced","Section":"Constants","Key":"x95|y95|z95|w95","Value":-12490271.0,"ValueType":"Color","Type":"CustomColor","Description":"Benutzerdefinierte Farbe für Text in Fadenkreuzfeldern *Alpha"},{"Category":"Planetary Landing Reticle","Title":"Text entlang der Höhenleisten","File":"Advanced","Section":"Constants","Key":"w101","Value":101.0,"ValueType":"Preset","Type":"AltitudeBarText","Description":"Benutzerdefinierte Farbe für Text entlang der Höhenleiste"},{"Category":"Planetary Landing Reticle","Title":"Texthelligkeit der Höhenleiste","File":"Advanced","Section":"Constants","Key":"x97","Value":1.0,"ValueType":"Brightness","Type":"2X","Description":"Helligkeit für Text der Höhenleiste"},{"Category":"Planetenlande-Fadenkreuz","Title":"Textfarbe für Koordinaten und Schwerkraft","File":"Advanced","Section":"Constants","Key":"x185|y185|z185|w185","Value":-12490271.0,"ValueType":"Color","Type":"CustomColor","Description":"Benutzerdefinierte Farbe für Breiten-/Längengradkoordinaten und Textfarbe für Schwerkraft *Alpha"},{"Category":"Planetenlande-Fadenkreuz","Title":"Texthintergrund: Schatten/Glühen","File":"Advanced","Section":"Constants","Key":"y109","Value":0.0,"ValueType":"Preset","Type":"TextBackgroundShadowsGlow","Description":"Modus für Texthintergrund: Schatten/Glühen \r\nWird angewendet auf: Text in Fadenkreuzfeldern, Text auf der Höhenleiste, Breiten-/Längen- und Schwerkrafttext."},{"Category":"Planetary Landing Reticle","Title":"Texthintergrundschatten/Glow Boost","File":"Advanced","Section":"Constants","Key":"y97","Value":1.0,"ValueType":"Brightness","Type":"2X","Description":"Texthintergrundschatten/Glow Boost\r\nHinweis: Für die Textfarbe „Glow mode“ wird 0,5 empfohlen"},{"Category":"SRV-Hologramm","Title":"SRV-Hologramm – Haupt","File":"Advanced","Section":"Constants","Key":"x250|y250|z250|w250","Value":-12490271.0,"ValueType":"Color","Type":"CustomColor","Description":"**(DEAKTIVIERT)** Benutzerdefinierte Farbe für SRV-Hologramm (*Alpha)"},{"Category":"SRV-Hologramm","Title":"SRV-Hologramm – klein","File":"Advanced","Section":"Constants","Key":"x251|y251|z251|w251","Value":-12490271.0,"ValueType":"Color","Type":"CustomColor","Description":"Benutzerdefinierte Farbe für SRV-Hologramm.\r\nAlpha (ist ein % des Haupt-Hologramm-Alpha)"}]},{"Name":"RadarHUD","Title":"Radar & gemeinsame Gruppe","Elements":[{"Category":"Schiffsradar","Title":"Radarmodus","File":"Startup-Profile","Section":"Constants","Key":"y106","Value":100.0,"ValueType":"Preset","Type":"AdvancedMode","Description":"Radarmodus"},{"Category":"Schiffsradar","Title":"Äußerer Rand des Radars","File":"Advanced","Section":"Constants","Key":"x236|y236|z236","Value":-12490271.0,"ValueType":"Color","Type":"CustomColor","Description":"Benutzerdefinierte Farbe der äußeren Radarkomponenten."},{"Category":"Ship Radar","Title":"Outer Rim Brightness","File":"Advanced","Section":"Constants","Key":"w236","Value":1.0,"ValueType":"Brightness","Type":"2X","Description":"Outer Radar Brightness (normaler Bereich liegt zwischen 0,3 und 1,0, aber Sie können höher gehen)"},{"Category":"Radargitter","Title":"Farbe","File":"Advanced","Section":"Constants","Key":"x237|y237|z237","Value":-12490271.0,"ValueType":"Color","Type":"CustomColor","Description":"Benutzerdefinierte Farbe für Radargitter ."},{"Category":"Radargitter","Title":"Helligkeit","File":"Advanced","Section":"Constants","Key":"w237","Value":0.8,"ValueType":"Brightness","Type":"2X","Description":"Helligkeit für Radargitter"},{"Category":"Radardreieck-Widget","Title":"Modus","File":"Startup-Profile","Section":"Constants","Key":"x138","Value":100.0,"ValueType":"Preset","Type":"AdvancedMode","Description":"Radardreieck-Widget-Modus"},{"Category":"Radar-Dreieck-Widget","Title":"Benutzerdefinierte Farbe","File":"Advanced","Section":"Constants","Key":"x239|y239|z239|w239","Value":-12490271.0,"ValueType":"Color","Type":"CustomColor","Description":"Benutzerdefinierte Farbe für Dreieck-Radar-Widget. (*Alpha)"},{"Category":"Radar-Zoom-Widget","Title":"Modus","File":"Startup-Profile","Section":"Constants","Key":"w136","Value":100.0,"ValueType":"Preset","Type":"AdvancedMode","Description":"Modus für Radar-Zoom-Level-Linien"},{"Category":"Radar-Zoom-Widget","Title":"Benutzerdefinierte Farbe","File":"Advanced","Section":"Constants","Key":"x240|y240|z240|w240","Value":-12490271.0,"ValueType":"Color","Type":"CustomColor","Description":"Benutzerdefinierte Farbe für Radar-Zoom-Widget. (*Alpha)"},{"Category":"Radar-Zoom-Widget","Title":"Niveaulinien","File":"Advanced","Section":"Constants","Key":"x231|y231|z231","Value":-12490271.0,"ValueType":"Color","Type":"CustomColor","Description":"Radar-Zoom-Niveaulinien Benutzerdefinierte Farbe."},{"Category":"Radar-Zoom-Widget","Title":"Level-Linien Helligkeit","File":"Advanced","Section":"Constants","Key":"w231","Value":1.2,"ValueType":"Brightness","Type":"2X","Description":"Radar-Zoom-Level-Linien Helligkeit"},{"Category":"Radarobjekte - Supercruice","Title":"Radarkörper in Supercruice","File":"Startup-Profile","Section":"Constants","Key":"z138","Value":100.0,"ValueType":"Preset","Type":"AdvancedMode","Description":"Modus für Radarkörper in Supercruice"},{"Category":"Radarobjekte – Supercruice","Title":"Radar – Planeten","File":"Advanced","Section":"Constants","Key":"x241|y241|z241|w241","Value":-12490271.0,"ValueType":"Color","Type":"CustomColor","Description":"Benutzerdefinierte Farbe für Radarkörper in Supercruise. (* Mit Alpha)"},{"Category":"Radarobjekte – Supercruice","Title":"Radar – Monde","File":"Advanced","Section":"Constants","Key":"x242|y242|z242|w242","Value":-12490271.0,"ValueType":"Color","Type":"CustomColor","Description":"Benutzerdefinierte Farbe für Radarkörper in Supercruise. (* Mit Alpha)"},{"Category":"Radarobjekte – Supercruice","Title":"Radar – Sterne","File":"Advanced","Section":"Constants","Key":"x243|y243|z243|w243","Value":-12490271.0,"ValueType":"Color","Type":"CustomColor","Description":"Benutzerdefinierte Farbe für Radarkörper in Supercruise. (* Mit Alpha)"},{"Category":"Radarobjekte – Supercruice","Title":"Neutrale Ziele – Linien","File":"Advanced","Section":"Constants","Key":"x244|y244|z244|w244","Value":-12490271.0,"ValueType":"Color","Type":"CustomColor","Description":"Benutzerdefinierte Farbe für Objektlinien und Untersetzer in Supercruise."},{"Category":"Radarobjekte","Title":"Radarobjekte","File":"Startup-Profile","Section":"Constants","Key":"y139","Value":100.0,"ValueType":"Preset","Type":"AdvancedMode","Description":"Modus für Radarobjekte im Normalflug"},{"Category":"Radarobjekte","Title":"Weiße Objekte","File":"Startup-Profile","Section":"Constants","Key":"x115","Value":0.0,"ValueType":"ONOFF","Type":"ONOFF","Description":"Schalter für weiße Objekte auf dem Radar (Weckspuren, Materialien, Bergungsmaterial usw.) im Standardflug (nicht Supercruise)"},{"Category":"Radarobjekte","Title":"Radar – Neutrale Ziele","File":"Advanced","Section":"Constants","Key":"x245|y245|z245|w245","Value":-12490271.0,"ValueType":"Color","Type":"CustomColor","Description":"ORANGE Quadrate in beiden Flugmodi; Orange Objektlinien und Untersetzer im Normalflug.\r\n* Alpha"},{"Category":"Radarobjekte","Title":"Radar - Verbündete Ziele","File":"Advanced","Section":"Constants","Key":"x246|y246|z246|w246","Value":-12490271.0,"ValueType":"Color","Type":"CustomColor","Description":"GRÜNE Quadrate, Linien und Untersetzer in beiden Flugmodi.\r\n* Alpha"},{"Category":"Radarobjekte","Title":"Radar – feindliche Ziele","File":"Advanced","Section":"Constants","Key":"x247|y247|z247|w247","Value":-12490271.0,"ValueType":"Color","Type":"CustomColor","Description":"ROTE Quadrate, Linien und Untersetzer in beiden Flugmodi.\r\n* Alpha"},{"Category":"Äußere Radarkomponenten","Title":"Farbmodus","File":"Startup-Profile","Section":"Constants","Key":"x136","Value":100.0,"ValueType":"Preset","Type":"AdvancedMode","Description":"Modus für Heat Bar und Speed ​​Bar"},{"Category":"Äußere Radarkomponenten","Title":"Benutzerdefinierte Farbe","File":"Advanced","Section":"Constants","Key":"x221|y221|z221","Value":-12490271.0,"ValueType":"Color","Type":"CustomColor","Description":"Äußere Radarkomponenten Benutzerdefinierte Farbe."},{"Category":"Äußere Radarkomponenten","Title":"Balkenverstärker","File":"Advanced","Section":"Constants","Key":"w221","Value":1.0,"ValueType":"Brightness","Type":"2X","Description":"Balkenverstärker (erhöht die Helligkeit des Hintergrunds der Hauptgeschwindigkeits- und Hitzebalken)"},{"Category":"Äußere Radarkomponenten","Title":"Helligkeit","File":"Advanced","Section":"Constants","Key":"w222","Value":1.0,"ValueType":"Brightness","Type":"2X","Description":"Gesamthelligkeit (aller äußeren Radarkomponenten)"},{"Category":"Optimale Geschwindigkeitsleiste","Title":"Benutzerdefinierte Farbe","File":"Advanced","Section":"Constants","Key":"x222|y222|z222","Value":-12490271.0,"ValueType":"Color","Type":"CustomColor","Description":"Optimale Geschwindigkeitsleistenfarbe (Werte sind relativ zur Hauptfarbe; können negativ sein, um eine Farbe von der Hauptfarbe zu reduzieren)"},{"Category":"Radarobjekte","Title":"Radarobjekte - Landung","File":"Startup-Profile","Section":"Constants","Key":"x139","Value":100.0,"ValueType":"Preset","Type":"AdvancedMode","Description":"Modus für Radarobjekte bei Landung, Linie und Achterbahn"},{"Category":"Radarobjekte","Title":"Radarobjekte - Landung","File":"Advanced","Section":"Constants","Key":"x253|y253|z253|w253","Value":-12490271.0,"ValueType":"Color","Type":"CustomColor","Description":"Benutzerdefinierte Farbe für Gelände Bei der Landung auf einem Planeten."},{"Category":"SRV-Scanner","Title":"SRV-Scanner","File":"Startup-Profile","Section":"Constants","Key":"w210","Value":100.0,"ValueType":"Preset","Type":"AdvancedMode","Description":"SRV-Scanner Farbe"},{"Category":"SRV-Scanner","Title":"SRV-Scanner - Primärfarbe","File":"Advanced","Section":"Constants","Key":"x210|y210|z210","Value":-12490271.0,"ValueType":"Color","Type":"CustomColor","Description":"SRV-Scanner Primärfarbe, Objekterkennungsfarbe."},{"Category":"SRV-Scanner","Title":"SRV-Scanner - Sekundärfarbe","File":"Advanced","Section":"Constants","Key":"x211|y211|z211","Value":-12490271.0,"ValueType":"Color","Type":"CustomColor","Description":"SRV-Scanner Sekundärfarbe, Abtastfarbe des Scanners."},{"Category":"SRV-Scanner","Title":"Gesamt-Alpha","File":"Advanced","Section":"Constants","Key":"w211","Value":1.0,"ValueType":"Brightness","Type":"2X","Description":"SRV-Scanner – Gesamt-Alpha"},{"Category":"SRV-Scanner","Title":"Geländehologramm auf Radar","File":"Advanced","Section":"Constants","Key":"x252|y252|z252|w252","Value":-12490271.0,"ValueType":"Color","Type":"CustomColor","Description":"Benutzerdefinierte Farbe für Geländehologramm auf Radar (im SRV)."},{"Category":"SRV-Scanner","Title":"SRV-Scannerhöhe","File":"Startup-Profile","Section":"Constants","Key":"z139","Value":100.0,"ValueType":"Preset","Type":"AdvancedMode","Description":"Modus für diagonale SRV-Radarhöhenlinien"},{"Category":"SRV-Scanner","Title":"SRV-Scannerhöhe","File":"Advanced","Section":"Constants","Key":"x50|y50|z50|w50","Value":-12490271.0,"ValueType":"Color","Type":"CustomColor","Description":"Benutzerdefinierte Farbe für diagonale Linien der SRV-Radarhöhe. *Alpha*"},{"Category":"SRV-Scanner","Title":"SRV-Geschützturm-Modus","File":"Startup-Profile","Section":"Constants","Key":"w73","Value":100.0,"ValueType":"Preset","Type":"AdvancedMode","Description":"SRV-Geschützturm, Kleines Bild von SRV auf dem Radar, plus verschiedene Elemente"},{"Category":"SRV-Scanner","Title":"Farbe des SRV-Turms","File":"Advanced","Section":"Constants","Key":"x147|y147|z147|w147","Value":-12490271.0,"ValueType":"Color","Type":"CustomColor","Description":"Benutzerdefinierte Farbe für SRV-Turm, kleines Bild von SRV auf dem Radar, plus verschiedene Elemente. *Alpha*"},{"Category":"SRV-Scanner","Title":"Helligkeit","File":"Advanced","Section":"Constants","Key":"w70","Value":1.1,"ValueType":"Brightness","Type":"2X","Description":"SRV-Turm, Helligkeitsverstärkung des Verteilers.\r\nFDev wendet einen ungeraden Farbdämpfungsfilter auf den Bildschirm des SRV-Turms an.\r\nVerwenden Sie diesen Wert, um die Farbe des Verteilers zu verstärken (er sieht nicht genau gleich aus als Schiffs-/SRV-Verteiler aufgrund des Filters)"},{"Category":"Kompass","Title":"Farbmodus","File":"Startup-Profile","Section":"Constants","Key":"w135","Value":100.0,"ValueType":"Preset","Type":"AdvancedMode","Description":"Kompassfarbe"},{"Category":"Kompass","Title":"Benutzerdefinierte Farbe","File":"Advanced","Section":"Constants","Key":"x219|y219|z219","Value":-12490271.0,"ValueType":"Color","Type":"CustomColor","Description":"Benutzerdefinierte Kompassfarbe."},{"Category":"Kompass","Title":"Helligkeit","File":"Advanced","Section":"Constants","Key":"w219","Value":1.0,"ValueType":"Brightness","Type":"2X","Description":"Kompass-Hintergrundverstärker"},{"Category":"Kompass","Title":"Kompasspunkt","File":"Advanced","Section":"Constants","Key":"x220|y220|z220","Value":-12490271.0,"ValueType":"Color","Type":"CustomColor","Description":"Benutzerdefinierte Farbe für Kompasspunkt."},{"Category":"Kompass","Title":"Kompasspunkthelligkeit","File":"Advanced","Section":"Constants","Key":"w220","Value":1.0,"ValueType":"Brightness","Type":"2X","Description":"Kompasspunkthelligkeit\r\n(Hinweis: Dieses Element verhält sich ein wenig anders als andere. Das empfohlene Minimum ist 0,7 Helligkeit)"},{"Category":"Mid-HUD Station & Carrier Landing/Start","Title":"Mid-HUD Text and Bars","File":"Startup-Profile","Section":"Constants","Key":"w138","Value":200.0,"ValueType":"Preset","Type":"AdvancedMode","Description":"Modus für Mid-HUD Station & Carrier Landing/Start, plus Supercruise Drop, Text und Bars"},{"Category":"Mid-HUD Station & Carrier Landing / Take-off","Title":"Mid-HUD Custom Color","File":"Advanced","Section":"Constants","Key":"x184|y184|z184|w184","Value":-12490271.0,"ValueType":"Color","Type":"CustomColor","Description":"Custom Color für Mid-HUD Station & Carrier Landing / Take-off, plus Supercruise Drop, Text and Bars. (*ALPHA)"}]},{"Name":"Power_Distributor","Title":"Stromverteiler","Elements":[{"Category":"Stromverteiler","Title":"Modus","File":"Startup-Profile","Section":"Constants","Key":"y136","Value":101.0,"ValueType":"Preset","Type":"PowerDistributor","Description":"Stromverteilermodus"},{"Category":"Stromverteiler","Title":"Farbe des oberen Blocks","File":"Advanced","Section":"Constants","Key":"x223|y223|z223","Value":-12490271.0,"ValueType":"Color","Type":"CustomColor","Description":"Benutzerdefinierte Farbe für den oberen Block des dreifarbigen Verteilers oder Standard (einfarbig)"},{"Category":"Stromverteiler","Title":"Helligkeit des oberen Blocks","File":"Advanced","Section":"Constants","Key":"w223","Value":1.0,"ValueType":"Brightness","Type":"2X","Description":"Helligkeit für den oberen Block des dreifarbigen Verteilers oder Standard (einfarbig)"},{"Category":"Dreifarbiger Verteiler","Title":"Mittelblockfarbe","File":"Advanced","Section":"Constants","Key":"x224|y224|z224","Value":-12490271.0,"ValueType":"Color","Type":"CustomColor","Description":"Benutzerdefinierte Farbwerte für den mittleren Block des Tri-Verteilers."},{"Category":"Dreifarbiger Verteiler","Title":"Helligkeit des mittleren Blocks","File":"Advanced","Section":"Constants","Key":"w224","Value":1.0,"ValueType":"Brightness","Type":"2X","Description":"Helligkeit (Alpha) für den mittleren Block"},{"Category":"Dreifarbiger Verteiler","Title":"Bodenblockfarbe","File":"Advanced","Section":"Constants","Key":"x225|y225|z225","Value":-12490271.0,"ValueType":"Color","Type":"CustomColor","Description":"Benutzerdefinierte Farbwerte für den unteren Block des Tri-Verteilers."},{"Category":"Dreifarbiger Verteiler","Title":"Helligkeit des unteren Blocks","File":"Advanced","Section":"Constants","Key":"w225","Value":1.0,"ValueType":"Brightness","Type":"2X","Description":"Helligkeit für den unteren Block"},{"Category":"Verlaufsverteiler","Title":"Farbe 1","File":"Advanced","Section":"Constants","Key":"x47|y47|z47","Value":-12490271.0,"ValueType":"Color","Type":"CustomColor","Description":"Benutzerdefinierte Farbe für Farbe 1: Obere Farbe des Verlaufsverteilers."},{"Category":"Verlaufsverteiler","Title":"Dominanz 1","File":"Advanced","Section":"Constants","Key":"w47","Value":1.0,"ValueType":"Brightness","Type":"4X","Description":"Farbe 1 Dominanz (Werte > 1,0 erhöhen die Dominanz, Werte < 1,0 verringern die Dominanz)"},{"Category":"Verlaufsverteiler","Title":"Farbe 2","File":"Advanced","Section":"Constants","Key":"x46|y46|z46","Value":-12490271.0,"ValueType":"Color","Type":"CustomColor","Description":"Benutzerdefinierte Farbe für Farbe 2: Untere Farbe des Verlaufsverteilers."},{"Category":"Verlaufsverteiler","Title":"Helligkeit","File":"Advanced","Section":"Constants","Key":"w46","Value":1.0,"ValueType":"Brightness","Type":"2X","Description":"Gesamthelligkeit des Verlaufsverteilers"},{"Category":"Stromverteiler - Pips","Title":"Pips-Modus","File":"Startup-Profile","Section":"Constants","Key":"w134","Value":100.0,"ValueType":"Preset","Type":"AdvancedMode","Description":"Stromverteiler-Pips-Modus"},{"Category":"Stromverteiler - Pips","Title":"Pips Farbe","File":"Advanced","Section":"Constants","Key":"x214|y214|z214","Value":-12490271.0,"ValueType":"Color","Type":"CustomColor","Description":"Kundenspezifische Farbe für Stromverteiler Pipsr."},{"Category":"Stromverteiler - Pips","Title":"Helligkeit","File":"Advanced","Section":"Constants","Key":"w214","Value":1.0,"ValueType":"Brightness","Type":"2X","Description":"Helligkeit für Stromverteiler Pips"},{"Category":"Stromverteiler - Pips","Title":"Nicht-aktiver Pip-Booster","File":"Advanced","Section":"Constants","Key":"z134","Value":1.0,"ValueType":"Brightness","Type":"2X","Description":"Helligkeit für inaktive Pips."},{"Category":"Auswahlblöcke","Title":"Modus","File":"Startup-Profile","Section":"Constants","Key":"z136","Value":100.0,"ValueType":"Preset","Type":"AdvancedMode","Description":"Modus Verteilerauswahlblöcke"},{"Category":"Auswahlblöcke","Title":"Benutzerdefinierte Farbe","File":"Advanced","Section":"Constants","Key":"x230|y230|z230","Value":-12490271.0,"ValueType":"Color","Type":"CustomColor","Description":"Benutzerdefinierte Farbe für Verteilerauswahlblöcke."},{"Category":"Auswahlblöcke","Title":"Helligkeit","File":"Advanced","Section":"Constants","Key":"w230","Value":1.0,"ValueType":"Brightness","Type":"2X","Description":"Helligkeit für Verteilerauswahlblöcke"},{"Category":"RST (Reset) Bars","Title":"Mode","File":"Startup-Profile","Section":"Constants","Key":"w133","Value":100.0,"ValueType":"Preset","Type":"AdvancedMode","Description":"RST bars [..] unter Verteiler"},{"Category":"RST (Reset) Bars","Title":"Benutzerdefinierte Farbe","File":"Advanced","Section":"Constants","Key":"x227|y227|z227","Value":-12490271.0,"ValueType":"Color","Type":"CustomColor","Description":"Benutzerdefinierte Farbe für RST-Balken unter Distributor."},{"Category":"RST (Reset) Balken","Title":"Helligkeit","File":"Advanced","Section":"Constants","Key":"w227","Value":1.0,"ValueType":"Brightness","Type":"2X","Description":"Helligkeit für RST-Balken"}]},{"Name":"FuelBars","Title":"Signature & Fuel Bars","Elements":[{"Category":"Signaturleiste","Title":"Modus","File":"Startup-Profile","Section":"Constants","Key":"w106","Value":100.0,"ValueType":"Preset","Type":"AdvancedMode","Description":"Signaturleistenmodus"},{"Category":"Signaturbalken","Title":"Primärfarbe","File":"Advanced","Section":"Constants","Key":"x206|y206|z206","Value":-12490271.0,"ValueType":"Color","Type":"CustomColor","Description":"Primärfarbe, äußerer Teil des Signals"},{"Category":"Signaturbalken","Title":"Sekundärfarbe","File":"Advanced","Section":"Constants","Key":"x207|y207|z207","Value":-12490271.0,"ValueType":"Color","Type":"CustomColor","Description":"Sekundärfarbe, Mitte des Signals (relativ zur Primärfarbe)"},{"Category":"Signaturleiste","Title":"Gesamt-Alpha","File":"Advanced","Section":"Constants","Key":"w207","Value":1.0,"ValueType":"Brightness","Type":"2X","Description":"Gesamt-Alpha (Transparenz) für die Signaturleiste"},{"Category":"Kraftstoffleiste","Title":"Kraftstoffleistenmodus","File":"Startup-Profile","Section":"Constants","Key":"y135","Value":100.0,"ValueType":"Preset","Type":"AdvancedMode","Description":"Kraftstoffleistenmodus"},{"Category":"Kraftstoffleiste","Title":"Benutzerdefinierte Farbe","File":"Advanced","Section":"Constants","Key":"x216|y216|z216","Value":-12490271.0,"ValueType":"Color","Type":"CustomColor","Description":"Benutzerdefinierte Farbe für Kraftstoffleiste"},{"Category":"Kraftstoffleiste","Title":"Helligkeit","File":"Advanced","Section":"Constants","Key":"w216","Value":1.0,"ValueType":"Brightness","Type":"2X","Description":"Helligkeit für die Kraftstoffleiste"},{"Category":"Kraftstoffleiste","Title":"Kraftstoff für den nächsten Sprung","File":"Advanced","Section":"Constants","Key":"x94|y94|z94","Value":-12490271.0,"ValueType":"Color","Type":"CustomColor","Description":"(Ihr Nav-Computer muss ein System programmiert haben, um dieses Element zu sehen)"},{"Category":"Fuel Bar","Title":"Next jump Brightness","File":"Advanced","Section":"Constants","Key":"w94","Value":1.0,"ValueType":"Brightness","Type":"2X","Description":"Helligkeit für Next jump, (kann nicht unsichtbar machen, wird schwarz bei 0.0)"},{"Category":"Fuel Bar","Title":"Fuel Scoop Mode","File":"Startup-Profile","Section":"Constants","Key":"x133","Value":200.0,"ValueType":"Preset","Type":"AdvancedMode","Description":"Modus für Scooping-Rate / -Menge, nicht Wärmeniveau"},{"Category":"Kraftstoffstange","Title":"Farbe der Kraftstoffschaufel","File":"Advanced","Section":"Constants","Key":"x145|y145|z145|w145","Value":-12490271.0,"ValueType":"Color","Type":"CustomColor","Description":"Benutzerdefinierte Farbe für die Kraftstoffschaufel *Alpha"},{"Category":"Statuslichter","Title":"Modus","File":"Startup-Profile","Section":"Constants","Key":"z135","Value":100.0,"ValueType":"Preset","Type":"AdvancedMode","Description":"Modus für Statuslichter (Mass Lock, Landing Gear, Cargo Scoop)."},{"Category":"Statuslichter","Title":"Aus-Farbe","File":"Advanced","Section":"Constants","Key":"x217|y217|z217","Value":-12490271.0,"ValueType":"Color","Type":"CustomColor","Description":"Benutzerdefinierte Farbe für Licht-Aus-Zustand."},{"Category":"Statuslichter","Title":"EIN-Farbe","File":"Advanced","Section":"Constants","Key":"x218|y218|z218","Value":-12490271.0,"ValueType":"Color","Type":"CustomColor","Description":"Benutzerdefinierte Farbe für den Licht-EIN-Zustand."}]},{"Name":"StationsPanels","Title":"Schiffs- und Stationstafeln","Elements":null}],"Presets":[{"Type":"AdvancedMode","Name":"Custom Color","Index":100.0},{"Type":"AdvancedMode","Name":"XML (User Defined)","Index":199.0},{"Type":"AdvancedMode","Name":"Elite Default","Index":200.0},{"Type":"ShortMode","Name":"Custom Color","Index":100.0},{"Type":"ShortMode","Name":"Elite Default","Index":200.0},{"Type":"TextModeShort","Name":"Use Custom Colour","Index":100.0},{"Type":"TextModeShort","Name":"Use Main Text on panel colour","Index":101.0},{"Type":"PlanetaryLandingMode","Name":"Same as Custom Main Text (orange text swap)","Index":101.0},{"Type":"PlanetaryLandingMode","Name":"Same as Custom Blue Text Colour Swap","Index":102.0},{"Type":"PlanetaryLandingMode","Name":"Same as Custom AHUD Text colour","Index":103.0},{"Type":"PlanetaryLandingMode","Name":"XML","Index":199.0},{"Type":"PlanetaryLandingMode","Name":"Elite Default","Index":200.0},{"Type":"AltitudeBarText","Name":"Same as Custom Main Text Color","Index":101.0},{"Type":"AltitudeBarText","Name":"Same as Latitude / Longitude Coordinates Text Colour","Index":102.0},{"Type":"TextBackgroundShadowsGlow","Name":"Black","Index":0.0},{"Type":"TextBackgroundShadowsGlow","Name":"Text colour Glow (default)","Index":1.0},{"Type":"GalaxyMapMode","Name":"Custom Color","Index":100.0},{"Type":"GalaxyMapMode","Name":"Grey","Index":101.0},{"Type":"GalaxyMapMode","Name":"XML (User Defined)","Index":199.0},{"Type":"GalaxyMapMode","Name":"Elite Default","Index":200.0},{"Type":"PowersMode","Name":"Custom Color","Index":100.0},{"Type":"PowersMode","Name":"Grey","Index":101.0},{"Type":"PowersMode","Name":"True powers colours","Index":102.0},{"Type":"PowersMode","Name":"XML (User Defined)","Index":199.0},{"Type":"PowersMode","Name":"Elite Default","Index":200.0},{"Type":"AmbientLights","Name":"Custom Single Color","Index":100.0},{"Type":"AmbientLights","Name":"Custom Bi-colour","Index":101.0},{"Type":"AmbientLights","Name":"XML (User Defined)","Index":199.0},{"Type":"AmbientLights","Name":"Elite default","Index":200.0},{"Type":"CabinLightingStyle","Name":"Restricted","Index":0.0},{"Type":"CabinLightingStyle","Name":"Full","Index":1.0},{"Type":"CabinLightingStyle","Name":"Complete","Index":2.0},{"Type":"CabinLightingStyle","Name":"Space Disco","Index":3.0},{"Type":"ShipPanelOpacity","Name":"Custom Color","Index":100.0},{"Type":"ShipPanelOpacity","Name":"Space Grey (dark)","Index":101.0},{"Type":"ShipPanelOpacity","Name":"XML (User Defined)","Index":199.0},{"Type":"ShipPanelOpacity","Name":"Elite Default","Index":200.0},{"Type":"AHUDText","Name":"Use Main Text Color","Index":100.0},{"Type":"AHUDText","Name":"Custom","Index":101.0},{"Type":"AHUDText","Name":"Elite Default","Index":200.0},{"Type":"ShieldColor","Name":"Custom Multi-Shield","Index":100.0},{"Type":"ShieldColor","Name":"Custom Single Color","Index":101.0},{"Type":"ShieldColor","Name":"XML (User Defined)","Index":199.0},{"Type":"ShieldColor","Name":"Elite default","Index":200.0},{"Type":"ShieldsDown","Name":"Red - Default Elite","Index":0.0},{"Type":"ShieldsDown","Name":"Black - Custom","Index":1.0},{"Type":"PowerDistributor","Name":"Custom Single Color","Index":100.0},{"Type":"PowerDistributor","Name":"Custom Gradient","Index":101.0},{"Type":"PowerDistributor","Name":"Custom Tri-colour","Index":102.0},{"Type":"PowerDistributor","Name":"XML (User Defined)","Index":199.0},{"Type":"PowerDistributor","Name":"Elite default","Index":200.0},{"Type":"CausticEffect","Name":"Original Elite yellow/green colour","Index":0.0},{"Type":"CausticEffect","Name":"Custom Color","Index":1.0},{"Type":"RankIcon","Name":"Use Main Text Color","Index":100.0},{"Type":"RankIcon","Name":"Neutral target holo colour","Index":101.0},{"Type":"RankIcon","Name":"XML (User Defined)","Index":199.0},{"Type":"RankIcon","Name":"Elite Default","Index":200.0},{"Type":"SC_SideLines","Name":"Off","Index":0.0},{"Type":"SC_SideLines","Name":"Custom Color","Index":100.0},{"Type":"SC_SideLines","Name":"XML (User Defined)","Index":199.0},{"Type":"SC_SideLines","Name":"Elite Default","Index":200.0}],"xml_profile":[{"key":"x150","value":1.0},{"key":"y150","value":0.0},{"key":"z150","value":0.0},{"key":"x151","value":0.0},{"key":"y151","value":1.0},{"key":"z151","value":0.0},{"key":"x152","value":0.0},{"key":"y152","value":0.0},{"key":"z152","value":1.0}]}