{"theme_swaping":false,"player_name":"Blue mystic","active_instance":"ED_Horizons","ships":[{"ship_short_type":"cutter","ship_full_tye":null,"ship_name":"NORMANDY","ship_id":"SR-04","theme":"@Random Theme"},{"ship_short_type":"python","ship_full_tye":null,"ship_name":"NORMANDY","ship_id":"SR-03","theme":"Bell Purple"},{"ship_short_type":"ASPX","ship_full_tye":null,"ship_name":"NORMANDY","ship_id":"SR-03","theme":"Carinae"},{"ship_short_type":"krait-mk2","ship_full_tye":null,"ship_name":"NORMANDY","ship_id":"SR-03","theme":"Crimson Baron"},{"ship_short_type":"empire_courier","ship_full_tye":null,"ship_name":"TEMPEST","ship_id":"BL-05E","theme":null},{"ship_short_type":"ferdelance","ship_full_tye":null,"ship_name":"NORMANDY","ship_id":"SR-02","theme":null},{"ship_short_type":"diamondbackxl","ship_full_tye":null,"ship_name":"NORMANDY","ship_id":"SR-03","theme":null}]}