{"theme_swaping":true,"player_name":"Blue mystic","active_instance":"ED_Odissey","ships":[{"ship_short_type":"cutter","ship_full_tye":null,"ship_name":"NORMANDY","ship_id":"SR-04","theme":"@Random Theme"},{"ship_short_type":"python","ship_full_tye":null,"ship_name":"NORMANDY","ship_id":"SR-03","theme":"@Random Theme"},{"ship_short_type":"ASPX","ship_full_tye":null,"ship_name":"NORMANDY","ship_id":"SR-03","theme":"Carinae"},{"ship_short_type":"krait-mk2","ship_full_tye":null,"ship_name":"NORMANDY","ship_id":"SR-03","theme":"Crimson Baron"}]}