[{"key":"MainMenu_Menu","value":"Menu principal ","extra":""},{"key":"MainMenu_Settings","value":"Paramètres","extra":""},{"key":"MainMenu_GameFolder","value":"Ouvrir le dossier du jeu..","extra":""},{"key":"MainMenu_Sipyard","value":"Chantier naval","extra":""},{"key":"MainMenu_InstallMod","value":"Installer le module EDHM ","extra":""},{"key":"MainMenu_UninstallMod","value":"Désinstaller le mod","extra":""},{"key":"MainMenu_Plugins","value":"3PMods (Plug-ins)","extra":""},{"key":"MainMenu_Help","value":"Aide ","extra":""},{"key":"MainMenu_About","value":"À propos..","extra":""},{"key":"MainMenu_Themes","value":"Thèmes 🡻","extra":""},{"key":"MainMenu_ApplyTheme","value":"Appliquer le thème ","extra":""},{"key":"MainMenu_SearchBox","value":"Rechercher :","extra":""},{"key":"mnuTheme_Apply","value":"Appliquer le thème ","extra":""},{"key":"mnuTheme_Rename","value":"Renommer le thème ","extra":""},{"key":"mnuTheme_Delete","value":"Supprimer le thème ","extra":""},{"key":"mnuTheme_Export","value":"Thème d'exportation ","extra":""},{"key":"mnuTheme_MakeNew","value":"Thème dupliqué ","extra":""},{"key":"mnuTheme_Thumbnail","value":"Créer une image miniature..","extra":""},{"key":"mnuTheme_OpenFolder","value":"Ouvrir le dossier du thème..","extra":""},{"key":"mnuTheme_Save","value":"Enregistrer les changements de thème..","extra":""},{"key":"mnuGlobalSettings_Add","value":"Ajouter aux paramètres globaux ","extra":""},{"key":"mnuGlobalSettings_Remove","value":"Supprimer des paramètres globaux ","extra":""},{"key":"cmdReloadThemes","value":"Recharger la liste des thèmes","extra":"Recharger les thèmes/Rechercher tout changement dans le dossier 'Demo-Profiles' et recharger tous les thèmes trouvés."},{"key":"cmdMakeNewTheme","value":"Nouveau thème","extra":"Créer un nouveau thème/Ceci créera un nouveau thème en utilisant les paramètres actuels comme base."},{"key":"cmdDeletetheme","value":"Supprimer le thème","extra":"Supprimer le thème/Supprime le thème sélectionné et tous ses fichiers."},{"key":"cmdSaveTheme","value":"Enregistrer le thème","extra":"Enregistrer le thème :/Enregistrer les modifications actuelles dans le thème sélectionné./REMARQUE : Vos modifications dans les thèmes d'autres personnes peuvent être écrasées par les futures mises à jour."},{"key":"cmdImportTheme","value":"Importer un thème","extra":"Importer un thème/Importer un fichier ZIP contenant un thème téléchargé."},{"key":"cmdExportTheme","value":"Exporter le thème","extra":"Exporter le thème/Exporter les paramètres actuels dans un nouveau thème et le regrouper dans un fichier ZIP, prêt à être téléchargé ou partagé."},{"key":"cmdOpenThemeFolder","value":"Ouvrir le dossier du thème sélectionné","extra":"Ouvrir le dossier du thème sélectionné/Ouvre le dossier où se trouve ce thème."},{"key":"cmdThemes_ShowFavorites","value":"Favoris","extra":"Favoris/Affiche ou masque vos thèmes favoris."},{"key":"","value":"","extra":""}]