[
    {
        "key":"MainMenu_Menu",
        "value":"Главное меню",
        "extra":""
    },
    {
        "key":"MainMenu_Settings",
        "value":"Настройки",
        "extra":""
    },
    {
        "key":"MainMenu_GameFolder",
        "value":"Откройте папку с игрой..",
        "extra":""
    },
    {
        "key":"MainMenu_Sipyard",
        "value":"Верфь",
        "extra":""
    },
    {
        "key":"MainMenu_InstallMod",
        "value":"Установить мод EDHM ",
        "extra":""
    },
    {
        "key":"MainMenu_UninstallMod",
        "value":"Удалить мод ",
        "extra":""
    },
    {
        "key":"MainMenu_Plugins",
        "value":"3PMods (плагины)",
        "extra":""
    },
    {
        "key":"MainMenu_Help",
        "value":"Помощь",
        "extra":""
    },
    {
        "key":"MainMenu_About",
        "value":"О..",
        "extra":""
    },
    {
        "key":"MainMenu_Themes",
        "value":"Темы 🡻",
        "extra":""
    },
    {
        "key":"MainMenu_ApplyTheme",
        "value":"Применить тему",
        "extra":""
    },
    {
        "key":"MainMenu_SearchBox",
        "value":"Поиск:",
        "extra":""
    },
    {
        "key":"mnuTheme_Apply",
        "value":"Применить тему",
        "extra":""
    },
    {
        "key":"mnuTheme_Rename",
        "value":"Переименовать тему",
        "extra":""
    },
    {
        "key":"mnuTheme_Delete",
        "value":"Удалить тему",
        "extra":""
    },
    {
        "key":"mnuTheme_Export",
        "value":"Экспорт темы",
        "extra":""
    },
    {
        "key":"mnuTheme_MakeNew",
        "value":"Дублировать тему",
        "extra":""
    },
    {
        "key":"mnuTheme_Thumbnail",
        "value":"Создать эскиз изображения..",
        "extra":""
    },
    {
        "key":"mnuTheme_OpenFolder",
        "value":"Откройте папку с темой..",
        "extra":""
    },
    {
        "key":"mnuTheme_Save",
        "value":"Сохранить изменения темы..",
        "extra":""
    },
    {
        "key":"mnuGlobalSettings_Add",
        "value":"Добавить в глобальные настройки",
        "extra":""
    },
    {
        "key":"mnuGlobalSettings_Remove",
        "value":"Удалить из глобальных настроек",
        "extra":""
    },
    {
        "key":"cmdReloadThemes",
        "value":"Перезагрузить список тем",
        "extra":"Перезагрузить темы/Поиск любых изменений в папке «Демо-профили» и перезагрузить все найденные темы."
    },
    {
        "key":"cmdMakeNewTheme",
        "value":"Новая тема",
        "extra":"Создать новую тему/Это создаст новую тему, используя текущие настройки в качестве основы."
    },
    {
        "key":"cmdDeletetheme",
        "value":"Удалить тему",
        "extra":"Удалить тему/Удаляет выбранную тему и все ее файлы."
    },
    {
        "key":"cmdSaveTheme",
        "value":"Сохранить тему",
        "extra":"Сохранить тему:/Сохранить текущие изменения в выбранной теме./ПРИМЕЧАНИЕ. Ваши изменения в темах других людей могут быть перезаписаны будущими обновлениями."
    },
    {
        "key":"cmdImportTheme",
        "value":"Импортировать тему",
        "extra":"Импортировать тему/Импортировать ZIP-файл, содержащий загруженную тему."
    },
    {
        "key":"cmdExportTheme",
        "value":"Экспортировать тему ",
        "extra":" Экспортировать тему / Экспортировать текущие настройки в новую тему и упаковывать их в ZIP-файл, готовый для загрузки или обмена."
    },
    {
        "key":"cmdOpenThemeFolder",
        "value":"Открыть папку с выбранной темой",
        "extra":"Открыть папку с выбранной темой/Открывает папку, в которой находится эта тема."
    },
    {
        "key":"cmdThemes_ShowFavorites",
        "value":"Избранное",
        "extra":"Избранное/Показывает или скрывает ваши любимые темы."
    }
]