[{"key":"MainMenu_Menu","value":"Menu principale","extra":""},{"key":"MainMenu_Settings","value":"Impostazioni","extra":""},{"key":"MainMenu_GameFolder","value":"Apri cartella di gioco..","extra":""},{"key":"MainMenu_Sipyard","value":"Cantiere ","extra":""},{"key":"MainMenu_InstallMod","value":"Installa EDHM Mod","extra":""},{"key":"MainMenu_UninstallMod","value":"Disinstalla Mod","extra":""},{"key":"MainMenu_Plugins","value":"3PMods (plugin)","extra":""},{"key":"MainMenu_Help","value":"Aiuto","extra":""},{"key":"MainMenu_About","value":"Circa..","extra":""},{"key":"MainMenu_Themes","value":"Temi 🡻","extra":""},{"key":"MainMenu_ApplyTheme","value":"Applica tema","extra":""},{"key":"MainMenu_SearchBox","value":"Cerca:","extra":""},{"key":"mnuTheme_Apply","value":"Applica tema","extra":""},{"key":"mnuTheme_Rename","value":"Rinomina tema","extra":""},{"key":"mnuTheme_Delete","value":"Elimina tema","extra":""},{"key":"mnuTheme_Export","value":"Esporta tema","extra":""},{"key":"mnuTheme_MakeNew","value":"Tema duplicato","extra":""},{"key":"mnuTheme_Thumbnail","value":"Crea immagine miniatura..","extra":""},{"key":"mnuTheme_OpenFolder","value":"Apri la cartella del tema..","extra":""},{"key":"mnuTheme_Save","value":"Salva modifiche al tema..","extra":""},{"key":"mnuGlobalSettings_Add","value":"Aggiungi a Impostazioni globali","extra":""},{"key":"mnuGlobalSettings_Remove","value":"Rimuovi da Impostazioni globali","extra":""},{"key":"cmdReloadThemes","value":"Ricarica elenco temi","extra":"Ricarica temi/Cerca eventuali modifiche nella cartella \"Profili demo\" e ricarica tutti i temi trovati."},{"key":"cmdMakeNewTheme","value":"Nuovo tema","extra":"Crea nuovo tema/Questo creerà un nuovo tema usando le impostazioni correnti come base."},{"key":"cmdDeletetheme","value":"Elimina tema","extra":"Elimina tema/Elimina il tema selezionato e tutti i suoi file."},{"key":"cmdSaveTheme","value":"Salva tema","extra":"Salva tema:/Salva le modifiche correnti nel tema selezionato./NOTA: le modifiche apportate ai temi di altre persone potrebbero essere sovrascritte da futuri aggiornamenti."},{"key":"cmdImportTheme","value":"Importa tema","extra":"Importa tema/Importa un file ZIP contenente un tema scaricato."},{"key":"cmdExportTheme","value":"Esporta tema","extra":"Esporta tema/Esporta le impostazioni correnti in un nuovo tema e lo impacchetta in un file ZIP, pronto per il caricamento o la condivisione."},{"key":"cmdOpenThemeFolder","value":"Apri la cartella del tema selezionata","extra":"Apri la cartella del tema selezionata/Apre la cartella in cui si trova questo tema."},{"key":"cmdThemes_ShowFavorites","value":"Preferiti","extra":"Preferiti/Mostra o nasconde i tuoi temi preferiti."},{"key":"","value":"","extra":""}]