[{"key":"MainMenu_Menu","value":"Hauptmenü","extra":""},{"key":"MainMenu_Settings","value":"Einstellungen","extra":""},{"key":"MainMenu_GameFolder","value":"Spielordner öffnen..","extra":""},{"key":"MainMenu_Sipyard","value":"Werft","extra":""},{"key":"MainMenu_InstallMod","value":"Installieren Sie EDHM Mod","extra":""},{"key":"MainMenu_UninstallMod","value":"Mod deinstallieren","extra":""},{"key":"MainMenu_Plugins","value":"3PMods (Plugins)","extra":""},{"key":"MainMenu_Help","value":"Hilfe","extra":""},{"key":"MainMenu_About","value":"Über..","extra":""},{"key":"MainMenu_Themes","value":"Themen 🡻","extra":""},{"key":"MainMenu_ApplyTheme","value":"Design anwenden","extra":""},{"key":"MainMenu_SearchBox","value":"Suche:","extra":""},{"key":"mnuTheme_Apply","value":"Design anwenden","extra":""},{"key":"mnuTheme_Rename","value":"Design umbenennen","extra":""},{"key":"mnuTheme_Delete","value":"Design löschen","extra":""},{"key":"mnuTheme_Export","value":"Design exportieren","extra":""},{"key":"mnuTheme_MakeNew","value":"Design duplizieren","extra":""},{"key":"mnuTheme_Thumbnail","value":"Miniaturbild erstellen..","extra":""},{"key":"mnuTheme_OpenFolder","value":"Öffnen Sie den Ordner des Themas..","extra":""},{"key":"mnuTheme_Save","value":"Designänderungen speichern..","extra":""},{"key":"mnuGlobalSettings_Add","value":"Zu globalen Einstellungen hinzufügen","extra":""},{"key":"mnuGlobalSettings_Remove","value":"Aus globalen Einstellungen entfernen","extra":""},{"key":"cmdReloadThemes","value":"Themenliste neu laden","extra":"Themen neu laden/Änderungen im Ordner „Demo-Profile“ suchen und alle gefundenen Themen neu laden."},{"key":"cmdMakeNewTheme","value":"Neues Design","extra":"Neues Design erstellen/Dies erstellt ein neues Design mit den aktuellen Einstellungen als Basis."},{"key":"cmdDeletetheme","value":"Design löschen","extra":"Design löschen/Löscht das ausgewählte Design und alle seine Dateien."},{"key":"cmdSaveTheme","value":"Design speichern","extra":"Design speichern:/Aktuelle Änderungen im ausgewählten Design speichern./HINWEIS: Ihre Änderungen in den Designs anderer Personen können durch zukünftige Updates überschrieben werden."},{"key":"cmdImportTheme","value":"Design importieren","extra":"Design importieren/ZIP-Datei importieren, die ein heruntergeladenes Design enthält."},{"key":"cmdExportTheme","value":"Design exportieren","extra":"Design exportieren/Exportieren Sie die aktuellen Einstellungen in ein neues Design und packt es in eine ZIP-Datei, bereit zum Hochladen oder Teilen."},{"key":"cmdOpenThemeFolder","value":"Ausgewählten Themenordner öffnen","extra":"Ausgewählten Themenordner öffnen/Öffnet den Ordner, in dem sich dieses Thema befindet."},{"key":"cmdThemes_ShowFavorites","value":"Favoriten","extra":"Favoriten/Zeigt oder verbirgt Ihre Lieblingsthemen."},{"key":"","value":"","extra":""}]