{
  "current_theme": "Default",
  "active_instance": "ED_Horizons",
  "author": "",
  "ui_groups": [
    {
      "Name": "Panel (Upper)",
      "Elements": [
        {
          "Type": "PanelLinesUP",
          "Name": "Panel Lines (upper)",
          "Key": "y104",
          "Value": 1,
          "ValueType": "Preset",
          "File": "Startup-Profile",
          "Description": "[CTRL]+[F4]"
        }
      ]
    },
    {
      "Name": "Targeting Reticle",
      "Elements": [
        {
          "Type": "TargetingReticle",
          "Name": "Targeting Reticle",
          "Key": "x107",
          "Value": 1,
          "ValueType": "Preset",
          "File": "Startup-Profile",
          "Description": "Cycle through reticle colours with [F7]"
        },
        {
          "Type": "EnvironmentObject",
          "Name": "Environment Target Colour",
          "Key": "y107",
          "Value": 1,
          "ValueType": "Preset",
          "File": "Startup-Profile",
          "Description": "Indicates current and possible destination targets, such as planets, stations.\r\nCycle through Environment target Colours with [CTRL]+[F7]"
        }
      ]
    },
    {
      "Name": "HUD Settings",
      "Elements": [
        {
          "Type": "HudDimmer",
          "Name": "Hud Dimmer",
          "Key": "y100",
          "Value": 5,
          "ValueType": "Preset",
          "File": "Startup-Profile",
          "Description": "Cycle with [F5].\r\nThere are 6 levels of brightness (5,4,3,2,1,0)."
        },
        {
          "Type": "HudOpacity",
          "Name": "HUD and Panel Opacity Layer",
          "Key": "z111",
          "Value": 1,
          "ValueType": "Preset",
          "File": "Startup-Profile",
          "Description": "The colour of the background behind the panels"
        },        
        {
          "Type": "Brightness",
          "Name": "CHUD and A-HUD Brightness",
          "Key": "x122",
          "Value": 1.0,
          "ValueType": "Brightness",
          "File": "Startup-Profile",
          "Description": ""
        },
        {
          "Type": "TextColour",
          "Name": "Text Colour",
          "Key": "w116",
          "Value": 1,
          "ValueType": "Preset",
          "File": "Startup-Profile",
          "Description": "If Text Colour is set to 4 then you can choose your own text colour."
        },
        {
          "Type": "TextRGB",
          "Name": "Text Custom Color",
          "Key": "x116|y116|z116",
          "Value": -1,
          "ValueType": "Color",
          "Description": "Please note, the XML shader will overlay the text and modify the text colour. There is no way to prevent this from happening."
        },
        {
          "Type": "Brightness",
          "Name": "Text Brightness",
          "Key": "w151",
          "Value": 1.0,
          "ValueType": "Brightness",
          "File": "Startup-Profile",
          "Description": ""
        }
      ]
    },
    {
      "Name": "Panel (Lower)",
      "Elements": [
        {
          "Type": "PanelLinesLOW",
          "Name": "Panel Lines (lower)",
          "Key": "z104",
          "Value": 1,
          "ValueType": "Preset",
          "File": "Startup-Profile",
          "Description": "[ALT]+[F4]"
        },
        {
          "Type": "Brightness",
          "Name": "Panel Opacity Boost",
          "Key": "x111",
          "Value": 0.0,
          "ValueType": "Brightness",
          "File": "Startup-Profile",
          "Description": "Transparency of the Shadows behind Panels and HUD elements."
        }
      ]
    },
    {
      "Name": "Lighting",
      "Elements": [
        {
          "Type": "AmbientLights",
          "Name": "Ambient Cabin Lights",
          "Key": "x103",
          "Value": 1,
          "ValueType": "Preset",
          "File": "Startup-Profile",
          "Description": "Cycle with [CTRL]+[F6]. "
        },
        {
          "Type": "CabinLightingStyle",
          "Name": "Cabin Lighting Style",
          "Key": "z115",
          "Value": 1,
          "ValueType": "Preset",
          "File": "Startup-Profile",
          "Description": "Restricted (Elite standard, cabin light doesn't cover whole cockpit)"
        },
        {
          "Type": "NightVision",
          "Name": "Night Vision",
          "Key": "x112",
          "Value": 1,
          "ValueType": "Preset",
          "File": "Startup-Profile",
          "Description": ""
        },
        {
          "Type": "Brightness",
          "Name": "Lighting Dimmer",
          "Key": "w103",
          "Value": 1.0,
          "ValueType": "Brightness",
          "File": "Startup-Profile",
          "Description": "Cycle with [F6]. Each press of F6 reduces the cabin lighting brightness by 0.2 (20%)"
        }
      ]
    },
    {
      "Name": "Special Efects",
      "Elements": [
        {
          "Type": "ONOFF",
          "Name": "OwnCarrier Highlight",
          "Key": "y122",
          "Value": 1,
          "ValueType": "ONOFF",
          "File": "Startup-Profile",
          "Description": "OwnCarrier Highlight on Nav panel (also highlights the current planetary bearing indicator on the landing reticle/SRV).\r\n(OFF will show the XML matrix colour)"
        },
        {
          "Type": "OwnCarrierHighlightColor",
          "Name": "OwnCarrier Highlight Color",
          "Key": "z122",
          "Value": 1,
          "ValueType": "Preset",
          "File": "Startup-Profile",
          "Description": "Note: A custom XML will modify this colour. Base colour refers to the colour on orange Elite panels."
        },
        {
          "Type": "OrbitLines",
          "Name": "Orbit Lines",
          "Key": "x117",
          "Value": 5,
          "ValueType": "Preset",
          "File": "Startup-Profile",
          "Description": "Orbit Lines (and Exclusion Zone Lines) & Gravity Well Lines ** (Supercruise only)"
        },
        {
          "Type": "Brightness",
          "Name": "Orbit Lines Brightness",
          "Key": "y117",
          "Value": 0.3,
          "ValueType": "Brightness",
          "File": "Startup-Profile",
          "Description": "Orbit Lines Brightness. Try 0.05 or 0.1 for very dim lines. Turn off with 0.0"
        },
        {
          "Type": "GravityWell",
          "Name": "Gravity Well Lines",
          "Key": "z117",
          "Value": 2,
          "ValueType": "Preset",
          "File": "Startup-Profile",
          "Description": "Gravity Well Lines colour"
        },
        {
          "Type": "Brightness",
          "Name": "Gravity Well Brightness",
          "Key": "w117",
          "Value": 0.1,
          "ValueType": "Brightness",
          "File": "Startup-Profile",
          "Description": "Gravity Well Lines Brightness"
        },
        {
          "Type": "PlanetaryLandingReticle",
          "Name": "Planetary Landing Reticle",
          "Key": "z107",
          "Value": 2,
          "ValueType": "Preset",
          "File": "Startup-Profile",
          "Description": "Planetary Landing Reticle ** Bearing and descent angle bars"
        },
        {
          "Type": "SupercruiseSpeedLines",
          "Name": "Supercruise Speed Lines",
          "Key": "z120",
          "Value": 1,
          "ValueType": "Preset",
          "File": "Startup-Profile",
          "Description": "supercruise speed lines colour"
        },
        {
          "Type": "Brightness",
          "Name": "Supercruise Speed Lines Brightness",
          "Key": "w120",
          "Value": 0.6,
          "ValueType": "Brightness",
          "File": "Startup-Profile",
          "Description": "Supercruise Speed Lines Brightness ** (range 0 to 1) (0 = OFF)"
        },
        {
          "Type": "SupercruiseSnow",
          "Name": "Supercruise Dust",
          "Key": "x121",
          "Value": 2,
          "ValueType": "Preset",
          "File": "Startup-Profile",
          "Description": "Supercruise Snow / Convergent white lines"
        },
        {
          "Type": "Brightness",
          "Name": "Supercruise Dust Brightness",
          "Key": "y121",
          "Value": 1.0,
          "ValueType": "Brightness",
          "File": "Startup-Profile",
          "Description": ""
        },
        {
          "Type": "ONOFF",
          "Name": "Space Dust",
          "Key": "z121",
          "Value": 1,
          "ValueType": "ONOFF",
          "File": "Startup-Profile",
          "Description": "Space Dust (in normal flight)"
        },
        {
          "Type": "ONOFF",
          "Name": "DSS Overlay",
          "Key": "w123",
          "Value": 1,
          "ValueType": "ONOFF",
          "File": "Startup-Profile",
          "Description": "Setting to OFF will remove the green / blue overlay while the DSS is not active"
        },
        {
          "Type": "ONOFF",
          "Name": "Dirty streaks on canopy windows",
          "Key": "y112",
          "Value": 1,
          "ValueType": "ONOFF",
          "File": "Startup-Profile",
          "Description": "You can turn off the dirty streaks on the canopy windows if you prefer a 'cleaner' look :)"
        }
      ]
    },
    {
      "Name": "Combat HUD",
      "Elements": [
        {
          "Type": "CombatHUD",
          "Name": "Combat HUD",
          "Key": "x105",
          "Value": 1,
          "ValueType": "Preset",
          "File": "Startup-Profile",
          "Description": "Cycle through CHUD colours with [CTRL]+[F2]"
        },
        {
          "Type": "CombatHudMode",
          "Name": "Combat HUD Mode",
          "Key": "y105",
          "Value": 1,
          "ValueType": "Preset",
          "File": "Startup-Profile",
          "Description": "[SHIFT]+[F2] to swap between modes"
        },
        {
          "Type": "Brightness",
          "Name": "CHUD and A-HUD Brightness",
          "Key": "x122",
          "Value": 1.0,
          "ValueType": "Brightness",
          "File": "Startup-Profile",
          "Description": ""
        }
      ]
    },
    {
      "Name": "Analysis HUD",
      "Elements": [
        {
          "Type": "AnalysisHUD",
          "Name": "Analysis HUD Inner Lines",
          "Key": "y113",
          "Value": 1,
          "ValueType": "Preset",
          "File": "Startup-Profile",
          "Description": "Cycle through A-HUD colours with [ALT]+[F2].\r\\nPlease note, the algorithm to target the A-HUD is not compatible with the Aisling CHUD and will be disabled when the Aisling CHUD is active."
        },
        {
          "Type": "AnalysisHUD",
          "Name": "Analysis HUD Outer Lines",
          "Key": "z113",
          "Value": 1,
          "ValueType": "Preset",
          "File": "Startup-Profile",
          "Description": "Cycling through colours will change both the inner lines and the outer lines together."
        }
      ]
    },
    {
      "Name": "Radar & Common Group",
      "Elements": [
        {
          "Type": "CommonGroup",
          "Name": "HUD Common Group",
          "Key": "x104",
          "Value": 1,
          "ValueType": "Preset",
          "File": "Startup-Profile",
          "Description": "[CTRL]+[F5]. The Common Group comprises the fuel bar, indicator lights, hologram swirls, ship status bar, hull bar, and outer radar elements "
        },
        {
          "Type": "RadarColor",
          "Name": "Radar Colour",
          "Key": "y106",
          "Value": 1,
          "ValueType": "Preset",
          "File": "Startup-Profile",
          "Description": "Cycle through radar colours with [F4]"
        },
        {
          "Type": "Brightness",
          "Name": "Inner Radar Brightness",
          "Key": "w152",
          "Value": 1.0,
          "ValueType": "Brightness",
          "File": "Startup-Profile",
          "Description": ""
        },
        {
          "Type": "Brightness",
          "Name": "Outer Radar Brightness",
          "Key": "x106",
          "Value": 1.0,
          "ValueType": "Brightness",
          "File": "Startup-Profile",
          "Description": ""
        },
        {
          "Type": "ONOFF",
          "Name": "Radar White-coloured Objects",
          "Key": "x115",
          "Value": 1,
          "ValueType": "ONOFF",
          "File": "Startup-Profile",
          "Description": "Turn off white-coloured objects on the radar (materials, wakes, etc). Toggle with [CTRL]+[ALT]+[W]"
        }
      ]
    },
    {
      "Name": "Shield & Holo Ship",
      "Elements": [
        {
          "Type": "ShieldColor",
          "Name": "Shield Color",
          "Key": "z105",
          "Value": 10,
          "ValueType": "Preset",
          "File": "Startup-Profile",
          "Description": "Cycle with [F2]"
        },
        {
          "Type": "OwnShipHolo",
          "Name": "OwnShip Holo",
          "Key": "y101",
          "Value": 1,
          "ValueType": "Preset",
          "File": "Startup-Profile",
          "Description": "Cycle through OwnShip hologram colours with [F3]"
        },
        {
          "Type": "OwnShipHoloMode",
          "Name": "OwnShip Hologram Mode",
          "Key": "x101",
          "Value": 2,
          "ValueType": "Preset",
          "File": "Startup-Profile",
          "Description": "Ship only, not SRV [CTRL]+[F3]"
        },
        {
          "Type": "Brightness",
          "Name": "OwnShip Hologram Dimmer",
          "Key": "z101",
          "Value": 1.0,
          "ValueType": "Brightness",
          "File": "Startup-Profile",
          "Description": "Each press of [ALT]+[F3] dims the hologram by 10% (1.0, 0.9, 0.8, 0.7, etc)"
        },
        {
          "Type": "ONOFF",
          "Name": "OwnShip Hologram Shimmer",
          "Key": "z109",
          "Value": 1,
          "ValueType": "Preset",
          "File": "Startup-Profile",
          "Description": "shimmering lines on the Holo"
        },
        {
          "Type": "ONOFF",
          "Name": "Target Hologram Shimmer",
          "Key": "w109",
          "Value": 1,
          "ValueType": "Preset",
          "File": "Startup-Profile",
          "Description": "shimmering lines on the Holo"
        }
      ]
    },
    {
      "Name": "Power Distributor",
      "Elements": [
        {
          "Type": "PowerDistributor",
          "Name": "Power Distributor",
          "Key": "y108",
          "Value": 1,
          "ValueType": "Preset",
          "File": "Startup-Profile",
          "Description": "[ALT]+[F5]"
        }
      ]
    },
    {
      "Name": "Signature & Fuel Bars",
      "Elements": [
        {
          "Type": "SignatureBar",
          "Name": "Signature Bar Colour",
          "Key": "w106",
          "Value": 1,
          "ValueType": "Preset",
          "File": "Startup-Profile",
          "Description": "Cycle through Signature Bar colours (looks like a radio signal) colours with [SHIFT]+[F4]"
        }
      ]
    }
  ]
}