{"current_theme":"Default","active_instance":"ED_Horizons","author":"","ui_groups":[{"Name":"Panel (Upper)","Elements":[{"Type":"PanelLinesUP","Category":null,"Name":"Panel Lines (upper)","Key":"y104","File":"Startup-Profile","Value":13.0,"ValueType":"Preset","Description":"[CTRL]+[F4]"}]},{"Name":"Targeting Reticle","Elements":[{"Type":"TargetingReticle","Category":null,"Name":"Targeting Reticle","Key":"x107","File":"Startup-Profile","Value":9.0,"ValueType":"Preset","Description":"Cycle through reticle colours with [F7]"},{"Type":"EnvironmentObject","Category":null,"Name":"Environment Target Colour","Key":"y107","File":"Startup-Profile","Value":199.0,"ValueType":"Preset","Description":"Indicates current and possible destination targets, such as planets, stations.\r\nCycle through Environment target Colours with [CTRL]+[F7]"}]},{"Name":"HUD Settings","Elements":[{"Type":"HudDimmer","Category":null,"Name":"Hud Dimmer","Key":"y100","File":"Startup-Profile","Value":4.0,"ValueType":"Preset","Description":"Cycle with [F5].\r\nThere are 6 levels of brightness (5,4,3,2,1,0)."},{"Type":"HudOpacity","Category":null,"Name":"HUD and Panel Opacity Layer","Key":"z111","File":"Startup-Profile","Value":1.0,"ValueType":"Preset","Description":"The colour of the background behind the panels"},{"Type":"Brightness","Category":null,"Name":"Panel Opacity Boost","Key":"x111","File":"Startup-Profile","Value":0.0,"ValueType":"Brightness","Description":"Cycle with [F1]"},{"Type":"Brightness","Category":null,"Name":"CHUD and A-HUD Brightness","Key":"x122","File":"Startup-Profile","Value":1.0,"ValueType":"Brightness","Description":""},{"Type":"TextColour","Category":null,"Name":"Text Colour","Key":"w116","File":"Startup-Profile","Value":3.0,"ValueType":"Preset","Description":"If Text Colour is set to 4 then you can choose your own text colour."},{"Type":"TextRGB","Category":null,"Name":"Text Custom Color","Key":"x116|y116|z116","File":null,"Value":-10059725.0,"ValueType":"Color","Description":"Please note, the XML shader will overlay the text and modify the text colour. There is no way to prevent this from happening."},{"Type":"Brightness","Category":null,"Name":"Text Brightness","Key":"w151","File":"Startup-Profile","Value":1.0,"ValueType":"Brightness","Description":""}]},{"Name":"Panel (Lower)","Elements":[{"Type":"PanelLinesLOW","Category":null,"Name":"Panel Lines (lower)","Key":"z104","File":"Startup-Profile","Value":13.0,"ValueType":"Preset","Description":"[ALT]+[F4]"}]},{"Name":"Lighting","Elements":[{"Type":"AmbientLights","Category":null,"Name":"Ambient Cabin Lights","Key":"x103","File":"Startup-Profile","Value":2.0,"ValueType":"Preset","Description":"Cycle with [CTRL]+[F6]. "},{"Type":"CabinLightingStyle","Category":null,"Name":"Cabin Lighting Style","Key":"z115","File":"Startup-Profile","Value":0.0,"ValueType":"Preset","Description":"Restricted (Elite standard, cabin light doesn't cover whole cockpit)"},{"Type":"NightVision","Category":null,"Name":"Night Vision","Key":"x112","File":"Startup-Profile","Value":4.0,"ValueType":"Preset","Description":""},{"Type":"Brightness","Category":null,"Name":"Lighting Dimmer","Key":"w103","File":"Startup-Profile","Value":0.8,"ValueType":"Brightness","Description":"Cycle with [F6]. Each press of F6 reduces the cabin lighting brightness by 0.2 (20%)"}]},{"Name":"Special Efects","Elements":[{"Type":"ONOFF","Category":null,"Name":"OwnCarrier Highlight","Key":"y122","File":"Startup-Profile","Value":1.0,"ValueType":"ONOFF","Description":"OwnCarrier Highlight on Nav panel (also highlights the current planetary bearing indicator on the landing reticle/SRV).\r\n(OFF will show the XML matrix colour)"},{"Type":"OwnCarrierHighlightColor","Category":null,"Name":"OwnCarrier Highlight Color","Key":"z122","File":"Startup-Profile","Value":5.0,"ValueType":"Preset","Description":"Note: A custom XML will modify this colour. Base colour refers to the colour on orange Elite panels."},{"Type":"OrbitLines","Category":null,"Name":"Orbit Lines","Key":"x117","File":"Startup-Profile","Value":9.0,"ValueType":"Preset","Description":"Orbit Lines (and Exclusion Zone Lines) & Gravity Well Lines ** (Supercruise only)"},{"Type":"Brightness","Category":null,"Name":"Orbit Lines Brightness","Key":"y117","File":"Startup-Profile","Value":0.10,"ValueType":"Brightness","Description":"Orbit Lines Brightness. Try 0.05 or 0.1 for very dim lines. Turn off with 0.0"},{"Type":"GravityWell","Category":null,"Name":"Gravity Well Lines","Key":"z117","File":"Startup-Profile","Value":9.0,"ValueType":"Preset","Description":"Gravity Well Lines colour"},{"Type":"Brightness","Category":null,"Name":"Gravity Well Brightness","Key":"w117","File":"Startup-Profile","Value":0.10,"ValueType":"Brightness","Description":"Gravity Well Lines Brightness"},{"Type":"PlanetaryLandingReticle","Category":null,"Name":"Planetary Landing Reticle","Key":"z107","File":"Startup-Profile","Value":199.0,"ValueType":"Preset","Description":"Planetary Landing Reticle ** Bearing and descent angle bars"},{"Type":"SupercruiseSpeedLines","Category":null,"Name":"Supercruise Speed Lines","Key":"z120","File":"Startup-Profile","Value":1.0,"ValueType":"Preset","Description":"supercruise speed lines colour"},{"Type":"Brightness","Category":null,"Name":"Supercruise Speed Lines Brightness","Key":"w120","File":"Startup-Profile","Value":0.8,"ValueType":"Brightness","Description":"Supercruise Speed Lines Brightness ** (range 0 to 1) (0 = OFF)"},{"Type":"SupercruiseSnow","Category":null,"Name":"Supercruise Dust","Key":"x121","File":"Startup-Profile","Value":1.0,"ValueType":"Preset","Description":"Supercruise Snow / Convergent white lines"},{"Type":"Brightness","Category":null,"Name":"Supercruise Dust Brightness","Key":"y121","File":"Startup-Profile","Value":0.7,"ValueType":"Brightness","Description":""},{"Type":"ONOFF","Category":null,"Name":"Space Dust","Key":"z121","File":"Startup-Profile","Value":1.0,"ValueType":"ONOFF","Description":"Space Dust (in normal flight)"},{"Type":"ONOFF","Category":null,"Name":"DSS Overlay","Key":"w123","File":"Startup-Profile","Value":1.0,"ValueType":"ONOFF","Description":"Setting to OFF will remove the green / blue overlay while the DSS is not active"},{"Type":"ONOFF","Category":null,"Name":"Dirty streaks on canopy windows","Key":"y112","File":"Startup-Profile","Value":1.0,"ValueType":"ONOFF","Description":"You can turn off the dirty streaks on the canopy windows if you prefer a 'cleaner' look :)"}]},{"Name":"Combat HUD","Elements":[{"Type":"CombatHUD","Category":null,"Name":"Combat HUD","Key":"x105","File":"Startup-Profile","Value":13.0,"ValueType":"Preset","Description":"Cycle through CHUD colours with [CTRL]+[F2]"},{"Type":"CombatHudMode","Category":null,"Name":"Combat HUD Mode","Key":"y105","File":"Startup-Profile","Value":1.0,"ValueType":"Preset","Description":"[SHIFT]+[F2] to swap between modes"},{"Type":"Brightness","Category":null,"Name":"CHUD and A-HUD Brightness","Key":"x122","File":"Startup-Profile","Value":1.0,"ValueType":"Brightness","Description":""}]},{"Name":"Analysis HUD","Elements":[{"Type":"AnalysisHUD","Category":null,"Name":"Analysis HUD Inner Lines","Key":"y113","File":"Startup-Profile","Value":6.0,"ValueType":"Preset","Description":"Cycle through A-HUD colours with [ALT]+[F2].\r\\nPlease note, the algorithm to target the A-HUD is not compatible with the Aisling CHUD and will be disabled when the Aisling CHUD is active."},{"Type":"AnalysisHUD","Category":null,"Name":"Analysis HUD Outer Lines","Key":"z113","File":"Startup-Profile","Value":7.0,"ValueType":"Preset","Description":"Cycling through colours will change both the inner lines and the outer lines together."}]},{"Name":"Radar & Common Group","Elements":[{"Type":"CommonGroup","Category":null,"Name":"HUD Common Group","Key":"x104","File":"Startup-Profile","Value":13.0,"ValueType":"Preset","Description":"[CTRL]+[F5]. The Common Group comprises the fuel bar, indicator lights, hologram swirls, ship status bar, hull bar, and outer radar elements "},{"Type":"RadarColor","Category":null,"Name":"Radar Colour","Key":"y106","File":"Startup-Profile","Value":13.0,"ValueType":"Preset","Description":"Cycle through radar colours with [F4]"},{"Type":"Brightness","Category":null,"Name":"Inner Radar Brightness","Key":"w152","File":"Startup-Profile","Value":2.0,"ValueType":"Brightness","Description":""},{"Type":"Brightness","Category":null,"Name":"Outer Radar Brightness","Key":"x106","File":"Startup-Profile","Value":0.8,"ValueType":"Brightness","Description":""},{"Type":"ONOFF","Category":null,"Name":"Radar White-coloured Objects","Key":"x115","File":"Startup-Profile","Value":1.0,"ValueType":"ONOFF","Description":"Turn off white-coloured objects on the radar (materials, wakes, etc). Toggle with [CTRL]+[ALT]+[W]"}]},{"Name":"Shield & Holo Ship","Elements":[{"Type":"ShieldColor","Category":null,"Name":"Shield Color","Key":"z105","File":"Startup-Profile","Value":11.0,"ValueType":"Preset","Description":"Cycle with [F2]"},{"Type":"OwnShipHolo","Category":null,"Name":"OwnShip Holo","Key":"y101","File":"Startup-Profile","Value":13.0,"ValueType":"Preset","Description":"Cycle through OwnShip hologram colours with [F3]"},{"Type":"OwnShipHoloMode","Category":null,"Name":"OwnShip Hologram Mode","Key":"x101","File":"Startup-Profile","Value":2.0,"ValueType":"Preset","Description":"Ship only, not SRV [CTRL]+[F3]"},{"Type":"Brightness","Category":null,"Name":"OwnShip Hologram Dimmer","Key":"z101","File":"Startup-Profile","Value":1.0,"ValueType":"Brightness","Description":"Each press of [ALT]+[F3] dims the hologram by 10% (1.0, 0.9, 0.8, 0.7, etc)"},{"Type":"ONOFF","Category":null,"Name":"OwnShip Hologram Shimmer","Key":"z109","File":"Startup-Profile","Value":0.0,"ValueType":"Preset","Description":"shimmering lines on the Holo"},{"Type":"ONOFF","Category":null,"Name":"Target Hologram Shimmer","Key":"w109","File":"Startup-Profile","Value":1.0,"ValueType":"Preset","Description":"shimmering lines on the Holo"}]},{"Name":"Power Distributor","Elements":[{"Type":"PowerDistributor","Category":null,"Name":"Power Distributor","Key":"y108","File":"Startup-Profile","Value":13.0,"ValueType":"Preset","Description":"[ALT]+[F5]"}]},{"Name":"Signature & Fuel Bars","Elements":[{"Type":"SignatureBar","Category":null,"Name":"Signature Bar Colour","Key":"w106","File":"Startup-Profile","Value":199.0,"ValueType":"Preset","Description":"Cycle through Signature Bar colours (looks like a radio signal) colours with [SHIFT]+[F4]"}]}]}