{"current_theme":"Default","active_instance":"ED_Odissey","author":"Blue Mystic","ui_groups":[{"Name":"Panel (Upper)","Elements":[{"Type":"AdvancedMode","Category":"Chat Panel","Name":"Chat Panel Lines","Key":"x137","File":"Startup-Profile","Value":100.0,"ValueType":"Preset","Description":"(Top Left Side)\r\nNote: The colours will look slightly different to the Info Panel lines because the original Elite colours are different."},{"Type":"ChatPanel","Category":"Chat Panel","Name":"Chat Panel Lines","Key":"x232|y232|z232|w232","File":"Advanced","Value":-9819184.0,"ValueType":"Color","Description":"Custom Color for Chat Panel Lines. (*Alpha)"},{"Type":"AdvancedMode","Category":"Chat Panel","Name":"Chat Panel Icons","Key":"y137","File":"Startup-Profile","Value":100.0,"ValueType":"Preset","Description":"Chat Panel Icons Mode."},{"Type":"ChatPanel","Category":"Chat Panel","Name":"Chat Panel Icons","Key":"x233|y233|z233|w233","File":"Advanced","Value":-9819184.0,"ValueType":"Color","Description":"Custom Color for Chat Panel Icons. (*Alpha)"},{"Type":"AdvancedMode","Category":"Info Panel","Name":"Info Panel Lines","Key":"w206","File":"Startup-Profile","Value":100.0,"ValueType":"Preset","Description":"(Top Right Side)"},{"Type":"InfoPanel","Category":"Info Panel","Name":"Info Panel Lines","Key":"x208|y208|z208|w208","File":"Advanced","Value":-9819184.0,"ValueType":"Color","Description":"Custom Color for Info Panel Lines. (*Alpha)"},{"Type":"AdvancedMode","Category":"Info Panel","Name":"Ship Name","Key":"z137","File":"Startup-Profile","Value":100.0,"ValueType":"Preset","Description":"Text Color for the Ship's Name."},{"Type":"ShipName","Category":"Info Panel","Name":"Ship Name","Key":"x235|y235|z235","File":"Advanced","Value":-9819184.0,"ValueType":"Color","Description":"Custom Text Color for the Ship's Name."},{"Type":"Brightness","Category":"Info Panel","Name":"Ship Name Brightness","Key":"w235","File":"Advanced","Value":1.0,"ValueType":"Brightness","Description":"Ship Name Brightness"},{"Type":"Brightness","Category":"Info Panel","Name":"Ship Name Background Glow","Key":"w137","File":"Advanced","Value":0.2,"ValueType":"Brightness","Description":"Ship Name Background Glow"}]},{"Name":"Targeting Reticle","Elements":[{"Type":"AdvancedMode","Category":"Targeting Reticle","Name":"Targeting Reticle","Key":"y141","File":"Startup-Profile","Value":100.0,"ValueType":"Preset","Description":"Targeting Reticle Mode"},{"Type":"TargetingReticle","Category":"Targeting Reticle - Components","Name":"Large Tri-bars","Key":"x56|y56|z56|w56","File":"Advanced","Value":-4194304.0,"ValueType":"Color","Description":"Custom Color for Large Tri-bars (one vertical at the top, two diagonal at the bottom). (*Alpha)"},{"Type":"TargetingReticle","Category":"Targeting Reticle - Components","Name":"Small Tri-bars","Key":"x57|y57|z57|w57","File":"Advanced","Value":-4194304.0,"ValueType":"Color","Description":"Custom Color for Small Tri-bars. (*Alpha)"},{"Type":"TargetingReticle","Category":"Targeting Reticle - Components","Name":"Large Circle","Key":"x58|y58|z58|w58","File":"Advanced","Value":-4194304.0,"ValueType":"Color","Description":"Custom Color for Large Circle. (*Alpha)"},{"Type":"TargetingReticle","Category":"Targeting Reticle - Components","Name":"Leading Circle","Key":"x59|y59|z59|w59","File":"Advanced","Value":-256.0,"ValueType":"Color","Description":"Custom Color for Leading Circle. (*Alpha)"},{"Type":"TargetingReticle","Category":"Targeting Reticle - Components","Name":"Weapon Dots","Key":"x60|y60|z60|w60","File":"Advanced","Value":-4194304.0,"ValueType":"Color","Description":"Custom Color for Weapon Dots. (*Alpha)"},{"Type":"TargetingReticle","Category":"Targeting Reticle - Components","Name":"Mouse Dot","Key":"x61|y61|z61|w61","File":"Advanced","Value":-1.0,"ValueType":"Color","Description":"Custom Color for Mouse Dot. (*Alpha)"},{"Type":"TargetingReticle","Category":"Targeting Reticle - Components","Name":"Missile Lock","Key":"x62|y62|z62|w62","File":"Advanced","Value":-16384.0,"ValueType":"Color","Description":"Custom Color for Missile Lock. (*Alpha)\r\n(also Landing reticle altitude meter, edges of SRV scanner)"},{"Type":"AdvancedMode","Category":"Environmental and Destination Targets","Name":"Mode","Key":"z141","File":"Startup-Profile","Value":100.0,"ValueType":"Preset","Description":"Environmental and Destination (& Missile Lock) Targets Mode"},{"Type":"TargetingReticle","Category":"Environmental and Destination Targets","Name":"Possible ship target","Key":"x64|y64|z64|w64","File":"Advanced","Value":-8421505.0,"ValueType":"Color","Description":"Custom Color for Possible ship target (unselected). (*Alpha)"},{"Type":"TargetingReticle","Category":"Environmental and Destination Targets","Name":"Possible destination target","Key":"x65|y65|z65|w65","File":"Advanced","Value":-8421505.0,"ValueType":"Color","Description":"Custom Color for Possible destination target and relative mouse arrow. (*Alpha)"},{"Type":"TargetingReticle","Category":"Environmental and Destination Targets","Name":"Possible supercruise target circle","Key":"x66|y66|z66|w66","File":"Advanced","Value":-8421505.0,"ValueType":"Color","Description":"Custom Color for Possible supercruise target circle. (*Alpha)"},{"Type":"TargetingReticle","Category":"Environmental and Destination Targets","Name":"Destination target circle","Key":"x67|y67|z67|w67","File":"Advanced","Value":-9819184.0,"ValueType":"Color","Description":"Custom Color for Destination target circle. (*Alpha)"},{"Type":"Brightness","Category":"Environmental and Destination Targets","Name":"Text brightness","Key":"w68","File":"Advanced","Value":0.4,"ValueType":"Brightness","Description":"Destination target Text brightness (the text to the right of the circle)"}]},{"Name":"HUD Settings","Elements":[{"Type":"AdvancedMode","Category":"Main Text","Name":"Text Mode","Key":"w75","File":"Startup-Profile","Value":100.0,"ValueType":"Preset","Description":"Orange Text Colour Swap (the majority of text)."},{"Type":"TextColour","Category":"Main Text","Name":"Text Colour","Key":"x77|y77|z77|w77","File":"Advanced","Value":2104110032.0,"ValueType":"Color","Description":"Custom Color for Global Text. *Alpha*"},{"Type":"AdvancedMode","Category":"Secondary Texts","Name":"Text Mode","Key":"y78","File":"Startup-Profile","Value":200.0,"ValueType":"Preset","Description":"Blue Text Colour Swap (around the AHUD and mission text, among others)."},{"Type":"TextColour","Category":"Secondary Texts","Name":"Text Colour","Key":"x82|y82|z82|w82","File":"Advanced","Value":-1711892.0,"ValueType":"Color","Description":"Custom Color for Secondary Texts. *Alpha*"},{"Type":"AdvancedMode","Category":"Tertiary Texts","Name":"Text Mode","Key":"z78","File":"Startup-Profile","Value":200.0,"ValueType":"Preset","Description":"Yellow Text Colour Swap (OwnCarrier highlight, landing reticle text, among others)."},{"Type":"TextColour","Category":"Tertiary Texts","Name":"Text Colour","Key":"x80|y80|z80|w80","File":"Advanced","Value":-1711892.0,"ValueType":"Color","Description":"Custom Color for Terciary Texts. *Alpha*"},{"Type":"AdvancedMode","Category":"Galaxy Map","Name":"Icon Mode","Key":"y84","File":"Startup-Profile","Value":199.0,"ValueType":"Preset","Description":"GalMap Icon Colour (excluding Engineering), and Travel Line colour."},{"Type":"CustomColor","Category":"Galaxy Map","Name":"Icon Colour","Key":"x85|y85|z85|w85","File":"Advanced","Value":-9424736.0,"ValueType":"Color","Description":"Custom Color for GalMap Icon Colour. *Alpha*"},{"Type":"AdvancedMode","Category":"Galaxy Map","Name":"Engineering Icon Mode","Key":"z84","File":"Startup-Profile","Value":199.0,"ValueType":"Preset","Description":"GalMap Engineering Icon Mode"},{"Type":"CustomColor","Category":"Galaxy Map","Name":"Engineering Icon Colour","Key":"x86|y86|z86|w86","File":"Advanced","Value":-9424736.0,"ValueType":"Color","Description":"Custom Color for GalMap Engineering Icon Colour. *Alpha*"}]},{"Name":"Panel (Lower)","Elements":[{"Type":"AdvancedMode","Category":"Lower Panel","Name":"Panel Lines (lower)","Key":"z104","File":"Startup-Profile","Value":100.0,"ValueType":"Preset","Description":"value for your favourite Lower Panel Lines colour."},{"Type":"PanelLinesLOW","Category":"Lower Panel","Name":"Lower Panel Lines","Key":"x204|y204|z204|w204","File":"Advanced","Value":-9819184.0,"ValueType":"Color","Description":"(*Alpha) ** (if your custom colour is close to orange, add a little blue (eg. 0.1) to avoid a glitch on the targeting panel. The targeting panel uses a colour swap technique that looks for blue = 0)."},{"Type":"AdvancedMode","Category":"Targeting Panel","Name":"Mode","Key":"x140","File":"Startup-Profile","Value":100.0,"ValueType":"Preset","Description":"Speed/Distance/Alignment in Supercruise. Excluding lower panel lines and text colour.\r\nIf your chosen colour for Supercruise Speed/Distance elements are close to orange (high red, medium green), add 0.1 blue to avoid a glitch"},{"Type":"TargetingPanel","Category":"Targeting Panel","Name":"Correct Target Alignment (Blocks)","Key":"x51|y51|z51","File":"Advanced","Value":-1.0,"ValueType":"Color","Description":"Custom Color for target alignment (correct) blocks, bar and indicator light (blue sections in original Elite)."},{"Type":"Brightness","Category":"Targeting Panel","Name":"Brightness","Key":"w51","File":"Advanced","Value":1.0,"ValueType":"Brightness","Description":"Brightness for Target alignment (correct)"},{"Type":"AdvancedMode","Category":"Targeting Panel","Name":"Divider Lines Mode","Key":"x78","File":"Startup-Profile","Value":100.0,"ValueType":"Preset","Description":"Divider Lines on Targeting Panel in Supercruise"},{"Type":"TargetingPanel","Category":"Targeting Panel","Name":"Divider Lines Color","Key":"x79|y79|z79","File":"Advanced","Value":-1.0,"ValueType":"Color","Description":"Custom Color for Divider Lines on Targeting Panel in Supercruise"},{"Type":"Brightness","Category":"Targeting Panel","Name":"Divider Lines Brightness","Key":"w79","File":"Advanced","Value":0.5,"ValueType":"Brightness","Description":"Brightness for Icons on Nav panel and Targeting panel"},{"Type":"TargetingPanel","Category":"Targeting Panel","Name":"Incorrect Target Alignment (Blocks)","Key":"x52|y52|z52","File":"Advanced","Value":-9819184.0,"ValueType":"Color","Description":"Custom Color for target alignment (incorrect / not aligned) blocks and indicator light (orange sections in original Elite)."},{"Type":"Brightness","Category":"Targeting Panel","Name":"Brightness","Key":"w52","File":"Advanced","Value":1.0,"ValueType":"Brightness","Description":"Brightness for Target alignment (Incorrect)"},{"Type":"TargetingPanel","Category":"Targeting Panel","Name":"Incorrect Target Alignment (Bar)","Key":"x53|y53|z53","File":"Advanced","Value":-9819184.0,"ValueType":"Color","Description":"Custom Color for Supercruise target alignment (incorrect) bar, divider lines (between Distance/Speed/Alignment), icons. These can't be separated any further.."},{"Type":"Brightness","Category":"Targeting Panel","Name":"Brightness","Key":"w53","File":"Advanced","Value":1.0,"ValueType":"Brightness","Description":"Brightness for Supercruise target alignment (incorrect) bar"},{"Type":"AdvancedMode","Category":"Targeting Panel","Name":"Icons Mode","Key":"z75","File":"Startup-Profile","Value":100.0,"ValueType":"Preset","Description":"Icons on Nav panel and Targeting panel"},{"Type":"TargetingPanel","Category":"Targeting Panel","Name":"Icons Color","Key":"x53|y53|z53","File":"Advanced","Value":-9819184.0,"ValueType":"Color","Description":"Custom Color for Icons on Nav panel and Targeting panel"},{"Type":"Brightness","Category":"Targeting Panel","Name":"Icons Brightness","Key":"w53","File":"Advanced","Value":1.0,"ValueType":"Brightness","Description":"Brightness for Icons on Nav panel and Targeting panel"},{"Type":"Brightness","Category":"Middle Panel","Name":"Middle Panel Avatar","Key":"y157","File":"Advanced","Value":1.5,"ValueType":"Brightness","Description":"Brightness / Transparency of the Avatar in the Middle Panel (3)"},{"Type":"AdvancedMode","Category":"Panel Highlight","Name":"Mode","Key":"z68","File":"Startup-Profile","Value":100.0,"ValueType":"Preset","Description":"(Note: This also colours the current speed indicator, the supercruise alignment bar (when not aligned), active fuel on the fuel bar. It can't be separated unfortunately, but you can choose the colour. I recommend XML."},{"Type":"PanelHighlight","Category":"Panel Highlight","Name":"Custom Color","Key":"x74|y74|z74","File":"Advanced","Value":-8362846.0,"ValueType":"Color","Description":"Custom Color for target alignment (correct) blocks, bar and indicator light (blue sections in original Elite)."},{"Type":"Brightness","Category":"Panel Highlight","Name":"Brightness","Key":"w74","File":"Advanced","Value":1.0,"ValueType":"Brightness","Description":"Brightness for the Panel Highlight."},{"Type":"AdvancedMode","Category":"Side Panels","Name":"Main Lines","Key":"x75","File":"Startup-Profile","Value":199.0,"ValueType":"Preset","Description":"(Note: This also colours the current speed indicator, the supercruise alignment bar (when not aligned), active fuel on the fuel bar. It can't be separated unfortunately, but you can choose the colour. I recommend XML."},{"Type":"SidePanels","Category":"Side Panels","Name":"Custom Color","Key":"x76|y76|z76","File":"Advanced","Value":-9819184.0,"ValueType":"Color","Description":"Custom Color for target alignment (correct) blocks, bar and indicator light (blue sections in original Elite)."},{"Type":"Brightness","Category":"Side Panels","Name":"Brightness","Key":"w76","File":"Advanced","Value":0.5,"ValueType":"Brightness","Description":"Brightness for the Side Panels Main lines."},{"Type":"NavPanel","Category":"Nav Panel","Name":"Nav Panel Mode","Key":"z97","File":"Startup-Profile","Value":200.0,"ValueType":"Preset","Description":"Current Location Pin/wedge (only the Current Location Pin can be modded to a custom colour. The Destination Pin is connected to other elements/lines on the Ship Panel)"},{"Type":"CustomColor","Category":"Nav Panel","Name":"Custom Color","Key":"x98|y98|z98|w98","File":"Advanced","Value":-9424736.0,"ValueType":"Color","Description":"Custom Color for GalMap Engineering Icon Colour. *Alpha*"},{"Type":"NavPanel","Category":"Mision Panel","Name":"Mision Panel Mode","Key":"z89","File":"Startup-Profile","Value":200.0,"ValueType":"Preset","Description":"Affects the colour of the Mission panels on the Nav Panel, plus mission icon on the Mission Selection screen)"},{"Type":"CustomColor","Category":"Mision Panel","Name":"Custom Color","Key":"x91|y91|z91","File":"Advanced","Value":-9424736.0,"ValueType":"Color","Description":"Custom Color for Mission Panels on Nav Panel, plus mission icon on the Mission Selection screen."}]},{"Name":"Lighting","Elements":[{"Type":"AmbientLights","Category":"Cabin - Cockpit Lighting","Name":"Color Mode","Key":"y68","File":"Startup-Profile","Value":100.0,"ValueType":"Preset","Description":"Mode for Cabin / Cockpit Lighting"},{"Type":"CabinLightingStyle","Category":"Cabin - Cockpit Lighting","Name":"Lighting Style","Key":"x68","File":"Advanced","Value":1.0,"ValueType":"Preset","Description":"Full: (Cabin light covers whole cockpit, will colour all the interior including your flight suit, pilot skin)"},{"Type":"AmbientLights","Category":"Cabin - Cockpit Lighting","Name":"Color","Key":"x69|y69|z69","File":"Advanced","Value":-9819184.0,"ValueType":"Color","Description":"Custom Color for Cabin - Cockpit Lighting."},{"Type":"Brightness","Category":"Cabin - Cockpit Lighting","Name":"Brightness","Key":"w69","File":"Advanced","Value":0.5,"ValueType":"Brightness","Description":"Brightness for Cabin - Cockpit Lighting."},{"Type":"AmbientLights","Category":"AmbientLights - Bi-colour","Name":"Left Color","Key":"x70|y70|z70","File":"Advanced","Value":-10092289.0,"ValueType":"Color","Description":"(Experimental) - Best to use in FULL lighting mode."},{"Type":"AmbientLights","Category":"AmbientLights - Bi-colour","Name":"Right Color","Key":"x71|y71|z71","File":"Advanced","Value":-6422276.0,"ValueType":"Color","Description":"this colour is added to the Base colour on the right-hand side of the cockpit.."},{"Type":"Brightness","Category":"AmbientLights - Bi-colour","Name":"Brightness","Key":"w71","File":"Advanced","Value":0.5,"ValueType":"Brightness","Description":"Brightness for AmbientLights - Bi-colour."},{"Type":"ShipPanelOpacity","Category":"Ship Panels","Name":"Ship Panel Background","Key":"x89","File":"Startup-Profile","Value":199.0,"ValueType":"Preset","Description":"(set default level of opacity in Advanced.ini, works across all colour modes)"},{"Type":"CustomColor","Category":"Ship Panels","Name":"Ship Panel Background","Key":"x90|y90|z90","File":"Advanced","Value":-9424736.0,"ValueType":"Color","Description":"Custom Color for Ship Panel Background, and Opacity'. *Alpha*"},{"Type":"Brightness","Category":"Ship Panels","Name":"Panel Background Opacity","Key":"w90","File":"Advanced","Value":1.0,"ValueType":"Brightness","Description":"Opcaity (Alpha) for the Ship Panels Background."},{"Type":"AdvancedMode","Category":"Station Panels","Name":"Panel Drawings","Key":"w89","File":"Startup-Profile","Value":199.0,"ValueType":"Preset","Description":"Art and sketches on panels"},{"Type":"CustomColor","Category":"Station Panels","Name":"Panel Drawings","Key":"x92|y92|z92|w92","File":"Advanced","Value":-9424736.0,"ValueType":"Color","Description":"Custom Color for Panel Drawings. *Alpha*"}]},{"Name":"Special Efects","Elements":[{"Type":"ONOFF","Category":"Space FX","Name":"Supercruise SideLines","Key":"w120","File":"Startup-Profile","Value":1.0,"ValueType":"ONOFF","Description":"Switch for Remove Supercruise SideLines"},{"Type":"ONOFF","Category":"Space FX","Name":"Supercruise Snow","Key":"y121","File":"Startup-Profile","Value":1.0,"ValueType":"ONOFF","Description":"Switch for Remove Supercruise Snow"},{"Type":"ONOFF","Category":"Space FX","Name":"Space Dust","Key":"z121","File":"Startup-Profile","Value":1.0,"ValueType":"ONOFF","Description":"Switch for Space Dust (aka Snow in normal flight)"}]},{"Name":"Combat HUD","Elements":[{"Type":"AdvancedMode","Category":"Combat HUD","Name":"Combat HUD Mode","Key":"x141","File":"Startup-Profile","Value":100.0,"ValueType":"Preset","Description":"  ** Combat HUD (CHUD) MODE ** \r\n For a standard CHUD, Set Colour 2 RGB(0,0,0) and Fade Strength = 0\r\n For a single colour Bird-of-Prey CHUD, Set Colour 2 RGB(0,0,0) and your preferred Fade Strength (0.7 is a nice balance)\r\n For a synthwave (dual-colour) CHUD, Set Colour 2 RGB to your preference, and Fade Strenth = 1"},{"Type":"CombatHUD","Category":"Combat HUD","Name":"Colour 1","Key":"x55|y55|z55","File":"Advanced","Value":-4194304.0,"ValueType":"Color","Description":"Custom Color for Combat HUD - Color 1 (Top colour)."},{"Type":"Brightness","Category":"Combat HUD","Name":"Colour 1 - Brightness","Key":"w55","File":"Advanced","Value":1.0,"ValueType":"Brightness","Description":"Brightness for Color 1 (Top colour)."},{"Type":"CombatHUD","Category":"Combat HUD","Name":"Colour 2","Key":"x48|y48|z48","File":"Advanced","Value":-9424736.0,"ValueType":"Color","Description":"Custom Color for Combat HUD - Colour 2 (Bottom colour)."},{"Type":"Brightness","Category":"Combat HUD","Name":"Fade Strength","Key":"w48","File":"Advanced","Value":1.0,"ValueType":"Brightness","Description":"Fade Strength (or Synthwave Colour Balance: > 1 = more Second Colour, < 1 = less Second Colour)."},{"Type":"CombatHUD","Category":"Combat HUD","Name":"Ammunition Colour","Key":"x45|y45|z45","File":"Advanced","Value":-9424736.0,"ValueType":"Color","Description":"Custom Color for Combat HUD - Ammunition."},{"Type":"Brightness","Category":"Combat HUD","Name":"Ammunition Brightness","Key":"w45","File":"Advanced","Value":1.0,"ValueType":"Brightness","Description":"Brightness for Ammunition."}]},{"Name":"Analysis HUD","Elements":[{"Type":"AdvancedMode","Category":"Analysis HUD","Name":"Analysis HUD Mode","Key":"w140","File":"Startup-Profile","Value":100.0,"ValueType":"Preset","Description":"Radar Mode"},{"Type":"AnalysisHUD","Category":"Analysis HUD","Name":"Analysis HUD","Key":"x54|y54|z54|w54","File":"Advanced","Value":-1.0,"ValueType":"Color","Description":"Custom Color for Analysis HUD. (*Alpha)"},{"Type":"TargetingReticle","Category":"Analysis HUD","Name":"Targeting Reticle","Key":"x63|y63|z63|w63","File":"Advanced","Value":-1.0,"ValueType":"Color","Description":"Custom Color for Targeting Reticle. (*Alpha)"}]},{"Name":"Radar & Common Group","Elements":[{"Type":"AdvancedMode","Category":"Ship Radar","Name":"Radar Mode","Key":"y106","File":"Startup-Profile","Value":100.0,"ValueType":"Preset","Description":"Radar Mode"},{"Type":"Radar","Category":"Ship Radar","Name":"Radar Outer Rim","Key":"x236|y236|z236","File":"Advanced","Value":-9819184.0,"ValueType":"Color","Description":"Outer Radar Components Custom Color."},{"Type":"Brightness","Category":"Ship Radar","Name":"Outer Rim Brightness","Key":"w236","File":"Advanced","Value":0.8,"ValueType":"Brightness","Description":"Outer Radar Brightness (normal range is between 0.3 and 1.0, but you can go higher)"},{"Type":"Radar","Category":"Radar Grid","Name":"Color","Key":"x237|y237|z237","File":"Advanced","Value":-9819184.0,"ValueType":"Color","Description":"Custom Color for Radar Grid ."},{"Type":"Brightness","Category":"Radar Grid","Name":"Brightness","Key":"w237","File":"Advanced","Value":0.8,"ValueType":"Brightness","Description":"Brightness for Radar Grid"},{"Type":"AdvancedMode","Category":"Radar Triangle Widget","Name":"Mode","Key":"x138","File":"Startup-Profile","Value":100.0,"ValueType":"Preset","Description":"Radar Triangle Widget Mode"},{"Type":"Radar","Category":"Radar Triangle Widget","Name":"Custom Color","Key":"x239|y239|z239|w239","File":"Advanced","Value":-1.0,"ValueType":"Color","Description":"Custom Color for Triangle Radar Widget. (*Alpha)"},{"Type":"AdvancedMode","Category":"Radar Zoom Widget","Name":"Mode","Key":"w136","File":"Startup-Profile","Value":100.0,"ValueType":"Preset","Description":"Mode for Radar zoom level lines"},{"Type":"Radar","Category":"Radar Zoom Widget","Name":"Custom Color","Key":"x240|y240|z240|w240","File":"Advanced","Value":-1.0,"ValueType":"Color","Description":"Custom Color for Radar Zoom Widget. (*Alpha)"},{"Type":"OuterRadarComponents","Category":"Radar Zoom Widget","Name":"Level lines","Key":"x231|y231|z231","File":"Advanced","Value":-1.0,"ValueType":"Color","Description":"Radar zoom level lines Custom Color."},{"Type":"Brightness","Category":"Radar Zoom Widget","Name":"Level lines Brightness","Key":"w231","File":"Advanced","Value":1.0,"ValueType":"Brightness","Description":"Radar zoom level lines Brightness"},{"Type":"AdvancedMode","Category":"Radar Objects - Supercruice","Name":"Radar Bodies in Supercruice","Key":"z138","File":"Startup-Profile","Value":100.0,"ValueType":"Preset","Description":"Mode for Radar Bodies in Supercruice"},{"Type":"RadarBodies","Category":"Radar Objects - Supercruice","Name":"Radar - Planets","Key":"x241|y241|z241|w241","File":"Advanced","Value":-1.0,"ValueType":"Color","Description":"Custom Color for Radar Bodies in Supercruise. (* With Alpha)"},{"Type":"RadarBodies","Category":"Radar Objects - Supercruice","Name":"Radar - Moons","Key":"x242|y242|z242|w242","File":"Advanced","Value":-8421505.0,"ValueType":"Color","Description":"Custom Color for Radar Bodies in Supercruise. (* With Alpha)"},{"Type":"RadarBodies","Category":"Radar Objects - Supercruice","Name":"Radar - Stars","Key":"x243|y243|z243|w243","File":"Advanced","Value":-13568.0,"ValueType":"Color","Description":"Custom Color for Radar Bodies in Supercruise. (* With Alpha)"},{"Type":"RadarBodies","Category":"Radar Objects - Supercruice","Name":"Neutral Targets - Lines","Key":"x244|y244|z244|w244","File":"Advanced","Value":-1.0,"ValueType":"Color","Description":"Custom Color for Object Lines and coasters in Supercruise."},{"Type":"AdvancedMode","Category":"Radar Objects","Name":"Radar Objects","Key":"y139","File":"Startup-Profile","Value":100.0,"ValueType":"Preset","Description":"Mode for Radar Objects in Normal Flight"},{"Type":"ONOFF","Category":"Radar Objects","Name":"Remove White Objects","Key":"x115","File":"Startup-Profile","Value":0.0,"ValueType":"ONOFF","Description":"Switch for Remove white objects on radar (wakes, materials, salvage etc) in standard flight (not supercruise)"},{"Type":"RadarBodies","Category":"Radar Objects","Name":"Neutral Targets - Squares","Key":"x245|y245|z245|w245","File":"Advanced","Value":-1.0,"ValueType":"Color","Description":"Squares in both flight modes, Neutral object lines and coasters in normal flight.\r\n* Alpha"},{"Type":"RadarBodies","Category":"Radar Objects","Name":"Radar - Friendly Targets","Key":"x246|y246|z246|w246","File":"Advanced","Value":-16711936.0,"ValueType":"Color","Description":"Custom Color for Squares, Lines, and Coasters in both flight modes."},{"Type":"RadarBodies","Category":"Radar Objects","Name":"Radar - Hostile Targets","Key":"x247|y247|z247|w247","File":"Advanced","Value":-65536.0,"ValueType":"Color","Description":"Custom Color for Squares, Lines, and Coasters in both flight modes."},{"Type":"AdvancedMode","Category":"Radar Outer Components","Name":"Color Mode","Key":"x136","File":"Startup-Profile","Value":100.0,"ValueType":"Preset","Description":"Mode for Heat Bar and Speed Bar"},{"Type":"OuterRadarComponents","Category":"Radar Outer Components","Name":"Custom Color","Key":"x221|y221|z221","File":"Advanced","Value":-9819184.0,"ValueType":"Color","Description":"Outer Radar Components Custom Color."},{"Type":"Brightness","Category":"Radar Outer Components","Name":"Bar Booster","Key":"w221","File":"Advanced","Value":0.0,"ValueType":"Brightness","Description":"Bar Booster (increases the brightness of the main Speed and Heat bars background)"},{"Type":"Brightness","Category":"Radar Outer Components","Name":"Brightness","Key":"w222","File":"Advanced","Value":1.0,"ValueType":"Brightness","Description":"Overall Brightness (of all Outer Radar Components)"},{"Type":"OuterRadarComponents","Category":"Optimal Speed Bar","Name":"Custom Color","Key":"x222|y222|z222","File":"Advanced","Value":-1.0,"ValueType":"Color","Description":"Optimal Speed Bar Colour (values are relative to Main Colour; can be negative to reduce a colour from the Main Colour)"},{"Type":"Brightness","Category":"Optimal Speed Bar","Name":"Glitch Fix Brightness","Key":"y213","File":"Advanced","Value":0.4,"ValueType":"Brightness","Description":"Glitch Fix Brightness (default = 1.0)"},{"Type":"AdvancedMode","Category":"Radar Objects","Name":"Radar Objects - Landing","Key":"x139","File":"Startup-Profile","Value":100.0,"ValueType":"Preset","Description":"Mode for Radar Objects while Landing, line and coaster"},{"Type":"OuterRadarComponents","Category":"Radar Objects","Name":"Radar Objects - Landing","Key":"x253|y253|z253|w253","File":"Advanced","Value":-1.0,"ValueType":"Color","Description":"Custom Color for Terrain While landing on a planet."},{"Type":"AdvancedMode","Category":"SRV Scanner","Name":"SRV Scanner","Key":"w210","File":"Startup-Profile","Value":100.0,"ValueType":"Preset","Description":"SRV Scanner Colour"},{"Type":"SRV_Scanner","Category":"SRV Scanner","Name":"SRV Scanner - Primary Colour","Key":"x210|y210|z210","File":"Advanced","Value":-1.0,"ValueType":"Color","Description":"SRV Scanner Primary Colour, object detection colour."},{"Type":"SRV_Scanner","Category":"SRV Scanner","Name":"SRV Scanner - Secondary Colour","Key":"x211|y211|z211","File":"Advanced","Value":-9819184.0,"ValueType":"Color","Description":"SRV Scanner Secondary Colour, scanner sweep colour."},{"Type":"Brightness","Category":"SRV Scanner","Name":"Overall Alpha","Key":"w211","File":"Advanced","Value":1.0,"ValueType":"Brightness","Description":"SRV Scanner - Overall Alpha"},{"Type":"SRV_Scanner","Category":"SRV Scanner","Name":"Terrain Hologram on radar","Key":"x252|y252|z252|w252","File":"Advanced","Value":-2452135.0,"ValueType":"Color","Description":"Custom Color for Terrain Hologram on Radar (While in SRV)."},{"Type":"AdvancedMode","Category":"SRV Scanner","Name":"SRV Scanner Elevation","Key":"z139","File":"Startup-Profile","Value":100.0,"ValueType":"Preset","Description":"Mode for SRV Radar Elevation diagonal lines"},{"Type":"SRV_Scanner","Category":"SRV Scanner","Name":"SRV Scanner Elevation","Key":"x50|y50|z50|w50","File":"Advanced","Value":-16728833.0,"ValueType":"Color","Description":"Custom Color for SRV Radar Elevation diagonal lines. *Alpha*"},{"Type":"AdvancedMode","Category":"Compass","Name":"Color Mode","Key":"w135","File":"Startup-Profile","Value":100.0,"ValueType":"Preset","Description":"Compass Colour"},{"Type":"Compass","Category":"Compass","Name":"Custom Color","Key":"x219|y219|z219","File":"Advanced","Value":-9819184.0,"ValueType":"Color","Description":"Compass Custom Color."},{"Type":"Brightness","Category":"Compass","Name":"Brightness","Key":"w219","File":"Advanced","Value":0.0,"ValueType":"Brightness","Description":"Compass Background Booster"},{"Type":"CompassDot","Category":"Compass","Name":"Compass Dot","Key":"x220|y220|z220","File":"Advanced","Value":-1.0,"ValueType":"Color","Description":"Compass Dot Custom Color."},{"Type":"Brightness","Category":"Compass","Name":"Compass Dot Brightness","Key":"w220","File":"Advanced","Value":1.0,"ValueType":"Brightness","Description":"Compass Dot Brightness\r\n(Note: This element behaves a little differently to others. Recommended minimum is 0.7 brightness)"}]},{"Name":"Shield & Holo Ship","Elements":[{"Type":"ShieldColor","Category":"Shields","Name":"Shield Mode","Key":"z105","File":"Startup-Profile","Value":101.0,"ValueType":"Preset","Description":"Note: Multi-shield only works at resolutions >= 2560x1440, may work at 1920x1080. Applied to self and target."},{"Type":"ShieldColor","Category":"Shields","Name":"Shield Percentage % Colour","Key":"x88|y88|z88","File":"Advanced","Value":-1.0,"ValueType":"Color","Description":"Custom Color for Shield Percentage %"},{"Type":"Brightness","Category":"Shields","Name":"Shield Percentage - Brightness","Key":"w88","File":"Advanced","Value":1.0,"ValueType":"Brightness","Description":"Brightness for Shield Percentage Text"},{"Type":"Multi-Shield","Category":"Multi-Shield","Name":"Inner Ring","Key":"x201|y201|z201|w201","File":"Advanced","Value":-1.0,"ValueType":"Color","Description":"Inner Ring Color, Only for Multi-Shield. (Alpha)"},{"Type":"Multi-Shield","Category":"Multi-Shield","Name":"Middle Ring","Key":"x202|y202|z202|w202","File":"Advanced","Value":-855310.0,"ValueType":"Color","Description":"Middle Ring Color, Only for Multi-Shield. (Alpha)"},{"Type":"Multi-Shield","Category":"Multi-Shield","Name":"Outer Ring","Key":"x203|y203|z203|w203","File":"Advanced","Value":-2565928.0,"ValueType":"Color","Description":"Outer Ring Color, Only for Multi-Shield. (Alpha)"},{"Type":"ShieldsDown","Category":"Single-Shield","Name":"Shields Down","Key":"x87","File":"Advanced","Value":0.0,"ValueType":"Preset","Description":"Single Color Shield - Shield Down Color ."},{"Type":"Single-Shield","Category":"Single-Shield","Name":"Shields Up","Key":"x228|y228|z228","File":"Advanced","Value":-1.0,"ValueType":"Color","Description":"Shield Up Colour (relative to Shield Down colour)."},{"Type":"Brightness","Category":"Single-Shield","Name":"Brightness","Key":"w228","File":"Advanced","Value":1.0,"ValueType":"Brightness","Description":"Overall Shields Brightness/Alpha (Single Mode)"},{"Type":"Expanded","Category":"Single-Shield","Name":"Ring Thickness","Key":"y87","File":"Advanced","Value":1.0,"ValueType":"Brightness","Description":"Overall Shields Brightness/Alpha (Single Mode)"},{"Type":"AdvancedMode","Category":"Circular Swirls","Name":"Top Swirls - Mode","Key":"z133","File":"Startup-Profile","Value":100.0,"ValueType":"Preset","Description":"Circular Swirls under Holos"},{"Type":"HoloCircularSwirls","Category":"Circular Swirls","Name":"Top Swirls - Color","Key":"x226|y226|z226","File":"Advanced","Value":-9819184.0,"ValueType":"Color","Description":"Custom Color for Circular Swirls under Holos"},{"Type":"Brightness","Category":"Circular Swirls","Name":"Top Swirls - Brightness","Key":"w226","File":"Advanced","Value":1.0,"ValueType":"Brightness","Description":"Brightness for Top Swirls"},{"Type":"AdvancedMode","Category":"Circular Swirls","Name":"Middle Swirls - Mode","Key":"x135","File":"Startup-Profile","Value":100.0,"ValueType":"Preset","Description":"Status bars under shield"},{"Type":"ShieldStatusBars","Category":"Circular Swirls","Name":"Middle Swirls - Color","Key":"x215|y215|z215","File":"Advanced","Value":-9819184.0,"ValueType":"Color","Description":"Custom color for Status Bars"},{"Type":"Brightness","Category":"Circular Swirls","Name":"Middle Swirls - Brightness","Key":"w215","File":"Advanced","Value":1.0,"ValueType":"Brightness","Description":"Status Bars Brightness"},{"Type":"AdvancedMode","Category":"Circular Swirls","Name":"Bottom Swirls - Mode","Key":"x134","File":"Startup-Profile","Value":100.0,"ValueType":"Preset","Description":"Thin semi-circles at bottom of hologram"},{"Type":"HoloSemiCircles","Category":"Circular Swirls","Name":"Bottom Swirls - Color","Key":"x205|y205|z205|w205","File":"Advanced","Value":-9819184.0,"ValueType":"Color","Description":"Custom Color for Thin semi-circles at bottom of hologram. *Alpha"},{"Type":"AdvancedMode","Category":"Hull Gauge","Name":"Color Mode","Key":"y134","File":"Startup-Profile","Value":100.0,"ValueType":"Preset","Description":"Blocks for Hull Health, including target"},{"Type":"ShieldBlocks","Category":"Hull Gauge","Name":"Custom Color","Key":"x212|y212|z212","File":"Advanced","Value":-1.0,"ValueType":"Color","Description":"Custom color for Blocks under shield, including target."},{"Type":"Brightness","Category":"Hull Gauge","Name":"Brightness","Key":"w212","File":"Advanced","Value":1.0,"ValueType":"Brightness","Description":"Brightness for Blocks under shield"},{"Type":"Shade","Category":"Hull Gauge","Name":"Hull Gauge - Shading","Key":"w213","File":"Advanced","Value":4.0,"ValueType":"Brightness","Description":"Shading multiplier (Only aplies to the shaded mode)"},{"Type":"AdvancedMode","Category":"OwnShip Hologram","Name":"Hologram - Mode","Key":"y101","File":"Startup-Profile","Value":100.0,"ValueType":"Preset","Description":"OwnShip Hologram Mode\r\nAlso includes landing hologram, SRV hologram, SRV terrain on radar"},{"Type":"OwnShipHologram","Category":"OwnShip Hologram","Name":"Hologram - Color","Key":"x248|y248|z248","File":"Advanced","Value":-9819184.0,"ValueType":"Color","Description":"Custom color for OwnShip Hologram"},{"Type":"Brightness","Category":"OwnShip Hologram","Name":"Hologram - Brightness","Key":"x132","File":"Advanced","Value":0.5,"ValueType":"Brightness","Description":"Brightness for Hologram's Hull\r\nFor Ultra-tron, set Hull brightness low (eg. 0), and Outer Lines bloom high (eg. 0.5)"},{"Type":"Brightness","Category":"OwnShip Hologram","Name":"Hologram - Bloom","Key":"y132","File":"Advanced","Value":1.0,"ValueType":"Brightness","Description":"Holo bloom / glow"},{"Type":"Brightness","Category":"OwnShip Hologram","Name":"Outer Lines bloom","Key":"z132","File":"Advanced","Value":0.0,"ValueType":"Brightness","Description":"Outer Lines bloom / glow (default= 0) (This value can be negative, such as -0.5)"},{"Type":"Brightness","Category":"OwnShip Hologram","Name":"Overall Brightness","Key":"z101","File":"Advanced","Value":1.0,"ValueType":"Brightness","Description":"Overall brightness of hologram"},{"Type":"ONOFF","Category":"OwnShip Hologram","Name":"Shimmering lines","Key":"z109","File":"Advanced","Value":1.0,"ValueType":"ONOFF","Description":"Switch for OwnShip Hologram Shimmer"},{"Type":"TargetShipHologram","Category":"Target Ship Hologram","Name":"Neutral Target","Key":"x72|y72|z72","File":"Advanced","Value":-5963777.0,"ValueType":"Color","Description":"Custom color for OwnShip Hologram"},{"Type":"Brightness","Category":"Target Ship Hologram","Name":"Neutral Target - Brightness","Key":"x72","File":"Advanced","Value":0.37,"ValueType":"Brightness","Description":"Brightness for Hologram's Hull\r\nFor Ultra-tron, set Hull brightness low (eg. 0), and Outer Lines bloom high (eg. 0.5)"},{"Type":"Brightness","Category":"Target Ship Hologram","Name":"Overall Brightness","Key":"y73","File":"Advanced","Value":0.5,"ValueType":"Brightness","Description":"Brightness for Hologram"},{"Type":"Brightness","Category":"Target Ship Hologram","Name":"Green Target Brightness","Key":"z73","File":"Advanced","Value":0.5,"ValueType":"Brightness","Description":"Bright Green Target Holo Brightness (some green holograms have excessive brightness)"},{"Type":"ONOFF","Category":"Target Ship Hologram","Name":"Shimmering lines","Key":"x73","File":"Advanced","Value":1.0,"ValueType":"ONOFF","Description":"Switch for Target Hologram Shimmer"},{"Type":"LandingHologram","Category":"Landing Hologram","Name":"OFF landing site","Key":"x254|y254|z254","File":"Advanced","Value":-1.0,"ValueType":"Color","Description":"Custom color for Landing Hologram"},{"Type":"LandingHologram","Category":"Landing Hologram","Name":"ON landing site","Key":"x249|y249|z249","File":"Advanced","Value":-9819184.0,"ValueType":"Color","Description":"Custom color for ON landing site"},{"Type":"Brightness","Category":"Landing Hologram","Name":"Brightness","Key":"w254","File":"Advanced","Value":1.0,"ValueType":"Brightness","Description":"Brightness for Landing Hologram"},{"Type":"AdvancedMode","Category":"Planetary Landing Reticle","Name":"Color Mode","Key":"z107","File":"Startup-Profile","Value":100.0,"ValueType":"Preset","Description":"Planetary Landing Reticle - Bearing and descent angle bars"},{"Type":"PlanetaryLanding","Category":"Planetary Landing Reticle","Name":"Custom Color","Key":"x209|y209|z209|w209","File":"Advanced","Value":-4992001.0,"ValueType":"Color","Description":"Custom Color for Planetary Landing Reticle."},{"Type":"LandingHologram","Category":"Planetary Landing Reticle","Name":"Landing line and coasters","Key":"x255|y255|z255|w255","File":"Advanced","Value":-7012352.0,"ValueType":"Color","Description":"Custom color for Landing line and coaster (orange)*Alpha "},{"Type":"LandingHologram","Category":"Planetary Landing Reticle","Name":"Altitude Bar","Key":"x96|y96|z96|w96","File":"Advanced","Value":0.0,"ValueType":"Color","Description":"Custom color for Landing line and coaster (orange)*Alpha "},{"Type":"LandingHologram","Category":"Planetary Landing Reticle","Name":"Text Color","Key":"x95|y95|z95|w95","File":"Advanced","Value":0.0,"ValueType":"Color","Description":"Custom color for Text in reticle boxes *Alpha "},{"Type":"Brightness","Category":"Planetary Landing Reticle","Name":"Text Brightness","Key":"x97","File":"Advanced","Value":1.0,"ValueType":"Brightness","Description":"Text Brightness Along the Altitude Bar (tends to be blown out around the reticle)"},{"Type":"Brightness","Category":"Planetary Landing Reticle","Name":"Text Brightness","Key":"y97","File":"Advanced","Value":1.0,"ValueType":"Brightness","Description":"Text Brightness for Longitude / Latitude Coordinates, Gravity"},{"Type":"SRVHologram","Category":"SRV Hologram","Name":"SRV Hologram - Main","Key":"x250|y250|z250|w250","File":"Advanced","Value":-16738861.0,"ValueType":"Color","Description":"**(DISABLED)** Custom color for SRV Hologram (*Alpha)"},{"Type":"SRVHologram","Category":"SRV Hologram","Name":"SRV Hologram - Small","Key":"x251|y251|z251|w251","File":"Advanced","Value":-475359851.0,"ValueType":"Color","Description":"Custom color for SRV Hologram.\r\nAlpha (is a % of the Main Hologram alpha)"}]},{"Name":"Power Distributor","Elements":[{"Type":"PowerDistributor","Category":"Power Distributor","Name":"Mode","Key":"y136","File":"Startup-Profile","Value":100.0,"ValueType":"Preset","Description":"Power Distributor Mode"},{"Type":"PowerDistributor","Category":"Power Distributor","Name":"Top Block Color","Key":"x223|y223|z223","File":"Advanced","Value":-9819184.0,"ValueType":"Color","Description":"Custom Color for Top Block of Tri-Colour Distributor, or Standard (single colour)"},{"Type":"Brightness","Category":"Power Distributor","Name":"Top Block Brightness","Key":"w223","File":"Advanced","Value":1.0,"ValueType":"Brightness","Description":"Brightness for Top Block of Tri-Colour Distributor, or Standard (single colour)"},{"Type":"PowerDistributor","Category":"Tri-Colour Distributor","Name":"Middle Block Color","Key":"x224|y224|z224","File":"Advanced","Value":-7798566.0,"ValueType":"Color","Description":"Custom Color values for Middle block of Tri-Distributor."},{"Type":"Brightness","Category":"Tri-Colour Distributor","Name":"Middle Block Brightness","Key":"w224","File":"Advanced","Value":1.0,"ValueType":"Brightness","Description":"Brightness (alpha) for Middle block"},{"Type":"PowerDistributor","Category":"Tri-Colour Distributor","Name":"Bottom Block Color","Key":"x225|y225|z225","File":"Advanced","Value":-8781630.0,"ValueType":"Color","Description":"Custom Color values for Bottom block of Tri-Distributor."},{"Type":"Brightness","Category":"Tri-Colour Distributor","Name":"Bottom Block Brightness","Key":"w225","File":"Advanced","Value":1.0,"ValueType":"Brightness","Description":"Brightness for Bottom block "},{"Type":"PowerDistributor","Category":"Gradient Distributor","Name":"Color 1","Key":"x47|y47|z47","File":"Advanced","Value":-8781630.0,"ValueType":"Color","Description":"Custom Color for Colour 1: Top Colour of Gradient Distributor."},{"Type":"Expanded","Category":"Gradient Distributor","Name":"Dominance 1","Key":"w47","File":"Advanced","Value":1.0,"ValueType":"Brightness","Description":"Colour 1 dominance (values > 1.0 will increase dominance, values < 1.0 will decrease dominance)"},{"Type":"PowerDistributor","Category":"Gradient Distributor","Name":"Color 2","Key":"x46|y46|z46","File":"Advanced","Value":-16777216.0,"ValueType":"Color","Description":"Custom Color for Colour 2: Bottom colour of Gradient Distributor."},{"Type":"Brightness","Category":"Gradient Distributor","Name":"Brightness","Key":"w46","File":"Advanced","Value":1.0,"ValueType":"Brightness","Description":"Overall Brightness of the Gradient Distributor"},{"Type":"AdvancedMode","Category":"Power Distributor - Pips","Name":"Pips Mode","Key":"w134","File":"Startup-Profile","Value":100.0,"ValueType":"Preset","Description":"Power Distributor Pips Mode"},{"Type":"PowerDistributorPips","Category":"Power Distributor - Pips","Name":"Pips Color","Key":"x214|y214|z214","File":"Advanced","Value":-1.0,"ValueType":"Color","Description":"Custom Color for Power Distributor Pipsr."},{"Type":"Brightness","Category":"Power Distributor - Pips","Name":"Brightness","Key":"w214","File":"Advanced","Value":1.0,"ValueType":"Brightness","Description":"Brightness for Power Distributor Pips "},{"Type":"Brightness","Category":"Power Distributor - Pips","Name":"Non-active pip booster","Key":"z134","File":"Advanced","Value":0.0,"ValueType":"Brightness","Description":"Brightness for inactive Pips."},{"Type":"AdvancedMode","Category":"Selection Blocks","Name":"Mode","Key":"z136","File":"Startup-Profile","Value":100.0,"ValueType":"Preset","Description":"Distributor Selection Blocks Mode"},{"Type":"DistributorSelectionBlocks","Category":"Selection Blocks","Name":"Custom Color","Key":"x230|y230|z230","File":"Advanced","Value":-9819184.0,"ValueType":"Color","Description":"Custom Color for Distributor Selection Blocks."},{"Type":"Brightness","Category":"Selection Blocks","Name":"Brightness","Key":"w230","File":"Advanced","Value":1.0,"ValueType":"Brightness","Description":"Brightness for Distributor Selection Blocks"},{"Type":"AdvancedMode","Category":"RST (Reset) Bars","Name":"Mode","Key":"w133","File":"Startup-Profile","Value":100.0,"ValueType":"Preset","Description":"RST bars [..] under distributor"},{"Type":"RSTBars","Category":"RST (Reset) Bars","Name":"Custom Color","Key":"x227|y227|z227","File":"Advanced","Value":-9819184.0,"ValueType":"Color","Description":"Custom Color for RST bars under distributor."},{"Type":"Brightness","Category":"RST (Reset) Bars","Name":"Brightness","Key":"w227","File":"Advanced","Value":1.0,"ValueType":"Brightness","Description":"Brightness for RST Bars"}]},{"Name":"Signature & Fuel Bars","Elements":[{"Type":"AdvancedMode","Category":"Signature Bar","Name":"Mode","Key":"w106","File":"Startup-Profile","Value":100.0,"ValueType":"Preset","Description":"Signature Bar Mode"},{"Type":"SignatureBar","Category":"Signature Bar","Name":"Primary Colour","Key":"x206|y206|z206","File":"Advanced","Value":-1.0,"ValueType":"Color","Description":"Primary Colour, outer part of signal"},{"Type":"SignatureBar","Category":"Signature Bar","Name":"Secondary Colour","Key":"x207|y207|z207","File":"Advanced","Value":-9819184.0,"ValueType":"Color","Description":"Secondary Colour, middle of signal (relative to Primary Colour)"},{"Type":"Brightness","Category":"Signature Bar","Name":"Overall Alpha","Key":"w207","File":"Advanced","Value":1.0,"ValueType":"Brightness","Description":"Overall Alpha (Transparency) for the Signature Bar"},{"Type":"FuelBar","Category":"Fuel Bar","Name":"Mode","Key":"y135","File":"Startup-Profile","Value":100.0,"ValueType":"Preset","Description":"Fuel Bar Mode "},{"Type":"FuelBar","Category":"Fuel Bar","Name":"Custom Color","Key":"x216|y216|z216","File":"Advanced","Value":-1.0,"ValueType":"Color","Description":"Custom Colour for Fuel Bar"},{"Type":"Brightness","Category":"Fuel Bar","Name":"Brightness","Key":"w216","File":"Advanced","Value":1.0,"ValueType":"Brightness","Description":"Brightness for Fuel Bar"},{"Type":"FuelBar","Category":"Fuel Bar","Name":"Fuel for next jump","Key":"x94|y94|z94","File":"Advanced","Value":-9424736.0,"ValueType":"Color","Description":"(must have a system programmed into your Nav computer to see this element)"},{"Type":"Brightness","Category":"Fuel Bar","Name":"Next jump Brightness","Key":"w94","File":"Advanced","Value":1.0,"ValueType":"Brightness","Description":"Brightness for Next jump, (cannot make invisible, turns black at 0.0)"},{"Type":"AdvancedMode","Category":"Status Lights","Name":"Mode","Key":"z135","File":"Startup-Profile","Value":100.0,"ValueType":"Preset","Description":"Mode for Status Lights (Mass Lock, Landing Gear, Cargo Scoop)."},{"Type":"StatusLights","Category":"Status Lights","Name":"Off Color","Key":"x217|y217|z217","File":"Advanced","Value":-9819184.0,"ValueType":"Color","Description":"Custom Color for Light Off State."},{"Type":"StatusLights","Category":"Status Lights","Name":"ON Color","Key":"x218|y218|z218","File":"Advanced","Value":-1.0,"ValueType":"Color","Description":"Custom Color for Light ON State."},{"Type":"Brightness","Category":"Status Lights","Name":"Brightness","Key":"w217","File":"Advanced","Value":1.0,"ValueType":"Brightness","Description":"Brightness for Status Lights"}]}]}