{
  "current_theme": "Default",
  "active_instance": "ED_Odissey",
  "author": "Blue Mystic",
  "ui_groups": [
    {
      "Name": "Panel (Upper)",
      "Elements": [
        {
          "Type": "AdvancedMode",
          "Category": "Панель чата",
          "Name": "Выбор",
          "Key": "x137",
          "Value": 100.0,
          "ValueType": "Preset",
          "File": "Startup-Profile",
          "Description": "(Верхняя левая сторона)\r\nПримечание: Цвета будут немного отличаться от линий информационной панели, потому что исходные цвета Elite отличаются."
        },
        {
          "Type": "ChatPanel",
          "Category": "Панель чата",
          "Name": "Линии панели чата",
          "Key": "x232|y232|z232|w232",
          "Value": -12490271.0,
          "File": "Advanced",
          "ValueType": "Color",
          "Description": "Пользовательский цвет линий панели чата. (*Альфа версия)."
        },
        {
          "Type": "AdvancedMode",
          "Category": "Панель чата",
          "Name": "Иконки на панели чата",
          "Key": "y137",
          "Value": 100.0,
          "File": "Startup-Profile",
          "ValueType": "Preset",
          "Description": "Иконки на панели чата (значки)."
        },
        {
          "Type": "ChatPanel",
          "Category": "Панель чата",
          "Name": "Иконки на панели чата",
          "Key": "x233|y233|z233|w233",
          "Value": -12490271.0,
          "ValueType": "Color",
          "File": "Advanced",
          "Description": "Пользовательский цвет иконок панели чата. (*Альфа версия)."
        },
                {
          "Type": "AdvancedMode",
          "Category": "Инфо панель",
          "Name": "Выбор",
          "Key": "w206",
          "Value": 100.0,
          "File": "Startup-Profile",
          "ValueType": "Preset",
          "Description": "(Верхняя правая сторона)."
        },
        {
          "Type": "InfoPanel",
          "Category": "Инфо панель",
          "Name": "Линии инфо панели",
          "Key": "x208|y208|z208|w208",
          "Value": -12490271.0,
          "ValueType": "Color",
          "File": "Advanced",
          "Description": "Пользовательский цвет линий инфо панели. (*Альфа версия)."
        },
        {
          "Type": "AdvancedMode",
          "Category": "Инфо панель",
          "Name": "Имя корабля",
          "Key": "z137",
          "Value": 100.0,
          "File": "Startup-Profile",
          "ValueType": "Preset",
          "Description": "Цвет текста имени корабля."
        },
        {
          "Type": "ShipName",
          "Category": "Инфо панель",
          "Name": "Имя корабля",
          "Key": "x235|y235|z235",
          "Value": -12490271.0,
          "ValueType": "Color",
          "File": "Advanced",
          "Description": "Пользовательский цвет текста имени корабля."
        },
        {
          "Type": "Brightness",
          "Category": "Инфо панель",
          "Name": "Яркость имени корабля",
          "Key": "w235",
          "Value": 1.0,
          "ValueType": "Brightness",
          "File": "Advanced",
          "Description": "Яркость имени корабля"
        },
        {
          "Type": "Brightness",
          "Category": "Инфо панель",
          "Name": "Яркость заднего фона имени корабля",
          "Key": "w137",
          "Value": 1.0,
          "ValueType": "Brightness",
          "File": "Advanced",
          "Description": "Яркость заднего фона имени корабля"
        }
      ]
    },
    {
      "Name": "Targeting Reticle",
      "Elements": [
        {
          "Type": "AdvancedMode",
          "Category": "Сетка прицела",
          "Name": "Выбор",
          "Key": "y141",
          "Value": 100.0,
          "File": "Startup-Profile",
          "ValueType": "Preset",
          "Description": "Настройки сетки прицела"
        },
        {
          "Type": "TargetingReticle",
          "Category": "Сетка прицела - Компоненты",
          "Name": "Большие три линии",
          "Key": "x56|y56|z56|w56",
          "Value": -12490271.0,
          "ValueType": "Color",
          "File": "Advanced",
          "Description": "Пользовательский цвет трех больших линий треугольника прицела (одна вертикальная вверху и две диагональные снизу). (*Альфа версия)."
        },
        {
          "Type": "TargetingReticle",
          "Category": "Сетка прицела - Компоненты",
          "Name": "Маленькие три линии",
          "Key": "x57|y57|z57|w57",
          "Value": -12490271.0,
          "ValueType": "Color",
          "File": "Advanced",
          "Description": "Пользовательский цвет маленьких трех линий прицела. (*Альфа версия)."
        },
        {
          "Type": "TargetingReticle",
          "Category": "Сетка прицела - Компоненты",
          "Name": "Большой круг",
          "Key": "x58|y58|z58|w58",
          "Value": -12490271.0,
          "ValueType": "Color",
          "File": "Advanced",
          "Description": "Пользовательский цвет большого круга прицела. (*Альфа версия)."
        },
        {
          "Type": "TargetingReticle",
          "Category": "Сетка прицела - Компоненты",
          "Name": "Ведущий круг",
          "Key": "x59|y59|z59|w59",
          "Value": -12490271.0,
          "ValueType": "Color",
          "File": "Advanced",
          "Description": "Пользовательский цвет ведущего круга прицела. (*Альфа версия)."
        },
        {
          "Type": "TargetingReticle",
          "Category": "Сетка прицела - Компоненты",
          "Name": "Оружейные точки",
          "Key": "x60|y60|z60|w60",
          "Value": -12490271.0,
          "ValueType": "Color",
          "File": "Advanced",
          "Description": "Пользовательский цвет оружейных точек. (*Альфа версия)."
        },
        {
          "Type": "TargetingReticle",
          "Category": "Сетка прицела - Компоненты",
          "Name": "Точка мышки",
          "Key": "x61|y61|z61|w61",
          "Value": -12490271.0,
          "ValueType": "Color",
          "File": "Advanced",
          "Description": "Пользовательский цвет точки мышки. (*Альфа версия)."
        },
        {
          "Type": "TargetingReticle",
          "Category": "Сетка прицела - Компоненты",
          "Name": "Фиксатор захваченной цели",
          "Key": "x62|y62|z62|w62",
          "Value": -12490271.0,
          "ValueType": "Color",
          "File": "Advanced",
          "Description": "Пользовательский цвет фиксатора захваченной цели. (*Альфа версия)\r\n(также высотомер сетки прицела, края сканера SRV )."
        },
        {
          "Type": "AdvancedMode",
          "Category": "Окружающие цели",
          "Name": "Выбор",
          "Key": "z141",
          "Value": 100.0,
          "File": "Startup-Profile",
          "ValueType": "Preset",
          "Description": "Режим окружающей среды, целей (и захвата целей)"
        },
        {
          "Type": "TargetingReticle",
          "Category": "Окружающие цели",
          "Name": "Возможная цель - корабль",
          "Key": "x64|y64|z64|w64",
          "Value": -12490271.0,
          "ValueType": "Color",
          "File": "Advanced",
          "Description": "ользовательский цвет для возможной цели корабля (не в цели). (*Альфа версия)."
        },
        {
          "Type": "TargetingReticle",
          "Category": "Окружающие цели",
          "Name": "Возможная цель - пункт назначения",
          "Key": "x65|y65|z65|w65",
          "Value": -12490271.0,
          "ValueType": "Color",
          "File": "Advanced",
          "Description": "Пользовательский цвет для возможной цели пункта назначения и направления стрелки мыши. (*Альфа версия)."
        },
        {
          "Type": "TargetingReticle",
          "Category": "Окружающие цели",
          "Name": "Возможная круговая цель суперкруиза",
          "Key": "x66|y66|z66|w66",
          "Value": -12490271.0,
          "ValueType": "Color",
          "File": "Advanced",
          "Description": "Пользовательский цвет для возможной круговой цели суперкруиза. (*Альфа версия)."
        },
        {
          "Type": "TargetingReticle",
          "Category": "Окружающие цели",
          "Name": "Круг цели назначения",
          "Key": "x67|y67|z67|w67",
          "Value": -12490271.0,
          "ValueType": "Color",
          "File": "Advanced",
          "Description": "Пользовательский цвет круга цели назначения. (*Альфа версия).)"
        },
        {
          "Type": "Brightness",
          "Category": "Окружающие цели",
          "Name": "Яркость текста",
          "Key": "w68",
          "Value": 0.4,
          "ValueType": "Brightness",
          "File": "Advanced",
          "Description": "Яркость текста цели назначения (текст справа от круга цели)."
        }

      ]
    },
    {
      "Name": "HUD Settings",
      "Elements": [
        {
          "Type": "AdvancedMode",
          "Category": "Основной текст (Первичный)",
          "Name": "Выбор",
          "Key": "w75",
          "Value": 100.0,
          "ValueType": "Preset",
          "File": "Startup-Profile",
          "Description": "Изменяет оранжевый текст (большая часть текста)."
        },
        {
          "Type": "TextColour",
          "Category": "Основной текст (Первичный)",
          "Name": "Цвет текст",
          "Key": "x77|y77|z77|w77",
          "Value": -12490271.0,
          "ValueType": "Color",
          "File": "Advanced",
          "Description": "Пользовательский цвет основного текста. (*Альфа версия)."
        },
        {
          "Type": "AdvancedMode",
          "Category": "Второстепенный текст (Вторичный)",
          "Name": "Выбор",
          "Key": "y78",
          "Value": 200.0,
          "ValueType": "Preset",
          "File": "Startup-Profile",
          "Description": "аменяет цвет текста синего цвета (в том числе вокруг AHUD и цвет текста миссий)."
        },
        {
          "Type": "TextColour",
          "Category": "Второстепенный текст (Вторичный)",
          "Name": "Цвет текста",
          "Key": "x82|y82|z82|w82",
          "Value": -12490271.0,
          "ValueType": "Color",
          "File": "Advanced",
          "Description": "Пользовательский цвет второстепенного текста. (*Альфа версия)."
        },
        {
          "Type": "AdvancedMode",
          "Category": "Дополнительный текст (Третичный)",
          "Name": "Выбор",
          "Key": "z78",
          "Value": 200.0,
          "ValueType": "Preset",
          "File": "Startup-Profile",
          "Description": "Заменяет цвет текста желтого цвета (в том числе своего корабля, прицела и др.)."
        },
        {
          "Type": "TextColour",
          "Category": "Дополнительный текст (Третичный)",
          "Name": "Цвет текста",
          "Key": "x80|y80|z80|w80",
          "Value": -12490271.0,
          "ValueType": "Color",
          "File": "Advanced",
          "Description": "Пользовательский цвет дополнительного текста. (*Альфа версия)."
        },
        {
          "Type": "AdvancedMode",
          "Category": "Карта галактики",
          "Name": "Значки",
          "Key": "y84",
          "Value": 199.0,
          "ValueType": "Preset",
          "File": "Startup-Profile",
          "Description": "Цвет значков на карте галактики (исключения: инженеры) и цвет линии маршрута."
        },
        {
          "Type": "CustomColor",
          "Category": "Карта галактики",
          "Name": "Цвет значков",
          "Key": "x85|y85|z85|w85",
          "Value": -12490271.0,
          "ValueType": "Color",
          "File": "Advanced",
          "Description": "Пользовательский цвет значков на карте галактики. (*Альфа версия)."
        },
        {
          "Type": "AdvancedMode",
          "Category": "Карта галактики",
          "Name": "Значки инженеров",
          "Key": "z84",
          "Value": 100.0,
          "ValueType": "Preset",
          "File": "Startup-Profile",
          "Description": "Значки инженеров на карте галактики"
        },
        {
          "Type": "CustomColor",
          "Category": "Карта галактики",
          "Name": "Цвет значков инженеров",
          "Key": "x86|y86|z86|w86",
          "Value": -12490271.0,
          "ValueType": "Color",
          "File": "Advanced",
          "Description": "Пользовательский цвет значков инженеров на карте галактики. (*Альфа версия)."
        }

      ]
    },
    {
      "Name": "Panel (Lower)",
      "Elements": [
        {
          "Type": "AdvancedMode",
          "Category": "Нижняя панель",
          "Name": "Выбор",
          "Key": "z104",
          "Value": 100.0,
          "File": "Startup-Profile",
          "ValueType": "Preset",
          "Description": "Пользовательский цвет линий нижней панели."
        },
        {
          "Type": "PanelLinesLOW",
          "Category": "Нижняя панель",
          "Name": "Линии нижней панели",
          "Key": "x204|y204|z204|w204",
          "Value": -12490271.0,
          "ValueType": "Color",
          "File": "Advanced",
          "Description": "Если ваш выбранный цвет близкий к оранжевому, добавьте немного синего (например, 0,1), чтобы избежать сбоев на панели цели. Панель цели использует метод смены цветов, который ищет синий = 0) (*Альфа версия)."
        },
        {
          "Type": "AdvancedMode",
          "Category": "Панель цели",
          "Name": "Выбор",
          "Key": "x140",
          "Value": 100.0,
          "File": "Startup-Profile",
          "ValueType": "Preset",
          "Description": "Скорость/Расстояние/Выравнивание а суперкруизе. За исключением цвета линий нижней панели и цвета текста.\r\nЕсли ваш выбранный цвет близкий к оранжевому (ярко-красный, салатовый), добавьте немного синего (например, 0,1), чтобы избежать сбоев на панели цели."
        },
        {
          "Type": "TargetingPanel",
          "Category": "Панель цели",
          "Name": "Оптимальная скорость/дистанция (блоки)",
          "Key": "x51|y51|z51",
          "Value": -12490271.0,
          "ValueType": "Color",
          "File": "Advanced",
          "Description": "Пользовательский цвет блоков оптимальной скорости/дистанции до цели, полоса и световой индикатор (синие блоки в оригинальной Elite)."
        },
        {
          "Type": "Brightness",
          "Category": "Панель цели",
          "Name": "Яркость",
          "Key": "w51",
          "Value": 1.0,
          "ValueType": "Brightness",
          "File": "Advanced",
          "Description": "Яркость блоков оптимальной скорости/дистанции."
        },
        {
          "Type": "AdvancedMode",
          "Category": "Панель цели",
          "Name": "Настройки разделительных линий",
          "Key": "x78",
          "Value": 100.0,
          "File": "Startup-Profile",
          "ValueType": "Preset",
          "Description": "Разделительные линии на панели цели в суперкруизе."
        },
        {
          "Type": "TargetingPanel",
          "Category": "Панель цели",
          "Name": "Цвет разделительных линий",
          "Key": "x79|y79|z79",
          "Value": -12490271.0,
          "ValueType": "Color",
          "File": "Advanced",
          "Description": "Пользовательский цвет разделительных линий на панели цели в суперкруизе."
        },
        {
          "Type": "Brightness",
          "Category": "Панель цели",
          "Name": "Яркость разделительных линий",
          "Key": "w79",
          "Value": 1.0,
          "ValueType": "Brightness",
          "File": "Advanced",
          "Description": "Яркость значков на панели навигации и панели цели"
        },
        {
          "Type": "TargetingPanel",
          "Category": "Панель цели",
          "Name": "Не оптимальная скорость/дистанция (блоки)",
          "Key": "x52|y52|z52",
          "Value": -12490271.0,
          "ValueType": "Color",
          "File": "Advanced",
          "Description": "Пользовательский цвет блоков не оптимальной скорости/дистанции до цели, полоса и световой индикатор (оранжевые блоки в оригинальной Elite)."
        },
        {
          "Type": "Brightness",
          "Category": "Панель цели",
          "Name": "Яркость",
          "Key": "w52",
          "Value": 1.0,
          "ValueType": "Brightness",
          "File": "Advanced",
          "Description": "Яркость блоков не оптимальной скорости/дистанции"
        },
        {
          "Type": "TargetingPanel",
          "Category": "Панель цели",
          "Name": "Не оптимальная скорость/дистанция (шкала)",
          "Key": "x53|y53|z53",
          "Value": -12490271.0,
          "ValueType": "Color",
          "File": "Advanced",
          "Description": "Пользовательский цвет шкалы не оптимальной скорости/дистанции до цели в суперкруизе, разделительных линий (между скоростью/дистанцией/вравниванием), значками. Их больше нельзя разделить."
        },
        {
          "Type": "Brightness",
          "Category": "Панель цели",
          "Name": "Яркость",
          "Key": "w53",
          "Value": 1.0,
          "ValueType": "Brightness",
          "File": "Advanced",
          "Description": "Яркость шкалы не оптимальной скорости/дистанции в суперкруизе."
        },
        {
          "Type": "AdvancedMode",
          "Category": "Панель цели",
          "Name": "Настройка значков",
          "Key": "z75",
          "Value": 100.0,
          "File": "Startup-Profile",
          "ValueType": "Preset",
          "Description": "Значки на панели навигации и панели цели."
        },
        {
          "Type": "TargetingPanel",
          "Category": "Панель цели",
          "Name": "Цвет значков",
          "Key": "x53|y53|z53",
          "Value": -12490271.0,
          "ValueType": "Color",
          "File": "Advanced",
          "Description": "Пользовательский цвет значков на панели навигации и панели цели."
        },
        {
          "Type": "Brightness",
          "Category": "Панель цели",
          "Name": "Яркость значков",
          "Key": "w53",
          "Value": 1.0,
          "ValueType": "Brightness",
          "File": "Advanced",
          "Description": "Яркость Значков на панели навигации и панели цели."
        },
        {
          "Type": "Brightness",
          "Category": "Средняя панель",
          "Name": "Аватар на средней панели",
          "Key": "y157",
          "Value": 1.0,
          "ValueType": "Brightness",
          "File": "Advanced",
          "Description": "Яркость/Прозрачность аватара на средней панели (3)"
        },
        {
          "Type": "AdvancedMode",
          "Category": "Подсветка панели",
          "Name": "Выбор",
          "Key": "z68",
          "Value": 100.0,
          "ValueType": "Preset",
          "File": "Startup-Profile",
          "Description": "(Примечание: Данная настройка также окрашивает индикатор текущей скорости, шкалу выравнивания в суперкруиза (если она не выровнена), активное топливо на топливной панели. К сожалению, ее нельзя разделить, но вы можете выбрать цвет. Рекомендуется XML."
        },
        {
          "Type": "PanelHighlight",
          "Category": "Подсветка панели",
          "Name": "Цвет",
          "Key": "x74|y74|z74",
          "Value": -12490271.0,
          "ValueType": "Color",
          "File": "Advanced",
          "Description": "Пользовательский цвет для блоков выравнивания цели, шкалы и светового индикатора (синие секции в оригинальной Elite)."
        },
        {
          "Type": "Brightness",
          "Category": "Подсветка панели",
          "Name": "Яркость",
          "Key": "w74",
          "Value": 1.0,
          "ValueType": "Brightness",
          "File": "Advanced",
          "Description": "Яркость для подсветки панели."
        },
        {
          "Type": "AdvancedMode",
          "Category": "Боковые панели",
          "Name": "Выбор",
          "Key": "x75",
          "Value": 100.0,
          "ValueType": "Preset",
          "File": "Startup-Profile",
          "Description": "(Примечание: Данная настройка также окрашивает индикатор текущей скорости, шкалу выравнивания в суперкруиза (если она не выровнена), активное топливо на топливной панели. К сожалению, ее нельзя разделить, но вы можете выбрать цвет. Рекомендуется XML."
        },
        {
          "Type": "SidePanels",
          "Category": "Боковые панели",
          "Name": "Цвет",
          "Key": "x76|y76|z76",
          "Value": -12490271.0,
          "ValueType": "Color",
          "File": "Advanced",
          "Description": "Пользовательский цвет для блоков выравнивания цели, шкалы и светового индикатора (синие секции в оригинальной Elite)."
        },
        {
          "Type": "Brightness",
          "Category": "Боковые панели",
          "Name": "Яркость",
          "Key": "w76",
          "Value": 1.0,
          "ValueType": "Brightness",
          "File": "Advanced",
          "Description": "Яркость основных диний на боковых панелях."
        },
        {
          "Type": "NavPanel",
          "Category": "Панель навигации",
          "Name": "Выбор",
          "Key": "z97",
          "Value": 100.0,
          "ValueType": "Preset",
          "File": "Startup-Profile",
          "Description": "Значок текущего местоположения (только для метки текущего местоположения можно задать пользовательсткий цвет. Метка местоназначения связана с другими элементами/линиями на панели корабля)."
        },
        {
          "Type": "CustomColor",
          "Category": "Панель навигации",
          "Name": "Цвет",
          "Key": "x98|y98|z98|w98",
          "Value": -12490271.0,
          "ValueType": "Color",
          "File": "Advanced",
          "Description": "Пользовательский цвет значков инженеров на карте галактики. (*Альфа версия)."
        },
        {
          "Type": "NavPanel",
          "Category": "Панель миссий",
          "Name": "Выбор",
          "Key": "z89",
          "Value": 200.0,
          "ValueType": "Preset",
          "File": "Startup-Profile",
          "Description": "Влияет на цвет панели миссий, панели навигации и на значок миссий на экране выбора миссий."
        },
        {
          "Type": "CustomColor",
          "Category": "Панель миссий",
          "Name": "Цвет",
          "Key": "x91|y91|z91",
          "Value": -12490271.0,
          "ValueType": "Color",
          "File": "Advanced",
          "Description": "Пользовательский цвет панели миссий, панели навигации и значков миссий на экране выбора миссий."
        }

      ]
    },
    {
      "Name": "Lighting",
      "Elements": [
        {
          "Type": "AmbientLights",
          "Category": "Освещение кабины",
          "Name": "Выбор",
          "Key": "y68",
          "Value": 100.0,
          "File": "Startup-Profile",
          "ValueType": "Preset",
          "Description": "Режим освещения кабины"
        },
        {
          "Type": "CabinLightingStyle",
          "Category": "Освещение кабины",
          "Name": "Стиль освещения",
          "Key": "x68",
          "Value": 0,
          "File": "Advanced",
          "ValueType": "Preset",
          "Description": "Режим полного освещения: (Освещение кабины покрывает всю кабину, окрашивает весь интерьер, включая летный костюм, кожу пилота)."
        },
        {
          "Type": "AmbientLights",
          "Category": "Освещение кабины",
          "Name": "Цвет",
          "Key": "x69|y69|z69",
          "Value": -12490271.0,
          "ValueType": "Color",
          "File": "Advanced",
          "Description": "Пользовательский цвет освещения кабины."
        },
        {
          "Type": "Brightness",
          "Category": "Освещение кабины",
          "Name": "Яркость",
          "Key": "w69",
          "Value": 0.3,
          "ValueType": "Brightness",
          "File": "Advanced",
          "Description": "Яркость освещения кабины."
        },
        {
          "Type": "AmbientLights",
          "Category": "Двухцетное освещение кабины",
          "Name": "Левый цвет",
          "Key": "x70|y70|z70",
          "Value": -12490271.0,
          "ValueType": "Color",
          "File": "Advanced",
          "Description": "(Эксперементальная настройка) - Лучше использовать режим полного освещения."
        },
        {
          "Type": "AmbientLights",
          "Category": "Двухцетное освещение кабины",
          "Name": "Правый цвет",
          "Key": "x71|y71|z71",
          "Value": -12490271.0,
          "ValueType": "Color",
          "File": "Advanced",
          "Description": "Этот цвет является добавочным к базовому цвету, с правой стороны кабины."
        },
        {
          "Type": "Brightness",
          "Category": "Двухцетное освещение кабины",
          "Name": "Яркость",
          "Key": "w71",
          "Value": 1.0,
          "ValueType": "Brightness",
          "File": "Advanced",
          "Description": "Яркость двухцветного освещения кабины."
        },
        {
          "Type": "ShipPanelOpacity",
          "Category": "Панель корабля",
          "Name": "Выбор",
          "Key": "x89",
          "Value": 100.0,
          "ValueType": "Preset",
          "File": "Startup-Profile",
          "Description": "(Установите уровень прозрачности по умолчанию в Advanced.ini, работает во всех цветовых режимах)"
        },
        {
          "Type": "CustomColor",
          "Category": "Панель корабля",
          "Name": "Фон панели корабля",
          "Key": "x90|y90|z90",
          "Value": -12490271.0,
          "ValueType": "Color",
          "File": "Advanced",
          "Description": "Пользовательский цвет фона панели корабля и прозрачности."
        },
        {
          "Type": "Brightness",
          "Category": "Панель корабля",
          "Name": "Прозрачность фона панели",
          "Key": "w90",
          "Value": 1.0,
          "ValueType": "Brightness",
          "File": "Advanced",
          "Description": "Прозрачность фона панели корабля."
        },
        {
          "Type": "AdvancedMode",
          "Category": "Панели станции",
          "Name": "Выбор",
          "Key": "w89",
          "Value": 100.0,
          "ValueType": "Preset",
          "File": "Startup-Profile",
          "Description": "Исскуство и эскизы на панели."
        },
        {
          "Type": "CustomColor",
          "Category": "Панели станции",
          "Name": "Чертежи на панели",
          "Key": "x92|y92|z92|w92",
          "Value": -12490271.0,
          "ValueType": "Color",
          "File": "Advanced",
          "Description": "Пользовательский цвет чертежей на панели. (*Альфа версия)."
        }

      ]
    },
    {
      "Name": "Special Efects",
      "Elements": [
        {
          "Type": "ONOFF",
          "Category": "Космические эффекты",
          "Name": "Боковые линии в суперкруизе",
          "Key": "w120",
          "Value": 0,
          "File": "Startup-Profile",
          "ValueType": "ONOFF",
          "Description": "Переключение для удаления (отключения) боковых линий в суперкруизе."
        },
        {
          "Type": "ONOFF",
          "Category": "Космические эффекты",
          "Name": "Снег в суперкруизе",
          "Key": "y121",
          "Value": 0,
          "File": "Startup-Profile",
          "ValueType": "ONOFF",
          "Description": "Переключение для удаления (отключения) снега в суперкруизе."
        },
        {
          "Type": "ONOFF",
          "Category": "Космические эффекты",
          "Name": "Космическая пыль",
          "Key": "z121",
          "Value": 0,
          "File": "Startup-Profile",
          "ValueType": "ONOFF",
          "Description": "Переключатель для космической пыли (тот же снег в обычном полете)."
        }
		
      ]
    },
    {
      "Name": "Combat HUD",
      "Elements": [
        {
          "Type": "AdvancedMode",
          "Category": "Боевой режим",
          "Name": "Выбор",
          "Key": "x141",
          "Value": 100.0,
          "File": "Startup-Profile",
          "ValueType": "Preset",
          "Description": "  ** Боевой режим (CHUD) ** \r\n Для стандартного боевого режима установите 2 цвета RGB(0,0,0) и интенсивность затухания = 0\r\n Для одного цвета в боевом режиме установите цвет 2 RGB(0,0,0) и предпочтительную интенсивность затухания (0.7 хороший баланс)\r\n Для двухцветного боевого режима установите цвет 2 RGB на ваше предпочтение, и интенсивность затухания = 1."
        },
        {
          "Type": "CombatHUD",
          "Category": "Боевой режим",
          "Name": "Цвет № 1",
          "Key": "x55|y55|z55",
          "Value": -12490271.0,
          "ValueType": "Color",
          "File": "Advanced",
          "Description": "Пользовательский цвет боевого режима - Цвет № 1 (Верхниц цвет)."
        },
        {
          "Type": "Brightness",
          "Category": "Боевой режим",
          "Name": "Яркость цвета № 1",
          "Key": "w55",
          "Value": 1.0,
          "ValueType": "Brightness",
          "File": "Advanced",
          "Description": "Яркость Цвета № 1 (Верхний цвет)."
        },
        {
          "Type": "CombatHUD",
          "Category": "Боевой режим",
          "Name": "Цвет № 2",
          "Key": "x48|y48|z48",
          "Value": -12490271.0,
          "ValueType": "Color",
          "File": "Advanced",
          "Description": "Пользовательский цвет боевого режима - Цвет № 2 (Нижний цвет)."
        },
        {
          "Type": "Brightness",
          "Category": "Боевой режим",
          "Name": "Интенсивность затухания",
          "Key": "w48",
          "Value": 1.0,
          "ValueType": "Brightness",
          "File": "Advanced",
          "Description": "Интенсивность затухания (градиент цвета: > 1 = больше Цвета № 2, < 1 = Меньше Цвета № 2)."
        },
        {
          "Type": "CombatHUD",
          "Category": "Боевой режим",
          "Name": "Цвет боеприпасов",
          "Key": "x45|y45|z45",
          "Value": -12490271.0,
          "ValueType": "Color",
          "File": "Advanced",
          "Description": "Пользовательский цвет боеприпасов в боевом режиме."
        },
        {
          "Type": "Brightness",
          "Category": "Боевой режим",
          "Name": "Яркость цвета боеприпасов",
          "Key": "w45",
          "Value": 1.0,
          "ValueType": "Brightness",
          "File": "Advanced",
          "Description": "Яркость цвета для боеприпасов в боевом режиме."
        }
		
      ]
    },
    {
      "Name": "Analysis HUD",
      "Elements": [
        {
          "Type": "AdvancedMode",
          "Category": "Режим анализа",
          "Name": "Выбор",
          "Key": "w140",
          "Value": 100.0,
          "File": "Startup-Profile",
          "ValueType": "Preset",
          "Description": "Режим анализа (не боевой режим)."
        },
        {
          "Type": "AnalysisHUD",
          "Category": "Режим анализа",
          "Name": "Цвет",
          "Key": "x54|y54|z54|w54",
          "Value": -12490271.0,
          "ValueType": "Color",
          "File": "Advanced",
          "Description": "Пользовательсткий цвет Режима анализа. (*Альфа версия)."
        },
        {
          "Type": "TargetingReticle",
          "Category": "Режим анализа",
          "Name": "Цвет прицела",
          "Key": "x63|y63|z63|w63",
          "Value": -12490271.0,
          "ValueType": "Color",
          "File": "Advanced",
          "Description": "Пользовательсткий цвет прицела. (*Альфа версия)."
        }
      ]
    },
    {
      "Name": "Radar & Common Group",
      "Elements": [
        {
          "Type": "AdvancedMode",
          "Category": "Внешний контур радара",
          "Name": "Выбор",
          "Key": "y106",
          "Value": 100.0,
          "File": "Startup-Profile",
          "ValueType": "Preset",
          "Description": "Выбор цветовой схемы радара корабля."
        },
        {
          "Type": "Radar",
          "Category": "Внешний контур радара",
          "Name": "Цвет",
          "Key": "x236|y236|z236",
          "Value": -12490271.0,
          "ValueType": "Color",
          "File": "Advanced",
          "Description": "Пользовательский цвет внешнего контура радара."
        },
        {
          "Type": "Brightness",
          "Category": "Внешний контур радара",
          "Name": "Яркость",
          "Key": "w236",
          "Value": 1.0,
          "ValueType": "Brightness",
          "File": "Advanced",
          "Description": "Яркость внешнего контура радара корабля (нормальное значени от 0.3 до 1.0, но можно настраивать и больше)."
        },
        {
          "Type": "Radar",
          "Category": "Сетка радара",
          "Name": "Цвет",
          "Key": "x237|y237|z237",
          "Value": -12490271.0,
          "ValueType": "Color",
          "File": "Advanced",
          "Description": "Пользовательский цвет сетки радара."
        },
        {
          "Type": "Brightness",
          "Category": "Сетка радара",
          "Name": "Яркость",
          "Key": "w237",
          "Value": 0.8,
          "ValueType": "Brightness",
          "File": "Advanced",
          "Description": "Яркость сетки радара."
        },
        {
          "Type": "AdvancedMode",
          "Category": "Виждет треугольника на радаре",
          "Name": "Выбор",
          "Key": "x138",
          "Value": 100.0,
          "File": "Startup-Profile",
          "ValueType": "Preset",
          "Description": "Настройки виджета треугольника (в центре) на радаре."
        },
        {
          "Type": "Radar",
          "Category": "Виждет треугольника на радаре",
          "Name": "Цвет",
          "Key": "x239|y239|z239|w239",
          "Value": -12490271.0,
          "ValueType": "Color",
          "File": "Advanced",
          "Description": "Пользовательский цвет виджета треугольника (в центре) на радаре (*Альфа версия)."
        },
        {
          "Type": "AdvancedMode",
          "Category": "Виджет увеличения (масштабирования) на радаре",
          "Name": "Выбор",
          "Key": "w136",
          "Value": 100.0,
          "File": "Startup-Profile",
          "ValueType": "Preset",
          "Description": "Настройки линий масштабирования на радаре"
        },
        {
          "Type": "Radar",
          "Category": "Виджет увеличения (масштабирования) на радаре",
          "Name": "Цвет",
          "Key": "x240|y240|z240|w240",
          "Value": -12490271.0,
          "ValueType": "Color",
          "File": "Advanced",
          "Description": "Пользовательский цвет виджета масштабирования (*Альфа версия)."
        },
        {
          "Type": "OuterRadarComponents",
          "Category": "Виджет увеличения (масштабирования) на радаре",
          "Name": "Цвет линий",
          "Key": "x231|y231|z231",
          "Value": -12490271.0,
          "ValueType": "Color",
          "File": "Advanced",
          "Description": "Пользовательский цвет линий на радаре (кругов)."
        },
        {
          "Type": "Brightness",
          "Category": "Виджет увеличения (масштабирования) на радаре",
          "Name": "Яркость",
          "Key": "w231",
          "Value": 1.2,
          "ValueType": "Brightness",
          "File": "Advanced",
          "Description": "Яркость линий на радаре (кругов)."
        },
        {
          "Type": "AdvancedMode",
          "Category": "Объекты на радаре в суперкруизе",
          "Name": "Выбор",
          "Key": "z138",
          "Value": 100.0,
          "File": "Startup-Profile",
          "ValueType": "Preset",
          "Description": "Выбор цветовой палитры в суперкруизе."
        },
        {
          "Type": "RadarBodies",
          "Category": "Объекты на радаре в суперкруизе",
          "Name": "Планеты",
          "Key": "x241|y241|z241|w241",
          "Value": -12490271.0,
          "ValueType": "Color",
          "File": "Advanced",
          "Description": "Пользовательский цвет планет в суперкруизе (*Альфа версия)."
        },
        {
          "Type": "RadarBodies",
          "Category": "Объекты на радаре в суперкруизе",
          "Name": "Луны",
          "Key": "x242|y242|z242|w242",
          "Value": -12490271.0,
          "ValueType": "Color",
          "File": "Advanced",
          "Description": "Пользовательский цвет лун в суперкруизе (*Альфа версия)."
        },
        {
          "Type": "RadarBodies",
          "Category": "Объекты на радаре в суперкруизе",
          "Name": "Луны",
          "Key": "x243|y243|z243|w243",
          "Value": -12490271.0,
          "ValueType": "Color",
          "File": "Advanced",
          "Description": "Пользовательский цвет звезд в суперкруизе (*Альфа версия)."
        },
        {
          "Type": "RadarBodies",
          "Category": "Объекты на радаре в суперкруизе",
          "Name": "Нейтральные цели",
          "Key": "x244|y244|z244|w244",
          "Value": -12490271.0,
          "ValueType": "Color",
          "File": "Advanced",
          "Description": "Пользовательский цвет нейтральных объектов в суперкруизе."
        },
        {
          "Type": "AdvancedMode",
          "Category": "Объекты на радаре",
          "Name": "Выбор",
          "Key": "y139",
          "Value": 100.0,
          "File": "Startup-Profile",
          "ValueType": "Preset",
          "Description": "Выбор палитры для объектов на радаре в обычном полете (не суперкруиз)."
        },
        {
          "Type": "ONOFF",
          "Category": "Объекты на радаре",
          "Name": "Удалить белые объекты",
          "Key": "x115",
          "Value": 0,
          "File": "Startup-Profile",
          "ValueType": "ONOFF",
          "Description": "Переключатель для удаления белых объектов (материалы, товары и др.) в обычном полете (не суперкуиз)."
        },
        {
          "Type": "RadarBodies",
          "Category": "Объекты на радаре",
          "Name": "Нейтральные цели",
          "Key": "x245|y245|z245|w245",
          "Value": -12490271.0,
          "ValueType": "Color",
          "File": "Advanced",
          "Description": "Нейтральные цели в обоих режимах полета (обычном и суперкруизе)\r\n(*Альфа версия)."
        },
        {
          "Type": "RadarBodies",
          "Category": "Объекты на радаре",
          "Name": "Дружеские цели",
          "Key": "x246|y246|z246|w246",
          "Value": -12490271.0,
          "ValueType": "Color",
          "File": "Advanced",
          "Description": "Пользовательский цвет для дружеских целей в обоих режимах полета (обычном и суперкруизе)."
        },
        {
          "Type": "RadarBodies",
          "Category": "Объекты на радаре",
          "Name": "Враждебные цели",
          "Key": "x247|y247|z247|w247",
          "Value": -12490271.0,
          "ValueType": "Color",
          "File": "Advanced",
          "Description": "Пользовательский цвет для враждебных целей в обоих режимах полета (обычном и суперкруизе)."
        },
        {
          "Type": "AdvancedMode",
          "Category": "Прочие компоненты",
          "Name": "Выбор",
          "Key": "x136",
          "Value": 100.0,
          "File": "Startup-Profile",
          "ValueType": "Preset",
          "Description": "Выбор для шкалы температуры и скорости"
        },
        {
          "Type": "OuterRadarComponents",
          "Category": "Прочие компоненты",
          "Name": "Цвет",
          "Key": "x221|y221|z221",
          "Value": -12490271.0,
          "ValueType": "Color",
          "File": "Advanced",
          "Description": "Пользовательский цвет для шкалы температуры и скорости."
        },
        {
          "Type": "Brightness",
          "Category": "Прочие компоненты",
          "Name": "Яркость шкалы",
          "Key": "w221",
          "Value": 1.0,
          "ValueType": "Brightness",
          "File": "Advanced",
          "Description": "Яркость фона шкалы температуры и скорости."
        },
        {
          "Type": "Brightness",
          "Category": "Прочие компоненты",
          "Name": "Общая яркость",
          "Key": "w222",
          "Value": 1.0,
          "ValueType": "Brightness",
          "File": "Advanced",
          "Description": "Общая яркость всех компонентов радара"
        },
        {
          "Type": "OuterRadarComponents",
          "Category": "Шкала оптимальной скорости",
          "Name": "Цвет",
          "Key": "x222|y222|z222",
          "Value": -12490271.0,
          "ValueType": "Color",
          "File": "Advanced",
          "Description": "Оптимальный цвет шкалы скорости (значения относятся к основному цвету; может быть отрицательным, чтобы уменьшить цвет от основного цвета)."
        },

        {
          "Type": "Brightness",
          "Category": "Шкала оптимальной скорости",
          "Name": "Яркость исправлений",
          "Key": "y213",
          "Value": 0.4,
          "ValueType": "Brightness",
          "File": "Advanced",
          "Description": "Яркость исправлений сбоев в прочих компонентах радара (по умолчанию = 0.4) для режима 1 и режима 2."
        },
        {
          "Type": "AdvancedMode",
          "Category": "Приземление (стыковка)",
          "Name": "Выбор",
          "Key": "x139",
          "Value": 100.0,
          "File": "Startup-Profile",
          "ValueType": "Preset",
          "Description": "Выбор пользовательской палитры при приземлении на планету (стыковке)."
        },
        {
          "Type": "OuterRadarComponents",
          "Category": "Приземление (стыковка)",
          "Name": "Цвет",
          "Key": "x253|y253|z253|w253",
          "Value": -12490271.0,
          "ValueType": "Color",
          "File": "Advanced",
          "Description": "Пользовательский цвет радара при приземлении на планету (стыковке)."
        },
        {
          "Type": "AdvancedMode",
          "Category": "Сканнер ТРП",
          "Name": "Выбор",
          "Key": "w210",
          "Value": 100.0,
          "File": "Startup-Profile",
          "ValueType": "Preset",
          "Description": "Выбор цветовой палитры"
        },
        {
          "Type": "SRV_Scanner",
          "Category": "Сканнер ТРП",
          "Name": "Основной цвет",
          "Key": "x210|y210|z210",
          "Value": -12490271.0,
          "ValueType": "Color",
          "File": "Advanced",
          "Description": "Основной цвет сканнера ТРП. Цвет обнаружения объектов."
        },
        {
          "Type": "SRV_Scanner",
          "Category": "Сканнер ТРП",
          "Name": "Дополнительный цвет",
          "Key": "x211|y211|z211",
          "Value": -12490271.0,
          "ValueType": "Color",
          "File": "Advanced",
          "Description": "Дополнительный цвет сканнера ТРП. Цвет развертки сканнера."
        },
        {
          "Type": "Brightness",
          "Category": "Сканнер ТРП",
          "Name": "Общая Яркость",
          "Key": "w211",
          "Value": 1.0,
          "ValueType": "Brightness",
          "File": "Advanced",
          "Description": "Яркость сканнера ТРП."
        },
        {
          "Type": "SRV_Scanner",
          "Category": "Сканнер ТРП",
          "Name": "Голограмма местности",
          "Key": "x252|y252|z252|w252",
          "Value": -12490271.0,
          "ValueType": "Color",
          "File": "Advanced",
          "Description": "Пользовательский цвет голограммы местности на радаре.(Белый в ТРП)."
        },
        {
          "Type": "AdvancedMode",
          "Category": "Сканнер ТРП",
          "Name": "Высота сканнера",
          "Key": "z139",
          "Value": 100.0,
          "File": "Startup-Profile",
          "ValueType": "Preset",
          "Description": "Пользовательская палитра для диагональных линий высоты на радаре."
        },
        {
          "Type": "SRV_Scanner",
          "Category": "Сканнер ТРП",
          "Name": "Высота сканнера",
          "Key": "x50|y50|z50|w50",
          "Value": -12490271.0,
          "ValueType": "Color",
          "File": "Advanced",
          "Description": "Пользовательский цвет для диагональных линий высоты на радаре (*Альфа версия)."
        },
        {
          "Type": "AdvancedMode",
          "Category": "Компас",
          "Name": "Выбор",
          "Key": "w135",
          "Value": 100.0,
          "File": "Startup-Profile",
          "ValueType": "Preset",
          "Description": "Выбор палитры"
        },
        {
          "Type": "Compass",
          "Category": "Компас",
          "Name": "Цвет",
          "Key": "x219|y219|z219",
          "Value": -12490271.0,
          "ValueType": "Color",
          "File": "Advanced",
          "Description": "Пользовательский цвет компаса."
        },
        {
          "Type": "Brightness",
          "Category": "Компас",
          "Name": "Яркость",
          "Key": "w219",
          "Value": 1.0,
          "ValueType": "Brightness",
          "File": "Advanced",
          "Description": "Яркость компаса."
        },
        {
          "Type": "CompassDot",
          "Category": "Компас",
          "Name": "Точка на компасе",
          "Key": "x220|y220|z220",
          "Value": -12490271.0,
          "ValueType": "Color",
          "File": "Advanced",
          "Description": "Пользовательский цвет точки на компасе."
        },
        {
          "Type": "Brightness",
          "Category": "Компас",
          "Name": "Яркость",
          "Key": "w220",
          "Value": 1.0,
          "ValueType": "Brightness",
          "File": "Advanced",
          "Description": "Яркость точки на компасе\r\n(Примечание: Этот элемент ведет себя немного иначе, чем другие. Рекомендуемый минимум 0,7 яркости)."
        }
      ]
    },
    {
      "Name": "Shield & Holo Ship",
      "Elements": [
        {
          "Type": "ShieldColor",
          "Category": "Щиты",
          "Name": "Выбор",
          "Key": "z105",
          "Value": 101.0,
          "File": "Startup-Profile",
          "ValueType": "Preset",
          "Description": "Примечание. Мульти-щит работает только при разрешении > = 2560x1440, может работать и при разрешении 1920x1080. Применяется к себе и цели."
        },
        {
          "Type": "ShieldColor",
          "Category": "Щиты",
          "Name": "Проценты щита - Цвет",
          "Key": "x88|y88|z88",
          "Value": -12490271.0,
          "ValueType": "Color",
          "File": "Advanced",
          "Description": "Пользовательский цвет текста процентов щита."
        },
        {
          "Type": "Brightness",
          "Category": "Щиты",
          "Name": "Проценты щита - Яркость",
          "Key": "w88",
          "Value": 1.0,
          "ValueType": "Brightness",
          "File": "Advanced",
          "Description": "Яркость текста процентов щита."
        },
        {
          "Type": "Multi-Shield",
          "Category": "Мульти-щит",
          "Name": "Внутреннее кольцо",
          "Key": "x201|y201|z201|w201",
          "Value": -12490271.0,
          "ValueType": "Color",
          "File": "Advanced",
          "Description": "Цвет внутреннего кольца. Только для Мульти-щита. (*Альфа версия)."
        },
        {
          "Type": "Multi-Shield",
          "Category": "Мульти-щит",
          "Name": "Среднее кольцо",
          "Key": "x202|y202|z202|w202",
          "Value": -12490271.0,
          "ValueType": "Color",
          "File": "Advanced",
          "Description": "Цвет среднего кольца. Только для Мульти-щита. (*Альфа версия)."
        },
        {
          "Type": "Multi-Shield",
          "Category": "Мульти-щит",
          "Name": "Внешнее кольцо",
          "Key": "x203|y203|z203|w203",
          "Value": -12490271.0,
          "ValueType": "Color",
          "File": "Advanced",
          "Description": "Цвет внешнего кольца. Только для Мульти-щита. (*Альфа версия)."
        },
        {
          "Type": "ShieldsDown",
          "Category": "Одноцветный щит",
          "Name": "Уменьшение щита",
          "Key": "x87",
          "Value": 0,
          "ValueType": "Preset",
          "File": "Advanced",
          "Description": "Одноцветный щит - цвет при уменьшении щита (получение урона)."
        },
        {
          "Type": "Single-Shield",
          "Category": "Одноцветный щит",
          "Name": "Увеличение щита",
          "Key": "x228|y228|z228",
          "Value": -12490271.0,
          "ValueType": "Color",
          "File": "Advanced",
          "Description": "Одноцветный щит - цвет увеличения щита (восстановление щита)."
        },
        {
          "Type": "Brightness",
          "Category": "Одноцветный щит",
          "Name": "Яркость",
          "Key": "w228",
          "Value": 1.0,
          "ValueType": "Brightness",
          "File": "Advanced",
          "Description": "Яркость щита для одноцветного режима."
        },
        {
          "Type": "Expanded",
          "Category": "Одноцветный щит",
          "Name": "Толщина кольца",
          "Key": "y87",
          "Value": 1.0,
          "ValueType": "Brightness",
          "File": "Advanced",
          "Description": "Яркость щита для одноцветного режима."
        },
        {
          "Type": "AdvancedMode",
          "Category": "Круговые завихрения",
          "Name": "Верхний круг - Выбор",
          "Key": "z133",
          "Value": 100.0,
          "File": "Startup-Profile",
          "ValueType": "Preset",
          "Description": "Круговые завихрения под голограммой (верхний круг)."
        },
        {
          "Type": "HoloCircularSwirls",
          "Category": "Круговые завихрения",
          "Name": "Верхний круг - Цвет",
          "Key": "x226|y226|z226",
          "Value": -12490271.0,
          "ValueType": "Color",
          "File": "Advanced",
          "Description": "Пользовательский цвет круговых завихрений под голограммой (верхний круг)."
        },
        {
          "Type": "Brightness",
          "Category": "Круговые завихрения",
          "Name": "Верхний круг - Яркость",
          "Key": "w226",
          "Value": 1.5,
          "ValueType": "Brightness",
          "File": "Advanced",
          "Description": "Яркость круговых завихрений под голограммой (верхний круг)."
        },
        {
          "Type": "AdvancedMode",
          "Category": "Круговые завихрения",
          "Name": "Средний круг - Выбор",
          "Key": "x135",
          "Value": 100.0,
          "ValueType": "Preset",
          "File": "Startup-Profile",
          "Description": "Шкала процентов под щитом."
        },
        {
          "Type": "ShieldStatusBars",
          "Category": "Круговые завихрения",
          "Name": "Средний круг - Цвет",
          "Key": "x215|y215|z215",
          "Value": -12490271.0,
          "ValueType": "Color",
          "File": "Advanced",
          "Description": "Пользовательский цвет шкалы процентов под щитом."
        },
        {
          "Type": "Brightness",
          "Category": "Круговые завихрения",
          "Name": "Средний круг - Яркость",
          "Key": "w215",
          "Value": 1.0,
          "ValueType": "Brightness",
          "File": "Advanced",
          "Description": "Яркость шкалы процентов под щитом."
        },
        {
          "Type": "AdvancedMode",
          "Category": "Круговые завихрения",
          "Name": "Нижний круг - Выбор",
          "Key": "x134",
          "Value": 100.0,
          "File": "Startup-Profile",
          "ValueType": "Preset",
          "Description": "Тонкие полукруги под голограммой (нижние)."
        },
        {
          "Type": "HoloSemiCircles",
          "Category": "Круговые завихрения",
          "Name": "Нижний круг - Цвет",
          "Key": "x205|y205|z205|w205",
          "Value": -12490271.0,
          "ValueType": "Color",
          "File": "Advanced",
          "Description": "Пользовательский цвет тонких полукругов под голограммой (нижних) (*Альфа версия)."
        },
        {
          "Type": "AdvancedMode",
          "Category": "Корпус",
          "Name": "Выбор",
          "Key": "y134",
          "Value": 100.0,
          "File": "Startup-Profile",
          "ValueType": "Preset",
          "Description": "Блоки здоровья (свои и цели)."
        },
        {
          "Type": "ShieldBlocks",
          "Category": "Корпус",
          "Name": "Цвет",
          "Key": "x212|y212|z212",
          "Value": -12490271.0,
          "ValueType": "Color",
          "File": "Advanced",
          "Description": "Пользовательский цвет блоков здоровья (свои и цели)."
        },
        {
          "Type": "Brightness",
          "Category": "Корпус",
          "Name": "Яркость",
          "Key": "w212",
          "Value": 1.5,
          "ValueType": "Brightness",
          "File": "Advanced",
          "Description": "Яркость блоков здоровья (свои и цели) под щитом."
        },
        {
          "Type": "Shade",
          "Category": "Корпус",
          "Name": "Тень (затенение)",
          "Key": "w213",
          "Value": 4.0,
          "ValueType": "Brightness",
          "File": "Advanced",
          "Description": "Множитель тени (затенения), применим только к режиму затенения)."
        },
        {
          "Type": "AdvancedMode",
          "Category": "Своя голограмма",
          "Name": "Выбор",
          "Key": "y101",
          "Value": 100.0,
          "File": "Startup-Profile",
          "ValueType": "Preset",
          "Description": "Режим включает в себя свою голограмму, голограмму приземления, голограмму ТРП,рельеф местности на радаре ТРП."
        },
        {
          "Type": "OwnShipHologram",
          "Category": "Своя голограмма",
          "Name": "Цвет",
          "Key": "x248|y248|z248",
          "Value": -12490271.0,
          "ValueType": "Color",
          "File": "Advanced",
          "Description": "Пользовательский цвет своей голограммы."
        },
        {
          "Type": "Brightness",
          "Category": "Своя голограмма",
          "Name": "Яркость корпуса",
          "Key": "x132",
          "Value": 0.5,
          "ValueType": "Brightness",
          "File": "Advanced",
          "Description": "Яркость голограммы корпуса (Для четкой голограммы установить низкую яркость корпуса (например, 0), а внешние линии - высокую (например, 0,5)."
        },
        {
          "Type": "Brightness",
          "Category": "Своя голограмма",
          "Name": "Свечение",
          "Key": "y132",
          "Value": 1.0,
          "ValueType": "Brightness",
          "File": "Advanced",
          "Description": "Свечение голограммы."
        },
        {
          "Type": "Brightness",
          "Category": "Своя голограмма",
          "Name": "Яркость внешних линий",
          "Key": "z132",
          "Value": 1.0,
          "ValueType": "Brightness",
          "File": "Advanced",
          "Description": "Яркость внешних линий голограммы (по умолчанию = 0) (это значение может быть отрицательным, например -0,5)."
        },
        {
          "Type": "Brightness",
          "Category": "Своя голограмма",
          "Name": "Общая яркость",
          "Key": "z101",
          "Value": 1.0,
          "ValueType": "Brightness",
          "File": "Advanced",
          "Description": "Общая яркость голограммы"
        },
        {
          "Type": "ONOFF",
          "Category": "Своя голограмма",
          "Name": "Мерцание",
          "Key": "z109",
          "Value": 1.0,
          "ValueType": "ONOFF",
          "File": "Advanced",
          "Description": "Переключение мерцания голограммы"
        },
        {
          "Type": "TargetShipHologram",
          "Category": "Голограмма цели",
          "Name": "Цвет нейтральной цели",
          "Key": "x72|y72|z72",
          "Value": -12490271.0,
          "ValueType": "Color",
          "File": "Advanced",
          "Description": "Пользовательский цвет голограммы нейтральной цели."
        },
        {
          "Type": "Brightness",
          "Category": "Голограмма цели",
          "Name": "Яркость нейтральной цели",
          "Key": "x72",
          "Value": 1.0,
          "ValueType": "Brightness",
          "File": "Advanced",
          "Description": "Яркость голограммы корпуса (Для четкой голограммы установить низкую яркость корпуса (например, 0), а внешние линии - высокую (например, 0,5)."
        },
        {
          "Type": "Brightness",
          "Category": "Голограмма цели",
          "Name": "Общая яркость",
          "Key": "y73",
          "Value": 0.5,
          "ValueType": "Brightness",
          "File": "Advanced",
          "Description": "Общая яркость голограммы нейтральной цели."
        },
        {
          "Type": "Brightness",
          "Category": "Голограмма цели",
          "Name": "Яркость зеленой голограммы цели",
          "Key": "z73",
          "Value": 0.5,
          "ValueType": "Brightness",
          "File": "Advanced",
          "Description": "Ярко-зеленая голограмма цели (некоторые зеленые голограммы имеют чрезмерную яркость)."
        },
        {
          "Type": "ONOFF",
          "Category": "Голограмма цели",
          "Name": "Мерцание",
          "Key": "x73",
          "Value": 1.0,
          "ValueType": "ONOFF",
          "File": "Advanced",
          "Description": "Переключение мерцания голограммы цели."
        },
        {
          "Type": "LandingHologram",
          "Category": "Голограмма при посадке",
          "Name": "Цвет - Недоступной площадки",
          "Key": "x254|y254|z254",
          "Value": -12490271.0,
          "ValueType": "Color",
          "File": "Advanced",
          "Description": "Пользовательский цвет площадки не доступной для посадки."
        },
        {
          "Type": "LandingHologram",
          "Category": "Голограмма при посадке",
          "Name": "Цвет - Доступной площадки",
          "Key": "x249|y249|z249",
          "Value": -12490271.0,
          "ValueType": "Color",
          "File": "Advanced",
          "Description": "Пользовательский цвет площадки доступной для посадки."
        },
        {
          "Type": "Brightness",
          "Category": "Голограмма при посадке",
          "Name": "Яркость",
          "Key": "w254",
          "Value": 1.0,
          "ValueType": "Brightness",
          "File": "Advanced",
          "Description": "Яркость площадки для посадки (доступной и не доступной)."
        },
        {
          "Type": "AdvancedMode",
          "Category": "Планетарная посадочная сетка",
          "Name": "Выбор",
          "Key": "z107",
          "Value": 100.0,
          "File": "Startup-Profile",
          "ValueType": "Preset",
          "Description": "Планетарная посадочная сетка при посадке на планету, выравнивание, шкала высоты."
        },
        {
          "Type": "PlanetaryLanding",
          "Category": "Планетарная посадочная сетка",
          "Name": "Цвет",
          "Key": "x209|y209|z209|w209",
          "Value": -12490271.0,
          "ValueType": "Color",
          "File": "Advanced",
          "Description": "Пользовательский цвет планетарной посадочной сетки."
        },
        {
          "Type": "LandingHologram",
          "Category": "Планетарная посадочная сетка",
          "Name": "Линии (приземления и выравнивания)",
          "Key": "x255|y255|z255|w255",
          "Value": -12490271.0,
          "ValueType": "Color",
          "File": "Advanced",
          "Description": "Пользовательский цвет для линий приземления и линии выравнивания (оранжевый) (*Альфа версия)."
        },
        {
          "Type": "LandingHologram",
          "Category": "Планетарная посадочная сетка",
          "Name": "Шкала высоты",
          "Key": "x96|y96|z96|w96",
          "Value": -12490271.0,
          "ValueType": "Color",
          "File": "Advanced",
          "Description": "Пользовательский цвет шкалы высоты при посадке на планету (оранжевый) (*Альфа версия). "
        },
        {
          "Type": "LandingHologram",
          "Category": "Планетарная посадочная сетка",
          "Name": "Цвет текста",
          "Key": "x95|y95|z95|w95",
          "Value": -12490271.0,
          "ValueType": "Color",
          "File": "Advanced",
          "Description": "Пользовательский цвет текста в окне сетки (*Альфа версия)."
        },
        {
          "Type": "Brightness",
          "Category": "Планетарная посадочная сетка",
          "Name": "Яркость текста шкалы высоты",
          "Key": "x97",
          "Value": 1.0,
          "ValueType": "Brightness",
          "File": "Advanced",
          "Description": "Яркость текста вдоль шкалы высоты (имеет тенденцию к размытию вокруг сетки)."
        },
        {
          "Type": "Brightness",
          "Category": "Планетарная посадочная сетка",
          "Name": "Яркость текста",
          "Key": "y97",
          "Value": 1.0,
          "ValueType": "Brightness",
          "File": "Advanced",
          "Description": "Яркость текста для координат долготы / широты, силы тяжести."
        },
        {
          "Type": "SRVHologram",
          "Category": "ТРП голограмма",
          "Name": "Основной цвет",
          "Key": "x250|y250|z250|w250",
          "Value": -12490271.0,
          "ValueType": "Color",
          "File": "Advanced",
          "Description": "**(ОТКЛЮЧЕНО)** Пользовательский цвет голограммы ТРП (*Альфа версия)."
        },
        {
          "Type": "SRVHologram",
          "Category": "ТРП голограмма",
          "Name": "Дополнительный цвет",
          "Key": "x251|y251|z251|w251",
          "Value": -12490271.0,
          "ValueType": "Color",
          "File": "Advanced",
          "Description": "Пользовательский цвет голограммы ТРП (*Альфа версия) (это % Основного цвета)."
        }
      ]
    },
    {
      "Name": "Power Distributor",
      "Elements": [
        {
          "Type": "PowerDistributor",
          "Category": "Панель респределения энергии",
          "Name": "Выбор",
          "Key": "y136",
          "Value": 102.0,
          "ValueType": "Preset",
          "File": "Startup-Profile",
          "Description": "Настройки панели распределения энергии"
        },
        {
          "Type": "PowerDistributor",
          "Category": "Панель респределения энергии",
          "Name": "Цвет верхнего блока",
          "Key": "x223|y223|z223",
          "Value": -12490271.0,
          "ValueType": "Color",
          "File": "Advanced",
          "Description": "Пользовательский цвет верхнего блока при выборе трехцветных блоков или всей панели при выборе одноцветного режима."
        },
        {
          "Type": "Brightness",
          "Category": "Панель респределения энергии",
          "Name": "Яркость верхнего блока",
          "Key": "w223",
          "Value": 1.0,
          "ValueType": "Brightness",
          "File": "Advanced",
          "Description": "Яркость верхнего блока при выборе трехцветных блоков или всей панели при выборе одноцветного режима."
        },
        {
          "Type": "PowerDistributor",
          "Category": "Трехцветные блоки энергии",
          "Name": "Цвет среднего блока",
          "Key": "x224|y224|z224",
          "Value": -12490271.0,
          "ValueType": "Color",
          "File": "Advanced",
          "Description": "Пользовательский цвет среднего блока при выборе трехцветных блоков."
        },
        {
          "Type": "Brightness",
          "Category": "Трехцветные блоки энергии",
          "Name": "Яркость среднего блока",
          "Key": "w224",
          "Value": 1.0,
          "ValueType": "Brightness",
          "File": "Advanced",
          "Description": "Яркость среднего блока."
        },
        {
          "Type": "PowerDistributor",
          "Category": "Трехцветные блоки энергии",
          "Name": "Цвет нижнего блока",
          "Key": "x225|y225|z225",
          "Value": -12490271.0,
          "ValueType": "Color",
          "File": "Advanced",
          "Description": "Пользовательский цвет нижнего блока при выборе трехцветных блоков."
        },
        {
          "Type": "Brightness",
          "Category": "Трехцветные блоки энергии",
          "Name": "Яркость нижнего блока",
          "Key": "w225",
          "Value": 1.0,
          "ValueType": "Brightness",
          "File": "Advanced",
          "Description": "Яркость нижнего блока."
        },
        {
          "Type": "PowerDistributor",
          "Category": "Градиентные блоки энергии",
          "Name": "Цвет № 1",
          "Key": "x47|y47|z47",
          "Value": -12490271.0,
          "ValueType": "Color",
          "File": "Advanced",
          "Description": "Пользовательский цвет № 1: Верхний цвет градиента блоков энергии."
        },
        {
          "Type": "Expanded",
          "Category": "Градиентные блоки энергии",
          "Name": "Доминирование",
          "Key": "w47",
          "Value": 1.0,
          "ValueType": "Brightness",
          "File": "Advanced",
          "Description": "Доминирование цвета № 1 (значение > 1.0 увеличивает доминирование, значение < 1.0 уменьшает доминирование)."
        },
        {
          "Type": "PowerDistributor",
          "Category": "Градиентные блоки энергии",
          "Name": "Цвет № 2",
          "Key": "x46|y46|z46",
          "Value": -12490271.0,
          "ValueType": "Color",
          "File": "Advanced",
          "Description": "Пользовательский цвет № 2: Нижний цвет градиента блоков энергии."
        },
        {
          "Type": "Brightness",
          "Category": "Градиентные блоки энергии",
          "Name": "Яркость",
          "Key": "w46",
          "Value": 1.0,
          "ValueType": "Brightness",
          "File": "Advanced",
          "Description": "Яркость градиентных блоков энергии."
        },
        {
          "Type": "AdvancedMode",
          "Category": "Точки распределения мощности",
          "Name": "Выбор",
          "Key": "w134",
          "Value": 100.0,
          "ValueType": "Preset",
          "File": "Startup-Profile",
          "Description": "Настройка точек распределения энергии."
        },
        {
          "Type": "PowerDistributorPips",
          "Category": "Точки распределения мощности",
          "Name": "Цвет точек",
          "Key": "x214|y214|z214",
          "Value": -12490271.0,
          "ValueType": "Color",
          "File": "Advanced",
          "Description": "Пользовательский цвет точек распределения энергии."
        },
        {
          "Type": "Brightness",
          "Category": "Точки распределения мощности",
          "Name": "Яркость",
          "Key": "w214",
          "Value": 1.0,
          "ValueType": "Brightness",
          "File": "Advanced",
          "Description": "Яркость точек распределения энергии."
        },
        {
          "Type": "Brightness",
          "Category": "Точки распределения мощности",
          "Name": "Неактивные точки",
          "Key": "z134",
          "Value": 1.0,
          "ValueType": "Brightness",
          "File": "Advanced",
          "Description": "Яркость неактивных точек распределения энергии."
        },
        {
          "Type": "AdvancedMode",
          "Category": "Названия блоков",
          "Name": "Выбор",
          "Key": "z136",
          "Value": 100.0,
          "ValueType": "Preset",
          "File": "Startup-Profile",
          "Description": "Настройки названия блоков (СИС, ДВГ, ОРУ, СБР)"
        },
        {
          "Type": "DistributorSelectionBlocks",
          "Category": "Названия блоков",
          "Name": "Цвет",
          "Key": "x230|y230|z230",
          "Value": -12490271.0,
          "ValueType": "Color",
          "File": "Advanced",
          "Description": "Пользовательский цвет названия блоков."
        },
        {
          "Type": "Brightness",
          "Category": "Названия блоков",
          "Name": "Яркость",
          "Key": "w230",
          "Value": 1.0,
          "ValueType": "Brightness",
          "File": "Advanced",
          "Description": "Яркость названия блоков."
        },
        {
          "Type": "AdvancedMode",
          "Category": "Скобки блока сброса",
          "Name": "Выбор",
          "Key": "w133",
          "Value": 100.0,
          "ValueType": "Preset",
          "File": "Startup-Profile",
          "Description": "Квадратные скобки [..] над и под названием блока сброса (СБР)."
        },
        {
          "Type": "RSTBars",
          "Category": "Скобки блока сброса",
          "Name": "Цвет",
          "Key": "x227|y227|z227",
          "Value": -12490271.0,
          "ValueType": "Color",
          "File": "Advanced",
          "Description": "Пользовательский цвет квадратных скобок [..] над и под названием блока сброса (СБР)."
        },
        {
          "Type": "Brightness",
          "Category": "Скобки блока сброса",
          "Name": "Яркость",
          "Key": "w227",
          "Value": 1.0,
          "ValueType": "Brightness",
          "File": "Advanced",
          "Description": "Яркость квадратных скобок [..] над и под названием блока сброса (СБР)."
        }
      ]
    },
    {
      "Name": "Signature & Fuel Bars",
      "Elements": [
        {
          "Type": "AdvancedMode",
          "Category": "Панель предупреждений",
          "Name": "Выбор",
          "Key": "w106",
          "Value": 100.0,
          "ValueType": "Preset",
          "File": "Startup-Profile",
          "Description": "Настройка панели предупреждений."
        },
        {
          "Type": "SignatureBar",
          "Category": "Панель предупреждений",
          "Name": "Основной цвет",
          "Key": "x206|y206|z206",
          "Value": -12490271.0,
          "ValueType": "Color",
          "File": "Advanced",
          "Description": "Основной цвет, внешняя часть сигнала."
        },
        {
          "Type": "SignatureBar",
          "Category": "Панель предупреждений",
          "Name": "Дополнительный цвет",
          "Key": "x207|y207|z207",
          "Value": -12490271.0,
          "ValueType": "Color",
          "File": "Advanced",
          "Description": "Вторичный цвет, середина сигнала (в отношении основного цвета)."
        },
        {
          "Type": "Brightness",
          "Category": "Панель предупреждений",
          "Name": "Яркость",
          "Key": "w207",
          "Value": 1.0,
          "ValueType": "Brightness",
          "File": "Advanced",
          "Description": "Яркость (прозрачность) панели предупреждений."
        },
        {
          "Type": "FuelBar",
          "Category": "Панель топлива",
          "Name": "Выбор",
          "Key": "y135",
          "Value": 100.0,
          "ValueType": "Preset",
          "File": "Startup-Profile",
          "Description": "Настройка панели топлива."
        },
        {
          "Type": "FuelBar",
          "Category": "Панель топлива",
          "Name": "Custom Color",
          "Key": "x216|y216|z216",
          "Value": -12490271.0,
          "ValueType": "Color",
          "File": "Advanced",
          "Description": "Пользовательский цвет панели топлива."
        },
        {
          "Type": "Brightness",
          "Category": "Панель топлива",
          "Name": "Яркость",
          "Key": "w216",
          "Value": 1.0,
          "ValueType": "Brightness",
          "File": "Advanced",
          "Description": "Яркость панели топлива."
        },
               {
          "Type": "FuelBar",
          "Category": "Панель топлива",
          "Name": "Топливо для следующего прыжка",
          "Key": "x94|y94|z94",
          "Value": -12490271.0,
          "ValueType": "Color",
          "File": "Advanced",
          "Description": "Для отображения данного элемента, необходимо выбрать систему."
        },
        {
          "Type": "Brightness",
          "Category": "Панель топлива",
          "Name": "Яркость топлива для следующего прыжка",
          "Key": "w94",
          "Value": 1.0,
          "ValueType": "Brightness",
          "File": "Advanced",
          "Description": "Яркость топлива для следующего прыжка, (невозможно сделать невидимым, становится черным при выборе 0.0)."
        },
        {
          "Type": "AdvancedMode",
          "Category": "Индикаторы состояния",
          "Name": "Выбор",
          "Key": "z135",
          "Value": 100.0,
          "File": "Startup-Profile",
          "ValueType": "Preset",
          "Description": "Настройка индикаторов состояния (блокировка массы, шасси, грузовой люк)."
        },
        {
          "Type": "StatusLights",
          "Category": "Индикаторы состояния",
          "Name": "Цвет отключенного индикатора",
          "Key": "x217|y217|z217",
          "Value": -12490271.0,
          "ValueType": "Color",
          "File": "Advanced",
          "Description": "Пользовательсткий цвет для выключенного состояния."
        },
        {
          "Type": "StatusLights",
          "Category": "Индикаторы состояния",
          "Name": "Цвет включенного индикатора",
          "Key": "x218|y218|z218",
          "Value": -12490271.0,
          "ValueType": "Color",
          "File": "Advanced",
          "Description": "Пользовательсткий цвет для включенного состояния."
        },
        {
          "Type": "Brightness",
          "Category": "Индикаторы состояния",
          "Name": "Яркость",
          "Key": "w217",
          "Value": 1.0,
          "ValueType": "Brightness",
          "File": "Advanced",
          "Description": "Яркость индикаторов состояния"
        }
      ]
    }
  ]
}