{
   "mod_name":"Odyssey Key Bindings",
   "author":"Blue Mystic",
   "description":"This Controls the Keybindings for the Odyssey Version.",
   "file":"Keybindings.ini",
   "file_full":null,
   "managed":true,
   "sections":[
      {
         "name":"keyToogleRadarWhiteObjects",
         "title":"Toogle Radar White Objects",
         "ini_section":"keyToogleRadarWhiteObjects",
         "keys":[
            {
               "name":"Binding Key",
               "type":"key_binding",
               "key":"Key",
               "value":"no_modifiers F1",
               "description":"Choose a Key to bind."
            }
         ]
      },
      {
         "name":"keyTogglePanelOpacity",
         "title":"Toggle Panel Shadows",
         "ini_section":"keyTogglePanelOpacity",
         "keys":[
            {
               "name":"Binding Key",
               "type":"key_binding",
               "key":"Key",
               "value":"no_modifiers F2",
               "description":"Choose a Key to bind."
            },
            {
               "name":"Values",
               "type":"text",
               "key":"w90",
               "value":"0.0,0.5,1.0",
               "description":"Yo can add/remove values here."
            }
         ]
      },
      {
         "name":"keyToogleAmbientLightsBrightness",
         "title":"Cycle Ambient Lights Intensity",
         "ini_section":"keyToogleAmbientLightsBrightness",
         "keys":[
            {
               "name":"Binding Key",
               "type":"key_binding",
               "key":"Key",
               "value":"no_modifiers F3",
               "description":"Choose a Key to bind."
            },
            {
               "name":"Normal Mode",
               "type":"text",
               "key":"w69",
               "value":"0.0,0.5,1.0,1.5,2,2.5",
               "description":"Values For Normal Mode."
            },
            {
               "name":"Bi Mode",
               "type":"text",
               "key":"w71",
               "value":"0.0,0.5,1.0,1.5,2,2.5",
               "description":"Values For Bi Mode."
            }
         ]
      },
      {
         "name":"keyToogleRadarGridBrightness",
         "title":"Cycle Radar Grid Brightness",
         "ini_section":"keyToogleRadarGridBrightness",
         "keys":[
            {
               "name":"Binding Key",
               "type":"key_binding",
               "key":"Key",
               "value":"no_modifiers F4",
               "description":"Choose a Key to bind."
            },
            {
               "name":"Values",
               "type":"text",
               "key":"w237",
               "value":"0.0,0.1,0.5,1.0",
               "description":"Yo can add/remove values here."
            }
         ]
      },
      {
         "name":"keyToogleShield",
         "title":"Toogle Shield",
         "ini_section":"Key-ShieldOff",
         "keys":[
            {
               "name":"Binding Key",
               "type":"key_binding",
               "key":"Key",
               "value":"no_modifiers F5",
               "description":"Shows/Hides the Shields."
            }
         ]
      },
      {
         "name":"keyToggleBloom",
         "title":"Toogle Bloom",
         "ini_section":"keyToggleBloom",
         "keys":[
            {
               "name":"Binding Key",
               "type":"key_binding",
               "key":"Key",
               "value":"no_modifiers F6",
               "description":"Sunglasses Mode (bloom) toggle."
            }
         ]
      }
   ],
   "types":[
      {
         "type":"text",
         "name":"Text Value",
         "value":"This will show a Text Box"
      },
      {
         "type":"number",
         "name":"Integer Number",
         "value":"This will show a Numeric Text Box"
      },
      {
         "type":"decimal",
         "name":"Decimal Number",
         "value":"This will show an Slider with range -2.0 to +2.0"
      },
      {
         "type":"color",
         "name":"Color Value",
         "value":"This will Show a Color Picker, place the Color keys in the 'key' like this: 'x64|y64|z64|w64' <- RGBA, and the 'value' will be an Integer: '-12490271'"
      },
      {
         "type":"toggle",
         "name":"ON/OFF Switch",
         "value":"This will show a Toogle Switch"
      }
   ],
   "custom_types":[
	{ "type":"key_binding", "name":"None"			, "value": "0x8f"   },
	{ "type":"key_binding", "name":"F1"                  , "value":"no_modifiers F1"  },
      { "type":"key_binding", "name":"F2"                  , "value":"no_modifiers F2"  },
      { "type":"key_binding", "name":"F3"                  , "value":"no_modifiers F3"  },
      { "type":"key_binding", "name":"F4"                  , "value":"no_modifiers F4"  },
      { "type":"key_binding", "name":"F5"                  , "value":"no_modifiers F5"  },
      { "type":"key_binding", "name":"F6"                  , "value":"no_modifiers F6"  },
      { "type":"key_binding", "name":"F7"                  , "value":"no_modifiers F7"  },
      { "type":"key_binding", "name":"F8"                  , "value":"no_modifiers F8"  },
      { "type":"key_binding", "name":"F9"                  , "value":"no_modifiers F9"  },
      { "type":"key_binding", "name":"F10"                 , "value":"no_modifiers F10" },
      { "type":"key_binding", "name":"F12"                 , "value":"no_modifiers F12" },
      { "type":"key_binding", "name":"CTRL + F1"           , "value":"CTRL F1"          },
      { "type":"key_binding", "name":"CTRL + F2"           , "value":"CTRL F2"          },
      { "type":"key_binding", "name":"CTRL + F3"           , "value":"CTRL F3"          },
      { "type":"key_binding", "name":"CTRL + F4"           , "value":"CTRL F4"          },
      { "type":"key_binding", "name":"CTRL + F5"           , "value":"CTRL F5"          },
      { "type":"key_binding", "name":"CTRL + F6"           , "value":"CTRL F6"          },
      { "type":"key_binding", "name":"CTRL + F7"           , "value":"CTRL F7"          },
      { "type":"key_binding", "name":"CTRL + F8"           , "value":"CTRL F8"          },
      { "type":"key_binding", "name":"CTRL + F9"           , "value":"CTRL F9"          },
      { "type":"key_binding", "name":"CTRL + F10"          , "value":"CTRL F10"         },
      { "type":"key_binding", "name":"CTRL + F11"          , "value":"CTRL F11"         },
      { "type":"key_binding", "name":"CTRL + F12"          , "value":"CTRL F12"         },
      { "type":"key_binding", "name":"ALT + F1"            , "value":"ALT F1"           },
      { "type":"key_binding", "name":"ALT + F2"            , "value":"ALT F2"           },
      { "type":"key_binding", "name":"ALT + F3"            , "value":"ALT F3"           },
      { "type":"key_binding", "name":"ALT + F4"            , "value":"ALT F4"           },
      { "type":"key_binding", "name":"ALT + F5"            , "value":"ALT F5"           },
      { "type":"key_binding", "name":"ALT + F6"            , "value":"ALT F6"           },
      { "type":"key_binding", "name":"ALT + F7"            , "value":"ALT F7"           },
      { "type":"key_binding", "name":"ALT + F8"            , "value":"ALT F8"           },
      { "type":"key_binding", "name":"ALT + F9"            , "value":"ALT F9"           },
      { "type":"key_binding", "name":"ALT + F10"           , "value":"ALT F10"          },
      { "type":"key_binding", "name":"ALT + F11"           , "value":"ALT F11"          },
      { "type":"key_binding", "name":"ALT + F12"           , "value":"ALT F12"          },
    {"type": "key_binding", "name": "RCTRL + F1"           , "value": "RCTRL F1"        },
    {"type": "key_binding", "name": "RCTRL + F2"           , "value": "RCTRL F2"        },
    {"type": "key_binding", "name": "RCTRL + F3"           , "value": "RCTRL F3"        },
    {"type": "key_binding", "name": "RCTRL + F4"           , "value": "RCTRL F4"        },
    {"type": "key_binding", "name": "RCTRL + F5"           , "value": "RCTRL F5"        },
    {"type": "key_binding", "name": "RCTRL + F6"           , "value": "RCTRL F6"        },
    {"type": "key_binding", "name": "RCTRL + F7"           , "value": "RCTRL F7"        },
    {"type": "key_binding", "name": "RCTRL + F8"           , "value": "RCTRL F8"        },
    {"type": "key_binding", "name": "RCTRL + F9"           , "value": "RCTRL F9"        },
    {"type": "key_binding", "name": "RCTRL + F10"          , "value": "RCTRL F10"       },
    {"type": "key_binding", "name": "RCTRL + F11"          , "value": "RCTRL F11"       },
    {"type": "key_binding", "name": "RCTRL + F12"          , "value": "RCTRL F12"       },
    {"type": "key_binding", "name": "RCTRL + RALT + F1"    , "value": "RCTRL RALT F1"   },
    {"type": "key_binding", "name": "RCTRL + RALT + F2"    , "value": "RCTRL RALT F2"   },
    {"type": "key_binding", "name": "RCTRL + RALT + F3"    , "value": "RCTRL RALT F3"   },
    {"type": "key_binding", "name": "RCTRL + RALT + F4"    , "value": "RCTRL RALT F4"   },
    {"type": "key_binding", "name": "RCTRL + RALT + F5"    , "value": "RCTRL RALT F5"   },
    {"type": "key_binding", "name": "RCTRL + RALT + F6"    , "value": "RCTRL RALT F6"   },
    {"type": "key_binding", "name": "RCTRL + RALT + F7"    , "value": "RCTRL RALT F7"   },
    {"type": "key_binding", "name": "RCTRL + RALT + F8"    , "value": "RCTRL RALT F8"   },
    {"type": "key_binding", "name": "RCTRL + RALT + F9"    , "value": "RCTRL RALT F9"   },
    {"type": "key_binding", "name": "RCTRL + RALT + F10"   , "value": "RCTRL RALT F10"  },
    {"type": "key_binding", "name": "RCTRL + RALT + F11"   , "value": "RCTRL RALT F11"  },
    {"type": "key_binding", "name": "RCTRL + RALT + F12"   , "value": "RCTRL RALT F12"  },
    {"type": "key_binding", "name": "RALT + F1"            , "value": "RALT F1"         },
    {"type": "key_binding", "name": "RALT + F2"            , "value": "RALT F2"         },
    {"type": "key_binding", "name": "RALT + F3"            , "value": "RALT F3"         },
    {"type": "key_binding", "name": "RALT + F4"            , "value": "RALT F4"         },
    {"type": "key_binding", "name": "RALT + F5"            , "value": "RALT F5"         },
    {"type": "key_binding", "name": "RALT + F6"            , "value": "RALT F6"         },
    {"type": "key_binding", "name": "RALT + F7"            , "value": "RALT F7"         },
    {"type": "key_binding", "name": "RALT + F8"            , "value": "RALT F8"         },
    {"type": "key_binding", "name": "RALT + F9"            , "value": "RALT F9"         },
    {"type": "key_binding", "name": "RALT + F10"           , "value": "RALT F10"        },
    {"type": "key_binding", "name": "RALT + F11"           , "value": "RALT F11"        },
    {"type": "key_binding", "name": "RALT + F12"           , "value": "RALT F12"        },
      { "type":"key_binding", "name":"1"                   , "value":"no_modifiers 1"   },
      { "type":"key_binding", "name":"2"                   , "value":"no_modifiers 2"   },
      { "type":"key_binding", "name":"3"                   , "value":"no_modifiers 3"   },
      { "type":"key_binding", "name":"4"                   , "value":"no_modifiers 4"   },
      { "type":"key_binding", "name":"5"                   , "value":"no_modifiers 5"   },
      { "type":"key_binding", "name":"6"                   , "value":"no_modifiers 6"   },
      { "type":"key_binding", "name":"7"                   , "value":"no_modifiers 7"   },
      { "type":"key_binding", "name":"8"                   , "value":"no_modifiers 8"   },
      { "type":"key_binding", "name":"9"                   , "value":"no_modifiers 9"   },
      { "type":"key_binding", "name":"0"                   , "value":"no_modifiers 0"   },
      { "type":"key_binding", "name":"CTRL + 1"            , "value":"CTRL 1"           },
      { "type":"key_binding", "name":"CTRL + 2"            , "value":"CTRL 2"           },
      { "type":"key_binding", "name":"CTRL + 3"            , "value":"CTRL 3"           },
      { "type":"key_binding", "name":"CTRL + 4"            , "value":"CTRL 4"           },
      { "type":"key_binding", "name":"CTRL + 5"            , "value":"CTRL 5"           },
      { "type":"key_binding", "name":"CTRL + 6"            , "value":"CTRL 6"           },
      { "type":"key_binding", "name":"CTRL + 7"            , "value":"CTRL 7"           },
      { "type":"key_binding", "name":"CTRL + 8"            , "value":"CTRL 8"           },
      { "type":"key_binding", "name":"CTRL + 9"            , "value":"CTRL 9"           },
      { "type":"key_binding", "name":"CTRL + 0"            , "value":"CTRL 0"           },
      { "type":"key_binding", "name":"NUMPAD 1"            , "value":"NUMPAD1"          },
      { "type":"key_binding", "name":"NUMPAD 2"            , "value":"NUMPAD2"          },
      { "type":"key_binding", "name":"NUMPAD 3"            , "value":"NUMPAD3"          },
      { "type":"key_binding", "name":"NUMPAD 4"            , "value":"NUMPAD4"          },
      { "type":"key_binding", "name":"NUMPAD 5"            , "value":"NUMPAD5"          },
      { "type":"key_binding", "name":"NUMPAD 6"            , "value":"NUMPAD6"          },
      { "type":"key_binding", "name":"NUMPAD 7"            , "value":"NUMPAD7"          },
      { "type":"key_binding", "name":"NUMPAD 8"            , "value":"NUMPAD8"          },
      { "type":"key_binding", "name":"NUMPAD 9"            , "value":"NUMPAD9"          },
      { "type":"key_binding", "name":"NUMPAD 0"            , "value":"NUMPAD0"          },
      { "type":"key_binding", "name":"MOUSE LEFT"          , "value":"LBUTTON"          },
      { "type":"key_binding", "name":"MOUSE RIGHT"         , "value":"RBUTTON"          },
      { "type":"key_binding", "name":"MOUSE MIDDLE"        , "value":"MBUTTON"          },
      { "type":"key_binding", "name":"SHIFT + MOUSE LEFT"  , "value":"SHIFT LBUTTON"    },
      { "type":"key_binding", "name":"SHIFT + MOUSE RIGHT" , "value":"SHIFT RBUTTON"    },
      { "type":"key_binding", "name":"SHIFT + MOUSE MIDDLE", "value":"SHIFT MBUTTON"    },
      { "type":"key_binding", "name":"CTRL + MOUSE LEFT"   , "value":"CTRL LBUTTON"     },
      { "type":"key_binding", "name":"CTRL + MOUSE RIGHT"  , "value":"CTRL RBUTTON"     },
      { "type":"key_binding", "name":"CTRL + MOUSE MIDDLE" , "value":"CTRL MBUTTON"     }
   ]
}