[
    {
        "game":"ODYSSEY",
        "file_path":"%GAME_PATH%\\EDHM-ini\\3rdPartyMods\\NightVision.bat",
        "action":"DEL",
        "destination":""
    },
    {
        "game":"ODYSSEY",
        "file_path":"%GAME_PATH%\\EDHM-ini\\3rdPartyMods\\NightVision.ini",
        "action":"DEL",
        "destination":""
    },
    {
        "game":"ODYSSEY",
        "file_path":"%GAME_PATH%\\EDHM-ini\\3rdPartyMods\\NightVision.json",
        "action":"DEL",
        "destination":""
    },
    {
        "game":"ODYSSEY",
        "file_path":"%GAME_PATH%\\EDHM-ini\\3rdPartyMods\\NightVision.png",
        "action":"DEL",
        "destination":""
    },
    {
        "game":"ODYSSEY",
        "file_path":"%GAME_PATH%\\ShaderFixes\\da6401dabde15a29-ps.txt",
        "action":"DEL",
        "destination":""
    },
    {
        "game":"HORIZONS",
        "file_path":"C:\\Temp\\ED_Horizons_Custom.ini",
        "action":"DEL",
        "destination":""
    },
    {
        "game":"HORIZONS",
        "file_path":"C:\\Temp\\ED_Horizons_Startup-Profile.ini",
        "action":"DEL",
        "destination":""
    },
    {
        "game":"HORIZONS",
        "file_path":"C:\\Temp\\ED_Horizons_XML-Profile.ini",
        "action":"DEL",
        "destination":""
    },
    {
        "game":"ODYSSEY",
        "file_path":"C:\\Temp\\ED_Odissey_Advanced.ini",
        "action":"DEL",
        "destination":""
    },
    {
        "game":"ODYSSEY",
        "file_path":"C:\\Temp\\ED_Odissey_Startup-Profile.ini",
        "action":"DEL",
        "destination":""
    },
    {
        "game":"ODYSSEY",
        "file_path":"C:\\Temp\\ED_Odissey_XML-Profile.ini",
        "action":"DEL",
        "destination":""
    },
    {
        "game":"ODYSSEY",
        "file_path":"%UI_PATH%\\Data\\ED_Odissey_Global_Settings.json",
        "action":"DEL",
        "destination":""
    }
]