[
   {
      "game":"ODYSSEY",
      "file_path":"%GAME_PATH%\\ShaderFixes\\cf4b6740c7f9cd4b-ps.txt",
      "action":"DEL",
      "destination":""
   },
   {
      "game":"ODYSSEY",
      "file_path":"%GAME_PATH%\\ShaderFixes\\05d9140e9c40fbd6-ps.txt",
      "action":"DEL",
      "destination":""
   },
   {
      "game":"ODYSSEY",
      "file_path":"%GAME_PATH%\\ShaderFixes\\18d0630271021aea-ps.txt",
      "action":"DEL",
      "destination":""
   },
   {
      "game":"ODYSSEY",
      "file_path":"%GAME_PATH%\\ShaderFixes\\19b261d1497c18fb-ps.txt",
      "action":"DEL",
      "destination":""
   },
   {
      "game":"ODYSSEY",
      "file_path":"%GAME_PATH%\\ShaderFixes\\745e27820ef3142d-ps.txt",
      "action":"DEL",
      "destination":""
   },
   {
      "game":"ODYSSEY",
      "file_path":"%GAME_PATH%\\ShaderFixes\\4363dc4ff0e9ba7c-ps.txt",
      "action":"DEL",
      "destination":""
   },
   {
      "game":"ODYSSEY",
      "file_path":"%GAME_PATH%\\ShaderFixes\\ae8b226526f19ee0-ps.txt",
      "action":"DEL",
      "destination":""
   },
   {
      "game":"ODYSSEY",
      "file_path":"%GAME_PATH%\\ShaderFixes\\e7acc5ec72327a3f-ps.txt",
      "action":"DEL",
      "destination":""
   }
]
