[
    {
        "game":"HORIZONS",
        "file_path":"%UI_DOCS%\\HORIZ\\Themes\\Orange SideWinder",
        "action":"MVDIR",
        "destination":"%UI_DOCS%\\HORIZ\\Themes\\@Elite Default - ORANGE"
    },
    {
        "game":"ODYSSEY",
        "file_path":"%UI_DOCS%\\ODYSS\\Themes\\GREY_CYAN",
        "action":"RMDIR",
        "destination":""
    },
    {
        "game":"ODYSSEY",
        "file_path":"%UI_DOCS%\\ODYSS\\Themes\\Cyan Combat",
        "action":"RMDIR",
        "destination":""
    },
    {
        "game":"ODYSSEY",
        "file_path":"%UI_DOCS%\\ODYSS\\Themes\\EXPLO",
        "action":"RMDIR",
        "destination":""
    },
    {
        "game":"ODYSSEY",
        "file_path":"%UI_DOCS%\\ODYSS\\Themes\\GREEN_SOFT",
        "action":"RMDIR",
        "destination":""
    },
    {
        "game":"ODYSSEY",
        "file_path":"%GAME_PATH%\\ShaderFixes\\da6401dabde15a29-ps.txt",
        "action":"DEL",
        "destination":""
    },
    {
        "game":"ODYSSEY",
        "file_path":"%GAME_PATH%\\EDHM-ini\\3rdPartyMods\\CockpitLights.bat",
        "action":"DEL",
        "destination":""
    },
    {
        "game":"ODYSSEY",
        "file_path":"%GAME_PATH%\\EDHM-ini\\3rdPartyMods\\CockpitLights.ini",
        "action":"DEL",
        "destination":""
    },
    {
        "game":"ODYSSEY",
        "file_path":"%GAME_PATH%\\EDHM-ini\\3rdPartyMods\\CockpitLights.json",
        "action":"DEL",
        "destination":""
    },
    {
        "game":"ODYSSEY",
        "file_path":"%GAME_PATH%\\EDHM-ini\\3rdPartyMods\\CockpitLights.png",
        "action":"DEL",
        "destination":""
    },
    {
        "game":"ODYSSEY",
        "file_path":"%GAME_PATH%\\ShaderFixes\\322e7e0e1d1ee6d9-ps.txt",
        "action":"DEL",
        "destination":""
    },
    {
        "game":"ODYSSEY",
        "file_path":"%GAME_PATH%\\ShaderFixes\\ba35cd277913c01d-ps.txt",
        "action":"DEL",
        "destination":""
    },
    {
        "game":"ODYSSEY",
        "file_path":"%GAME_PATH%\\ShaderFixes\\0101ea2aedd0363e-ps.txt",
        "action":"DEL",
        "destination":""
    },
    {
        "game":"ODYSSEY",
        "file_path":"%GAME_PATH%\\ShaderFixes\\f4de7e68c9fbc452-ps.txt",
        "action":"DEL",
        "destination":""
    }
]