[
    {
        "game":"ODYSSEY",
        "file_path":"%GAME_PATH%\\EDHM-ini\\MyProfiles\\Deep Purple",
        "action":"RMDIR",
        "destination":""
    },
    {
        "game":"ODYSSEY",
        "file_path":"%UI_PATH%\\Data\\CockpitLights.ini",
        "action":"REPLACE",
        "destination":"%GAME_PATH%\\EDHM-ini\\3rdPartyMods\\CockpitLights.ini"
    },
    {
        "game":"ODYSSEY",
        "file_path":"%GAME_PATH%\\EDHM-ini\\3rdPartyMods\\NightVision.bat",
        "action":"DEL",
        "destination":""
    },
    {
        "game":"ODYSSEY",
        "file_path":"%GAME_PATH%\\EDHM-ini\\3rdPartyMods\\NightVision.ini",
        "action":"DEL",
        "destination":""
    },
    {
        "game":"ODYSSEY",
        "file_path":"%GAME_PATH%\\EDHM-ini\\3rdPartyMods\\NightVision.json",
        "action":"DEL",
        "destination":""
    },
    {
        "game":"ODYSSEY",
        "file_path":"%GAME_PATH%\\EDHM-ini\\3rdPartyMods\\NightVision.png",
        "action":"DEL",
        "destination":""
    },
    {
        "game":"ODYSSEY",
        "file_path":"%GAME_PATH%\\ShaderFixes\\da6401dabde15a29-ps.txt",
        "action":"DEL",
        "destination":""
    },
    {
        "game":"ODYSSEY",
        "file_path":"%UI_PATH%\\Data\\ED_Odissey_Global_Settings.json",
        "action":"DEL",
        "destination":""
    }
]